report_code,station,timestamp,value,unit,collection,source_db,source_collection
P1.OVAR.ESTE_1900-01-03T00:00:00_co,p1.ovar.este,1900-01-03 00:00:00+00:00,0.2673820646341464,mg/m³,CO,mongodb,CO
P1.OVAR.ESTE_1900-01-04T00:00:00_co,p1.ovar.este,1900-01-04 00:00:00+00:00,0.3277539548780488,mg/m³,CO,mongodb,CO
P1.OVAR.ESTE_1900-01-05T00:00:00_co,p1.ovar.este,1900-01-05 00:00:00+00:00,0.2845112414634147,mg/m³,CO,mongodb,CO
P1.OVAR.ESTE_1900-01-01T00:00:00_co,p1.ovar.este,1900-01-01 00:00:00+00:00,0.24767160731707324,mg/m³,CO,mongodb,CO
P1.OVAR.ESTE_1900-01-02T00:00:00_co,p1.ovar.este,1900-01-02 00:00:00+00:00,0.19113404634146344,mg/m³,CO,mongodb,CO
P1.OVAR.ESTE_1900-01-05T00:00:00_co,p1.ovar.este,1900-01-05 00:00:00+00:00,0.24244822780373834,mg/m³,CO,mongodb,CO
P1.OVAR.ESTE_1900-01-01T00:00:00_co,p1.ovar.este,1900-01-01 00:00:00+00:00,0.30813140537383177,mg/m³,CO,mongodb,CO
P1.OVAR.ESTE_1900-01-02T00:00:00_co,p1.ovar.este,1900-01-02 00:00:00+00:00,0.21528429672897198,mg/m³,CO,mongodb,CO
P1.OVAR.ESTE_1900-01-03T00:00:00_co,p1.ovar.este,1900-01-03 00:00:00+00:00,0.22849466224457468,mg/m³,CO,mongodb,CO
P1.OVAR.ESTE_1900-01-04T00:00:00_co,p1.ovar.este,1900-01-04 00:00:00+00:00,0.26194191939252337,mg/m³,CO,mongodb,CO
P1.OVAR.ESTE_1900-01-04T00:00:00_co,p1.ovar.este,1900-01-04 00:00:00+00:00,0.22911894087403603,mg/m³,CO,mongodb,CO
P1.OVAR.ESTE_1900-01-05T00:00:00_co,p1.ovar.este,1900-01-05 00:00:00+00:00,0.21885274550128533,mg/m³,CO,mongodb,CO
P1.OVAR.ESTE_1900-01-01T00:00:00_co,p1.ovar.este,1900-01-01 00:00:00+00:00,0.21615852956298204,mg/m³,CO,mongodb,CO
P1.OVAR.ESTE_1900-01-02T00:00:00_co,p1.ovar.este,1900-01-02 00:00:00+00:00,0.1943934910025707,mg/m³,CO,mongodb,CO
P1.OVAR.ESTE_1900-01-03T00:00:00_co,p1.ovar.este,1900-01-03 00:00:00+00:00,0.1900616143958869,mg/m³,CO,mongodb,CO
P1.OVAR.ESTE_1900-01-03T00:00:00_co,p1.ovar.este,1900-01-03 00:00:00+00:00,0.20310866413181242,mg/m³,CO,mongodb,CO
P1.OVAR.ESTE_1900-01-04T00:00:00_co,p1.ovar.este,1900-01-04 00:00:00+00:00,0.21766382889733837,mg/m³,CO,mongodb,CO
P1.OVAR.ESTE_1900-01-05T00:00:00_co,p1.ovar.este,1900-01-05 00:00:00+00:00,0.23855242205323196,mg/m³,CO,mongodb,CO
P1.OVAR.ESTE_1900-01-01T00:00:00_co,p1.ovar.este,1900-01-01 00:00:00+00:00,0.21039709885931562,mg/m³,CO,mongodb,CO
P1.OVAR.ESTE_1900-01-02T00:00:00_co,p1.ovar.este,1900-01-02 00:00:00+00:00,0.2664342661596958,mg/m³,CO,mongodb,CO
P1.OVAR.ESTE_1900-01-06T00:00:00_co,p1.ovar.este,1900-01-06 00:00:00+00:00,0.23520377195121955,mg/m³,CO,mongodb,CO
P1.OVAR.ESTE_1899-12-31T00:00:00_co,p1.ovar.este,1899-12-31 00:00:00+00:00,0.3514115158536586,mg/m³,CO,mongodb,CO
P1.OVAR.ESTE_1900-01-06T00:00:00_co,p1.ovar.este,1900-01-06 00:00:00+00:00,0.3053826028037383,mg/m³,CO,mongodb,CO
P1.OVAR.ESTE_1899-12-31T00:00:00_co,p1.ovar.este,1899-12-31 00:00:00+00:00,0.3673326904205607,mg/m³,CO,mongodb,CO
P1.OVAR.ESTE_1900-01-06T00:00:00_co,p1.ovar.este,1900-01-06 00:00:00+00:00,0.21121913367609257,mg/m³,CO,mongodb,CO
P1.OVAR.ESTE_1899-12-31T00:00:00_co,p1.ovar.este,1899-12-31 00:00:00+00:00,0.20060075321336765,mg/m³,CO,mongodb,CO
P1.OVAR.ESTE_1900-01-06T00:00:00_co,p1.ovar.este,1900-01-06 00:00:00+00:00,0.2697290380228137,mg/m³,CO,mongodb,CO
P1.OVAR.ESTE_1899-12-31T00:00:00_co,p1.ovar.este,1899-12-31 00:00:00+00:00,0.32702941825095055,mg/m³,CO,mongodb,CO
P1.OVAR.ESTE_1900-01-01T00:00:00_co,p1.ovar.este,1900-01-01 00:00:00+00:00,0.13333333333333336,mg/m³,CO,mongodb,CO
P1.PQ.NAÇOES_1900-01-01T00:00:00_co,p1.pq.naçoes,1900-01-01 00:00:00+00:00,0.6159333333333333,mg/m³,CO,mongodb,CO
P1.SJVER.ESTE_1900-01-03T00:00:00_co,p1.sjver.este,1900-01-03 00:00:00+00:00,0.25141674730538927,mg/m³,CO,mongodb,CO
P1.SJVER.ESTE_1900-01-04T00:00:00_co,p1.sjver.este,1900-01-04 00:00:00+00:00,0.25935635808383234,mg/m³,CO,mongodb,CO
P1.SJVER.ESTE_1900-01-05T00:00:00_co,p1.sjver.este,1900-01-05 00:00:00+00:00,0.20105060958083837,mg/m³,CO,mongodb,CO
P1.SJVER.ESTE_1900-01-01T00:00:00_co,p1.sjver.este,1900-01-01 00:00:00+00:00,0.1735323610778443,mg/m³,CO,mongodb,CO
P1.SJVER.ESTE_1900-01-02T00:00:00_co,p1.sjver.este,1900-01-02 00:00:00+00:00,0.22066759341317368,mg/m³,CO,mongodb,CO
P1.SJVER.ESTE_1900-01-02T00:00:00_co,p1.sjver.este,1900-01-02 00:00:00+00:00,0.36972282305795323,mg/m³,CO,mongodb,CO
P1.SJVER.ESTE_1900-01-03T00:00:00_co,p1.sjver.este,1900-01-03 00:00:00+00:00,0.39123484525277447,mg/m³,CO,mongodb,CO
P1.SJVER.ESTE_1900-01-04T00:00:00_co,p1.sjver.este,1900-01-04 00:00:00+00:00,0.3552971140567202,mg/m³,CO,mongodb,CO
P1.SJVER.ESTE_1900-01-05T00:00:00_co,p1.sjver.este,1900-01-05 00:00:00+00:00,0.3775557299630087,mg/m³,CO,mongodb,CO
P1.SJVER.ESTE_1900-01-01T00:00:00_co,p1.sjver.este,1900-01-01 00:00:00+00:00,0.24962246855733666,mg/m³,CO,mongodb,CO
P1.SJVER.ESTE_1900-01-05T00:00:00_co,p1.sjver.este,1900-01-05 00:00:00+00:00,0.196863342039801,mg/m³,CO,mongodb,CO
P1.SJVER.ESTE_1900-01-01T00:00:00_co,p1.sjver.este,1900-01-01 00:00:00+00:00,0.1836395236318408,mg/m³,CO,mongodb,CO
P1.SJVER.ESTE_1900-01-02T00:00:00_co,p1.sjver.este,1900-01-02 00:00:00+00:00,0.17087522014925374,mg/m³,CO,mongodb,CO
P1.SJVER.ESTE_1900-01-03T00:00:00_co,p1.sjver.este,1900-01-03 00:00:00+00:00,0.21363563681592038,mg/m³,CO,mongodb,CO
P1.SJVER.ESTE_1900-01-04T00:00:00_co,p1.sjver.este,1900-01-04 00:00:00+00:00,0.1875964577114428,mg/m³,CO,mongodb,CO
P1.SJVER.ESTE_1900-01-03T00:00:00_co,p1.sjver.este,1900-01-03 00:00:00+00:00,0.29033367200986443,mg/m³,CO,mongodb,CO
P1.SJVER.ESTE_1900-01-04T00:00:00_co,p1.sjver.este,1900-01-04 00:00:00+00:00,0.2711207074158887,mg/m³,CO,mongodb,CO
P1.SJVER.ESTE_1900-01-05T00:00:00_co,p1.sjver.este,1900-01-05 00:00:00+00:00,0.2437817607891492,mg/m³,CO,mongodb,CO
P1.SJVER.ESTE_1900-01-01T00:00:00_co,p1.sjver.este,1900-01-01 00:00:00+00:00,0.21441431319358817,mg/m³,CO,mongodb,CO
P1.SJVER.ESTE_1900-01-02T00:00:00_co,p1.sjver.este,1900-01-02 00:00:00+00:00,0.23776992355117144,mg/m³,CO,mongodb,CO
P1.SJVER.ESTE_1900-01-01T00:00:00_co,p1.sjver.este,1900-01-01 00:00:00+00:00,0.6377859075000001,mg/m³,CO,mongodb,CO
P1.SJVER.ESTE_1900-01-02T00:00:00_co,p1.sjver.este,1900-01-02 00:00:00+00:00,0.8400381575,mg/m³,CO,mongodb,CO
P1.SJVER.ESTE_1900-01-03T00:00:00_co,p1.sjver.este,1900-01-03 00:00:00+00:00,0.8313195012499999,mg/m³,CO,mongodb,CO
P1.SJVER.ESTE_1900-01-04T00:00:00_co,p1.sjver.este,1900-01-04 00:00:00+00:00,0.42246853250000005,mg/m³,CO,mongodb,CO
P1.SJVER.ESTE_1900-01-05T00:00:00_co,p1.sjver.este,1900-01-05 00:00:00+00:00,0.43105859499999993,mg/m³,CO,mongodb,CO
P1.SJVER.ESTE_1900-01-02T00:00:00_co,p1.sjver.este,1900-01-02 00:00:00+00:00,0.24408233229036294,mg/m³,CO,mongodb,CO
P1.SJVER.ESTE_1900-01-03T00:00:00_co,p1.sjver.este,1900-01-03 00:00:00+00:00,0.2818460838548185,mg/m³,CO,mongodb,CO
P1.SJVER.ESTE_1900-01-04T00:00:00_co,p1.sjver.este,1900-01-04 00:00:00+00:00,0.2092799386733417,mg/m³,CO,mongodb,CO
P1.SJVER.ESTE_1900-01-05T00:00:00_co,p1.sjver.este,1900-01-05 00:00:00+00:00,0.2588247446808511,mg/m³,CO,mongodb,CO
P1.SJVER.ESTE_1900-01-01T00:00:00_co,p1.sjver.este,1900-01-01 00:00:00+00:00,0.33587155319148937,mg/m³,CO,mongodb,CO
P1.SJVER.ESTE_1900-01-05T00:00:00_co,p1.sjver.este,1900-01-05 00:00:00+00:00,0.2475,mg/m³,CO,mongodb,CO
P1.SJVER.ESTE_1900-01-01T00:00:00_co,p1.sjver.este,1900-01-01 00:00:00+00:00,0.345,mg/m³,CO,mongodb,CO
P1.SJVER.ESTE_1900-01-02T00:00:00_co,p1.sjver.este,1900-01-02 00:00:00+00:00,0.405,mg/m³,CO,mongodb,CO
P1.SJVER.ESTE_1900-01-03T00:00:00_co,p1.sjver.este,1900-01-03 00:00:00+00:00,0.40124999999999994,mg/m³,CO,mongodb,CO
P1.SJVER.ESTE_1900-01-04T00:00:00_co,p1.sjver.este,1900-01-04 00:00:00+00:00,0.68625,mg/m³,CO,mongodb,CO
P1.SJVER.ESTE_1900-01-03T00:00:00_co,p1.sjver.este,1900-01-03 00:00:00+00:00,0.4703642542955325,mg/m³,CO,mongodb,CO
P1.SJVER.ESTE_1900-01-04T00:00:00_co,p1.sjver.este,1900-01-04 00:00:00+00:00,0.47066654524627716,mg/m³,CO,mongodb,CO
P1.SJVER.ESTE_1900-01-05T00:00:00_co,p1.sjver.este,1900-01-05 00:00:00+00:00,0.37263126460481094,mg/m³,CO,mongodb,CO
P1.SJVER.ESTE_1900-01-01T00:00:00_co,p1.sjver.este,1900-01-01 00:00:00+00:00,0.4811885956471935,mg/m³,CO,mongodb,CO
P1.SJVER.ESTE_1900-01-02T00:00:00_co,p1.sjver.este,1900-01-02 00:00:00+00:00,0.43456602978235964,mg/m³,CO,mongodb,CO
P1.SJVER.ESTE_1900-01-05T00:00:00_co,p1.sjver.este,1900-01-05 00:00:00+00:00,0.48499999999999993,mg/m³,CO,mongodb,CO
P1.SJVER.ESTE_1900-01-06T00:00:00_co,p1.sjver.este,1900-01-06 00:00:00+00:00,0.1984450407185629,mg/m³,CO,mongodb,CO
P1.SJVER.ESTE_1899-12-31T00:00:00_co,p1.sjver.este,1899-12-31 00:00:00+00:00,0.17150444191616765,mg/m³,CO,mongodb,CO
P1.SJVER.ESTE_1900-01-06T00:00:00_co,p1.sjver.este,1900-01-06 00:00:00+00:00,0.44536921639950683,mg/m³,CO,mongodb,CO
P1.SJVER.ESTE_1899-12-31T00:00:00_co,p1.sjver.este,1899-12-31 00:00:00+00:00,0.27809426263871767,mg/m³,CO,mongodb,CO
P1.SJVER.ESTE_1900-01-06T00:00:00_co,p1.sjver.este,1900-01-06 00:00:00+00:00,0.2145674309701493,mg/m³,CO,mongodb,CO
P1.SJVER.ESTE_1899-12-31T00:00:00_co,p1.sjver.este,1899-12-31 00:00:00+00:00,0.21592044713930347,mg/m³,CO,mongodb,CO
P1.SJVER.ESTE_1900-01-06T00:00:00_co,p1.sjver.este,1900-01-06 00:00:00+00:00,0.2624335487053021,mg/m³,CO,mongodb,CO
P1.SJVER.ESTE_1899-12-31T00:00:00_co,p1.sjver.este,1899-12-31 00:00:00+00:00,0.29231665598027123,mg/m³,CO,mongodb,CO
P1.SJVER.ESTE_1900-01-06T00:00:00_co,p1.sjver.este,1900-01-06 00:00:00+00:00,0.30602689187500004,mg/m³,CO,mongodb,CO
P1.SJVER.ESTE_1899-12-31T00:00:00_co,p1.sjver.este,1899-12-31 00:00:00+00:00,0.22139934500000003,mg/m³,CO,mongodb,CO
P1.SJVER.ESTE_1900-01-06T00:00:00_co,p1.sjver.este,1900-01-06 00:00:00+00:00,0.2861078642052566,mg/m³,CO,mongodb,CO
P1.SJVER.ESTE_1899-12-31T00:00:00_co,p1.sjver.este,1899-12-31 00:00:00+00:00,0.32545529849812266,mg/m³,CO,mongodb,CO
P1.SJVER.ESTE_1900-01-06T00:00:00_co,p1.sjver.este,1900-01-06 00:00:00+00:00,0.29750000000000004,mg/m³,CO,mongodb,CO
P1.SJVER.ESTE_1899-12-31T00:00:00_co,p1.sjver.este,1899-12-31 00:00:00+00:00,0.29750000000000004,mg/m³,CO,mongodb,CO
P1.SJVER.ESTE_1900-01-06T00:00:00_co,p1.sjver.este,1900-01-06 00:00:00+00:00,0.5833978167239403,mg/m³,CO,mongodb,CO
P1.SJVER.ESTE_1899-12-31T00:00:00_co,p1.sjver.este,1899-12-31 00:00:00+00:00,0.6075345864833905,mg/m³,CO,mongodb,CO
P1.SJVER.ESTE_1900-01-06T00:00:00_co,p1.sjver.este,1900-01-06 00:00:00+00:00,0.66875,mg/m³,CO,mongodb,CO
P1.SJVER.ESTE_1900-01-06T00:00:00_co,p1.sjver.este,1900-01-06 00:00:00+00:00,0.375,mg/m³,CO,mongodb,CO
P1.SJVER.ESTE_1899-12-31T00:00:00_co,p1.sjver.este,1899-12-31 00:00:00+00:00,0.3875,mg/m³,CO,mongodb,CO
P1.SJVER.ESTE_1900-01-01T00:00:00_co,p1.sjver.este,1900-01-01 00:00:00+00:00,0.26666666666666666,mg/m³,CO,mongodb,CO
P1.GRIJO.ESTE_1900-01-01T00:00:00_co,p1.grijo.este,1900-01-01 00:00:00+00:00,0.43793333333333334,mg/m³,CO,mongodb,CO
P1.ASANTAS.ESTE_1900-01-05T00:00:00_co,p1.asantas.este,1900-01-05 00:00:00+00:00,0.599666,mg/m³,CO,mongodb,CO
P1.ASANTAS.ESTE_1900-01-01T00:00:00_co,p1.asantas.este,1900-01-01 00:00:00+00:00,0.8951325000000001,mg/m³,CO,mongodb,CO
P1.ASANTAS.ESTE_1900-01-02T00:00:00_co,p1.asantas.este,1900-01-02 00:00:00+00:00,1.0872585,mg/m³,CO,mongodb,CO
P1.ASANTAS.ESTE_1900-01-03T00:00:00_co,p1.asantas.este,1900-01-03 00:00:00+00:00,0.3624195000000001,mg/m³,CO,mongodb,CO
P1.ASANTAS.ESTE_1900-01-04T00:00:00_co,p1.asantas.este,1900-01-04 00:00:00+00:00,0.2809115,mg/m³,CO,mongodb,CO
P1.ASANTAS.ESTE_1900-01-01T00:00:00_co,p1.asantas.este,1900-01-01 00:00:00+00:00,0.26001425578611337,mg/m³,CO,mongodb,CO
P1.ASANTAS.ESTE_1900-01-02T00:00:00_co,p1.asantas.este,1900-01-02 00:00:00+00:00,0.3145451444206212,mg/m³,CO,mongodb,CO
P1.ASANTAS.ESTE_1900-01-03T00:00:00_co,p1.asantas.este,1900-01-03 00:00:00+00:00,0.3878599495933096,mg/m³,CO,mongodb,CO
P1.ASANTAS.ESTE_1900-01-04T00:00:00_co,p1.asantas.este,1900-01-04 00:00:00+00:00,0.40218809229551045,mg/m³,CO,mongodb,CO
P1.ASANTAS.ESTE_1900-01-05T00:00:00_co,p1.asantas.este,1900-01-05 00:00:00+00:00,0.5033147970341992,mg/m³,CO,mongodb,CO
P1.ASANTAS.ESTE_1900-01-02T00:00:00_co,p1.asantas.este,1900-01-02 00:00:00+00:00,0.3071105,mg/m³,CO,mongodb,CO
P1.ASANTAS.ESTE_1900-01-03T00:00:00_co,p1.asantas.este,1900-01-03 00:00:00+00:00,0.343498,mg/m³,CO,mongodb,CO
P1.ASANTAS.ESTE_1900-01-04T00:00:00_co,p1.asantas.este,1900-01-04 00:00:00+00:00,0.206681,mg/m³,CO,mongodb,CO
P1.ASANTAS.ESTE_1900-01-05T00:00:00_co,p1.asantas.este,1900-01-05 00:00:00+00:00,0.22414700000000004,mg/m³,CO,mongodb,CO
P1.ASANTAS.ESTE_1900-01-01T00:00:00_co,p1.asantas.este,1900-01-01 00:00:00+00:00,0.098974,mg/m³,CO,mongodb,CO
P1.ASANTAS.ESTE_1900-01-02T00:00:00_co,p1.asantas.este,1900-01-02 00:00:00+00:00,1.0751325,mg/m³,CO,mongodb,CO
P1.ASANTAS.ESTE_1900-01-03T00:00:00_co,p1.asantas.este,1900-01-03 00:00:00+00:00,0.9225450000000001,mg/m³,CO,mongodb,CO
P1.ASANTAS.ESTE_1900-01-04T00:00:00_co,p1.asantas.este,1900-01-04 00:00:00+00:00,0.991495,mg/m³,CO,mongodb,CO
P1.ASANTAS.ESTE_1900-01-05T00:00:00_co,p1.asantas.este,1900-01-05 00:00:00+00:00,1.0048075,mg/m³,CO,mongodb,CO
P1.ASANTAS.ESTE_1900-01-01T00:00:00_co,p1.asantas.este,1900-01-01 00:00:00+00:00,0.9469950000000001,mg/m³,CO,mongodb,CO
P1.ASANTAS.ESTE_1900-01-05T00:00:00_co,p1.asantas.este,1900-01-05 00:00:00+00:00,0.23211428571428572,mg/m³,CO,mongodb,CO
P1.ASANTAS.ESTE_1900-01-01T00:00:00_co,p1.asantas.este,1900-01-01 00:00:00+00:00,0.2502375,mg/m³,CO,mongodb,CO
P1.ASANTAS.ESTE_1900-01-02T00:00:00_co,p1.asantas.este,1900-01-02 00:00:00+00:00,0.2630857142857143,mg/m³,CO,mongodb,CO
P1.ASANTAS.ESTE_1900-01-04T00:00:00_co,p1.asantas.este,1900-01-04 00:00:00+00:00,0.3768,mg/m³,CO,mongodb,CO
P1.ASANTAS.ESTE_1900-01-05T00:00:00_co,p1.asantas.este,1900-01-05 00:00:00+00:00,0.3498625,mg/m³,CO,mongodb,CO
P1.ASANTAS.ESTE_1900-01-01T00:00:00_co,p1.asantas.este,1900-01-01 00:00:00+00:00,0.4303285714285714,mg/m³,CO,mongodb,CO
P1.ASANTAS.ESTE_1900-01-02T00:00:00_co,p1.asantas.este,1900-01-02 00:00:00+00:00,0.3978875,mg/m³,CO,mongodb,CO
P1.ASANTAS.ESTE_1900-01-03T00:00:00_co,p1.asantas.este,1900-01-03 00:00:00+00:00,0.48357500000000003,mg/m³,CO,mongodb,CO
P1.ASANTAS.ESTE_1900-01-04T00:00:00_co,p1.asantas.este,1900-01-04 00:00:00+00:00,0.5097875000000001,mg/m³,CO,mongodb,CO
P1.ASANTAS.ESTE_1900-01-05T00:00:00_co,p1.asantas.este,1900-01-05 00:00:00+00:00,0.49221249999999994,mg/m³,CO,mongodb,CO
P1.ASANTAS.ESTE_1900-01-02T00:00:00_co,p1.asantas.este,1900-01-02 00:00:00+00:00,0.5919033333333333,mg/m³,CO,mongodb,CO
P1.ASANTAS.ESTE_1900-01-03T00:00:00_co,p1.asantas.este,1900-01-03 00:00:00+00:00,0.33039850000000004,mg/m³,CO,mongodb,CO
P1.ASANTAS.ESTE_1900-01-04T00:00:00_co,p1.asantas.este,1900-01-04 00:00:00+00:00,0.637509,mg/m³,CO,mongodb,CO
P1.ASANTAS.ESTE_1900-01-05T00:00:00_co,p1.asantas.este,1900-01-05 00:00:00+00:00,0.6535195,mg/m³,CO,mongodb,CO
P1.ASANTAS.ESTE_1900-01-01T00:00:00_co,p1.asantas.este,1900-01-01 00:00:00+00:00,0.4439275,mg/m³,CO,mongodb,CO
P1.ASANTAS.ESTE_1900-01-01T00:00:00_co,p1.asantas.este,1900-01-01 00:00:00+00:00,0.8549875000000001,mg/m³,CO,mongodb,CO
P1.ASANTAS.ESTE_1900-01-02T00:00:00_co,p1.asantas.este,1900-01-02 00:00:00+00:00,0.5045124999999999,mg/m³,CO,mongodb,CO
P1.ASANTAS.ESTE_1900-01-03T00:00:00_co,p1.asantas.este,1900-01-03 00:00:00+00:00,0.5292375,mg/m³,CO,mongodb,CO
P1.ASANTAS.ESTE_1900-01-04T00:00:00_co,p1.asantas.este,1900-01-04 00:00:00+00:00,0.29860000000000003,mg/m³,CO,mongodb,CO
P1.ASANTAS.ESTE_1900-01-05T00:00:00_co,p1.asantas.este,1900-01-05 00:00:00+00:00,0.339075,mg/m³,CO,mongodb,CO
P1.ASANTAS.ESTE_1900-01-06T00:00:00_co,p1.asantas.este,1900-01-06 00:00:00+00:00,0.6942735,mg/m³,CO,mongodb,CO
P1.ASANTAS.ESTE_1899-12-31T00:00:00_co,p1.asantas.este,1899-12-31 00:00:00+00:00,0.9140540000000001,mg/m³,CO,mongodb,CO
P1.ASANTAS.ESTE_1900-01-06T00:00:00_co,p1.asantas.este,1900-01-06 00:00:00+00:00,0.3460723224325338,mg/m³,CO,mongodb,CO
P1.ASANTAS.ESTE_1899-12-31T00:00:00_co,p1.asantas.este,1899-12-31 00:00:00+00:00,0.428400304775135,mg/m³,CO,mongodb,CO
P1.ASANTAS.ESTE_1900-01-06T00:00:00_co,p1.asantas.este,1900-01-06 00:00:00+00:00,0.359241638410993,mg/m³,CO,mongodb,CO
P1.ASANTAS.ESTE_1899-12-31T00:00:00_co,p1.asantas.este,1899-12-31 00:00:00+00:00,0.266279956895569,mg/m³,CO,mongodb,CO
P1.ASANTAS.ESTE_1900-01-06T00:00:00_co,p1.asantas.este,1900-01-06 00:00:00+00:00,0.25907900000000006,mg/m³,CO,mongodb,CO
P1.ASANTAS.ESTE_1899-12-31T00:00:00_co,p1.asantas.este,1899-12-31 00:00:00+00:00,0.218325,mg/m³,CO,mongodb,CO
P1.ASANTAS.ESTE_1900-01-06T00:00:00_co,p1.asantas.este,1900-01-06 00:00:00+00:00,0.9752075000000002,mg/m³,CO,mongodb,CO
P1.ASANTAS.ESTE_1899-12-31T00:00:00_co,p1.asantas.este,1899-12-31 00:00:00+00:00,0.9520075000000001,mg/m³,CO,mongodb,CO
P1.ASANTAS.ESTE_1900-01-06T00:00:00_co,p1.asantas.este,1900-01-06 00:00:00+00:00,0.23778571428571427,mg/m³,CO,mongodb,CO
P1.ASANTAS.ESTE_1899-12-31T00:00:00_co,p1.asantas.este,1899-12-31 00:00:00+00:00,0.28645000000000004,mg/m³,CO,mongodb,CO
P1.ASANTAS.ESTE_1900-01-06T00:00:00_co,p1.asantas.este,1900-01-06 00:00:00+00:00,0.29622857142857145,mg/m³,CO,mongodb,CO
P1.ASANTAS.ESTE_1899-12-31T00:00:00_co,p1.asantas.este,1899-12-31 00:00:00+00:00,0.34794285714285716,mg/m³,CO,mongodb,CO
P1.ASANTAS.ESTE_1900-01-06T00:00:00_co,p1.asantas.este,1900-01-06 00:00:00+00:00,0.2682375,mg/m³,CO,mongodb,CO
P1.ASANTAS.ESTE_1899-12-31T00:00:00_co,p1.asantas.este,1899-12-31 00:00:00+00:00,0.30722499999999997,mg/m³,CO,mongodb,CO
P1.ASANTAS.ESTE_1900-01-06T00:00:00_co,p1.asantas.este,1900-01-06 00:00:00+00:00,0.36532499999999996,mg/m³,CO,mongodb,CO
P1.ASANTAS.ESTE_1899-12-31T00:00:00_co,p1.asantas.este,1899-12-31 00:00:00+00:00,0.3975375,mg/m³,CO,mongodb,CO
P1.ASANTAS.ESTE_1900-01-06T00:00:00_co,p1.asantas.este,1900-01-06 00:00:00+00:00,0.36241950000000006,mg/m³,CO,mongodb,CO
P1.ASANTAS.ESTE_1899-12-31T00:00:00_co,p1.asantas.este,1899-12-31 00:00:00+00:00,0.40754,mg/m³,CO,mongodb,CO
P1.ASANTAS.ESTE_1900-01-06T00:00:00_co,p1.asantas.este,1900-01-06 00:00:00+00:00,0.176025,mg/m³,CO,mongodb,CO
P1.ASANTAS.ESTE_1899-12-31T00:00:00_co,p1.asantas.este,1899-12-31 00:00:00+00:00,0.7226625,mg/m³,CO,mongodb,CO
P1.OVAR.ESTE_1900-01-03T00:00:00_co,p1.ovar.este,1900-01-03 00:00:00+00:00,0.2673820646341464,mg/m³,CO,mongodb,CO
P1.OVAR.ESTE_1900-01-04T00:00:00_co,p1.ovar.este,1900-01-04 00:00:00+00:00,0.3277539548780488,mg/m³,CO,mongodb,CO
P1.OVAR.ESTE_1900-01-05T00:00:00_co,p1.ovar.este,1900-01-05 00:00:00+00:00,0.2845112414634147,mg/m³,CO,mongodb,CO
P1.OVAR.ESTE_1900-01-01T00:00:00_co,p1.ovar.este,1900-01-01 00:00:00+00:00,0.24767160731707324,mg/m³,CO,mongodb,CO
P1.OVAR.ESTE_1900-01-02T00:00:00_co,p1.ovar.este,1900-01-02 00:00:00+00:00,0.19113404634146344,mg/m³,CO,mongodb,CO
P1.OVAR.ESTE_1900-01-05T00:00:00_co,p1.ovar.este,1900-01-05 00:00:00+00:00,0.24244822780373834,mg/m³,CO,mongodb,CO
P1.OVAR.ESTE_1900-01-01T00:00:00_co,p1.ovar.este,1900-01-01 00:00:00+00:00,0.30813140537383177,mg/m³,CO,mongodb,CO
P1.OVAR.ESTE_1900-01-02T00:00:00_co,p1.ovar.este,1900-01-02 00:00:00+00:00,0.21528429672897198,mg/m³,CO,mongodb,CO
P1.OVAR.ESTE_1900-01-03T00:00:00_co,p1.ovar.este,1900-01-03 00:00:00+00:00,0.22849466224457468,mg/m³,CO,mongodb,CO
P1.OVAR.ESTE_1900-01-04T00:00:00_co,p1.ovar.este,1900-01-04 00:00:00+00:00,0.26194191939252337,mg/m³,CO,mongodb,CO
P1.OVAR.ESTE_1900-01-04T00:00:00_co,p1.ovar.este,1900-01-04 00:00:00+00:00,0.22911894087403603,mg/m³,CO,mongodb,CO
P1.OVAR.ESTE_1900-01-05T00:00:00_co,p1.ovar.este,1900-01-05 00:00:00+00:00,0.21885274550128533,mg/m³,CO,mongodb,CO
P1.OVAR.ESTE_1900-01-01T00:00:00_co,p1.ovar.este,1900-01-01 00:00:00+00:00,0.21615852956298204,mg/m³,CO,mongodb,CO
P1.OVAR.ESTE_1900-01-02T00:00:00_co,p1.ovar.este,1900-01-02 00:00:00+00:00,0.1943934910025707,mg/m³,CO,mongodb,CO
P1.OVAR.ESTE_1900-01-03T00:00:00_co,p1.ovar.este,1900-01-03 00:00:00+00:00,0.1900616143958869,mg/m³,CO,mongodb,CO
P1.OVAR.ESTE_1900-01-03T00:00:00_co,p1.ovar.este,1900-01-03 00:00:00+00:00,0.20310866413181242,mg/m³,CO,mongodb,CO
P1.OVAR.ESTE_1900-01-04T00:00:00_co,p1.ovar.este,1900-01-04 00:00:00+00:00,0.21766382889733837,mg/m³,CO,mongodb,CO
P1.OVAR.ESTE_1900-01-05T00:00:00_co,p1.ovar.este,1900-01-05 00:00:00+00:00,0.23855242205323196,mg/m³,CO,mongodb,CO
P1.OVAR.ESTE_1900-01-01T00:00:00_co,p1.ovar.este,1900-01-01 00:00:00+00:00,0.21039709885931562,mg/m³,CO,mongodb,CO
P1.OVAR.ESTE_1900-01-02T00:00:00_co,p1.ovar.este,1900-01-02 00:00:00+00:00,0.2664342661596958,mg/m³,CO,mongodb,CO
P1.OVAR.ESTE_1900-01-06T00:00:00_co,p1.ovar.este,1900-01-06 00:00:00+00:00,0.23520377195121955,mg/m³,CO,mongodb,CO
P1.OVAR.ESTE_1899-12-31T00:00:00_co,p1.ovar.este,1899-12-31 00:00:00+00:00,0.3514115158536586,mg/m³,CO,mongodb,CO
P1.OVAR.ESTE_1900-01-06T00:00:00_co,p1.ovar.este,1900-01-06 00:00:00+00:00,0.3053826028037383,mg/m³,CO,mongodb,CO
P1.OVAR.ESTE_1899-12-31T00:00:00_co,p1.ovar.este,1899-12-31 00:00:00+00:00,0.3673326904205607,mg/m³,CO,mongodb,CO
P1.OVAR.ESTE_1900-01-06T00:00:00_co,p1.ovar.este,1900-01-06 00:00:00+00:00,0.21121913367609257,mg/m³,CO,mongodb,CO
P1.OVAR.ESTE_1899-12-31T00:00:00_co,p1.ovar.este,1899-12-31 00:00:00+00:00,0.20060075321336765,mg/m³,CO,mongodb,CO
P1.OVAR.ESTE_1900-01-06T00:00:00_co,p1.ovar.este,1900-01-06 00:00:00+00:00,0.2697290380228137,mg/m³,CO,mongodb,CO
P1.OVAR.ESTE_1899-12-31T00:00:00_co,p1.ovar.este,1899-12-31 00:00:00+00:00,0.32702941825095055,mg/m³,CO,mongodb,CO
P1.OVAR.ESTE_1900-01-01T00:00:00_co,p1.ovar.este,1900-01-01 00:00:00+00:00,0.13333333333333336,mg/m³,CO,mongodb,CO
P1.PQ.NAÇOES_1900-01-01T00:00:00_co,p1.pq.naçoes,1900-01-01 00:00:00+00:00,0.6159333333333333,mg/m³,CO,mongodb,CO
P1.SJVER.ESTE_1900-01-03T00:00:00_co,p1.sjver.este,1900-01-03 00:00:00+00:00,0.25141674730538927,mg/m³,CO,mongodb,CO
P1.SJVER.ESTE_1900-01-04T00:00:00_co,p1.sjver.este,1900-01-04 00:00:00+00:00,0.25935635808383234,mg/m³,CO,mongodb,CO
P1.SJVER.ESTE_1900-01-05T00:00:00_co,p1.sjver.este,1900-01-05 00:00:00+00:00,0.20105060958083837,mg/m³,CO,mongodb,CO
P1.SJVER.ESTE_1900-01-01T00:00:00_co,p1.sjver.este,1900-01-01 00:00:00+00:00,0.1735323610778443,mg/m³,CO,mongodb,CO
P1.SJVER.ESTE_1900-01-02T00:00:00_co,p1.sjver.este,1900-01-02 00:00:00+00:00,0.22066759341317368,mg/m³,CO,mongodb,CO
P1.SJVER.ESTE_1900-01-02T00:00:00_co,p1.sjver.este,1900-01-02 00:00:00+00:00,0.36972282305795323,mg/m³,CO,mongodb,CO
P1.SJVER.ESTE_1900-01-03T00:00:00_co,p1.sjver.este,1900-01-03 00:00:00+00:00,0.39123484525277447,mg/m³,CO,mongodb,CO
P1.SJVER.ESTE_1900-01-04T00:00:00_co,p1.sjver.este,1900-01-04 00:00:00+00:00,0.3552971140567202,mg/m³,CO,mongodb,CO
P1.SJVER.ESTE_1900-01-05T00:00:00_co,p1.sjver.este,1900-01-05 00:00:00+00:00,0.3775557299630087,mg/m³,CO,mongodb,CO
P1.SJVER.ESTE_1900-01-01T00:00:00_co,p1.sjver.este,1900-01-01 00:00:00+00:00,0.24962246855733666,mg/m³,CO,mongodb,CO
P1.SJVER.ESTE_1900-01-05T00:00:00_co,p1.sjver.este,1900-01-05 00:00:00+00:00,0.196863342039801,mg/m³,CO,mongodb,CO
P1.SJVER.ESTE_1900-01-01T00:00:00_co,p1.sjver.este,1900-01-01 00:00:00+00:00,0.1836395236318408,mg/m³,CO,mongodb,CO
P1.SJVER.ESTE_1900-01-02T00:00:00_co,p1.sjver.este,1900-01-02 00:00:00+00:00,0.17087522014925374,mg/m³,CO,mongodb,CO
P1.SJVER.ESTE_1900-01-03T00:00:00_co,p1.sjver.este,1900-01-03 00:00:00+00:00,0.21363563681592038,mg/m³,CO,mongodb,CO
P1.SJVER.ESTE_1900-01-04T00:00:00_co,p1.sjver.este,1900-01-04 00:00:00+00:00,0.1875964577114428,mg/m³,CO,mongodb,CO
P1.SJVER.ESTE_1900-01-03T00:00:00_co,p1.sjver.este,1900-01-03 00:00:00+00:00,0.29033367200986443,mg/m³,CO,mongodb,CO
P1.SJVER.ESTE_1900-01-04T00:00:00_co,p1.sjver.este,1900-01-04 00:00:00+00:00,0.2711207074158887,mg/m³,CO,mongodb,CO
P1.SJVER.ESTE_1900-01-05T00:00:00_co,p1.sjver.este,1900-01-05 00:00:00+00:00,0.2437817607891492,mg/m³,CO,mongodb,CO
P1.SJVER.ESTE_1900-01-01T00:00:00_co,p1.sjver.este,1900-01-01 00:00:00+00:00,0.21441431319358817,mg/m³,CO,mongodb,CO
P1.SJVER.ESTE_1900-01-02T00:00:00_co,p1.sjver.este,1900-01-02 00:00:00+00:00,0.23776992355117144,mg/m³,CO,mongodb,CO
P1.SJVER.ESTE_1900-01-01T00:00:00_co,p1.sjver.este,1900-01-01 00:00:00+00:00,0.6377859075000001,mg/m³,CO,mongodb,CO
P1.SJVER.ESTE_1900-01-02T00:00:00_co,p1.sjver.este,1900-01-02 00:00:00+00:00,0.8400381575,mg/m³,CO,mongodb,CO
P1.SJVER.ESTE_1900-01-03T00:00:00_co,p1.sjver.este,1900-01-03 00:00:00+00:00,0.8313195012499999,mg/m³,CO,mongodb,CO
P1.SJVER.ESTE_1900-01-04T00:00:00_co,p1.sjver.este,1900-01-04 00:00:00+00:00,0.42246853250000005,mg/m³,CO,mongodb,CO
P1.SJVER.ESTE_1900-01-05T00:00:00_co,p1.sjver.este,1900-01-05 00:00:00+00:00,0.43105859499999993,mg/m³,CO,mongodb,CO
P1.SJVER.ESTE_1900-01-02T00:00:00_co,p1.sjver.este,1900-01-02 00:00:00+00:00,0.24408233229036294,mg/m³,CO,mongodb,CO
P1.SJVER.ESTE_1900-01-03T00:00:00_co,p1.sjver.este,1900-01-03 00:00:00+00:00,0.2818460838548185,mg/m³,CO,mongodb,CO
P1.SJVER.ESTE_1900-01-04T00:00:00_co,p1.sjver.este,1900-01-04 00:00:00+00:00,0.2092799386733417,mg/m³,CO,mongodb,CO
P1.SJVER.ESTE_1900-01-05T00:00:00_co,p1.sjver.este,1900-01-05 00:00:00+00:00,0.2588247446808511,mg/m³,CO,mongodb,CO
P1.SJVER.ESTE_1900-01-01T00:00:00_co,p1.sjver.este,1900-01-01 00:00:00+00:00,0.33587155319148937,mg/m³,CO,mongodb,CO
P1.SJVER.ESTE_1900-01-05T00:00:00_co,p1.sjver.este,1900-01-05 00:00:00+00:00,0.2475,mg/m³,CO,mongodb,CO
P1.SJVER.ESTE_1900-01-01T00:00:00_co,p1.sjver.este,1900-01-01 00:00:00+00:00,0.345,mg/m³,CO,mongodb,CO
P1.SJVER.ESTE_1900-01-02T00:00:00_co,p1.sjver.este,1900-01-02 00:00:00+00:00,0.405,mg/m³,CO,mongodb,CO
P1.SJVER.ESTE_1900-01-03T00:00:00_co,p1.sjver.este,1900-01-03 00:00:00+00:00,0.40124999999999994,mg/m³,CO,mongodb,CO
P1.SJVER.ESTE_1900-01-04T00:00:00_co,p1.sjver.este,1900-01-04 00:00:00+00:00,0.68625,mg/m³,CO,mongodb,CO
P1.SJVER.ESTE_1900-01-03T00:00:00_co,p1.sjver.este,1900-01-03 00:00:00+00:00,0.4703642542955325,mg/m³,CO,mongodb,CO
P1.SJVER.ESTE_1900-01-04T00:00:00_co,p1.sjver.este,1900-01-04 00:00:00+00:00,0.47066654524627716,mg/m³,CO,mongodb,CO
P1.SJVER.ESTE_1900-01-05T00:00:00_co,p1.sjver.este,1900-01-05 00:00:00+00:00,0.37263126460481094,mg/m³,CO,mongodb,CO
P1.SJVER.ESTE_1900-01-01T00:00:00_co,p1.sjver.este,1900-01-01 00:00:00+00:00,0.4811885956471935,mg/m³,CO,mongodb,CO
P1.SJVER.ESTE_1900-01-02T00:00:00_co,p1.sjver.este,1900-01-02 00:00:00+00:00,0.43456602978235964,mg/m³,CO,mongodb,CO
P1.SJVER.ESTE_1900-01-05T00:00:00_co,p1.sjver.este,1900-01-05 00:00:00+00:00,0.48499999999999993,mg/m³,CO,mongodb,CO
P1.SJVER.ESTE_1900-01-06T00:00:00_co,p1.sjver.este,1900-01-06 00:00:00+00:00,0.1984450407185629,mg/m³,CO,mongodb,CO
P1.SJVER.ESTE_1899-12-31T00:00:00_co,p1.sjver.este,1899-12-31 00:00:00+00:00,0.17150444191616765,mg/m³,CO,mongodb,CO
P1.SJVER.ESTE_1900-01-06T00:00:00_co,p1.sjver.este,1900-01-06 00:00:00+00:00,0.44536921639950683,mg/m³,CO,mongodb,CO
P1.SJVER.ESTE_1899-12-31T00:00:00_co,p1.sjver.este,1899-12-31 00:00:00+00:00,0.27809426263871767,mg/m³,CO,mongodb,CO
P1.SJVER.ESTE_1900-01-06T00:00:00_co,p1.sjver.este,1900-01-06 00:00:00+00:00,0.2145674309701493,mg/m³,CO,mongodb,CO
P1.SJVER.ESTE_1899-12-31T00:00:00_co,p1.sjver.este,1899-12-31 00:00:00+00:00,0.21592044713930347,mg/m³,CO,mongodb,CO
P1.SJVER.ESTE_1900-01-06T00:00:00_co,p1.sjver.este,1900-01-06 00:00:00+00:00,0.2624335487053021,mg/m³,CO,mongodb,CO
P1.SJVER.ESTE_1899-12-31T00:00:00_co,p1.sjver.este,1899-12-31 00:00:00+00:00,0.29231665598027123,mg/m³,CO,mongodb,CO
P1.SJVER.ESTE_1900-01-06T00:00:00_co,p1.sjver.este,1900-01-06 00:00:00+00:00,0.30602689187500004,mg/m³,CO,mongodb,CO
P1.SJVER.ESTE_1899-12-31T00:00:00_co,p1.sjver.este,1899-12-31 00:00:00+00:00,0.22139934500000003,mg/m³,CO,mongodb,CO
P1.SJVER.ESTE_1900-01-06T00:00:00_co,p1.sjver.este,1900-01-06 00:00:00+00:00,0.2861078642052566,mg/m³,CO,mongodb,CO
P1.SJVER.ESTE_1899-12-31T00:00:00_co,p1.sjver.este,1899-12-31 00:00:00+00:00,0.32545529849812266,mg/m³,CO,mongodb,CO
P1.SJVER.ESTE_1900-01-06T00:00:00_co,p1.sjver.este,1900-01-06 00:00:00+00:00,0.29750000000000004,mg/m³,CO,mongodb,CO
P1.SJVER.ESTE_1899-12-31T00:00:00_co,p1.sjver.este,1899-12-31 00:00:00+00:00,0.29750000000000004,mg/m³,CO,mongodb,CO
P1.SJVER.ESTE_1900-01-06T00:00:00_co,p1.sjver.este,1900-01-06 00:00:00+00:00,0.5833978167239403,mg/m³,CO,mongodb,CO
P1.SJVER.ESTE_1899-12-31T00:00:00_co,p1.sjver.este,1899-12-31 00:00:00+00:00,0.6075345864833905,mg/m³,CO,mongodb,CO
P1.SJVER.ESTE_1900-01-06T00:00:00_co,p1.sjver.este,1900-01-06 00:00:00+00:00,0.66875,mg/m³,CO,mongodb,CO
P1.SJVER.ESTE_1900-01-06T00:00:00_co,p1.sjver.este,1900-01-06 00:00:00+00:00,0.375,mg/m³,CO,mongodb,CO
P1.SJVER.ESTE_1899-12-31T00:00:00_co,p1.sjver.este,1899-12-31 00:00:00+00:00,0.3875,mg/m³,CO,mongodb,CO
P1.SJVER.ESTE_1900-01-01T00:00:00_co,p1.sjver.este,1900-01-01 00:00:00+00:00,0.26666666666666666,mg/m³,CO,mongodb,CO
P1.GRIJO.ESTE_1900-01-01T00:00:00_co,p1.grijo.este,1900-01-01 00:00:00+00:00,0.43793333333333334,mg/m³,CO,mongodb,CO
P1.ASANTAS.ESTE_1900-01-05T00:00:00_co,p1.asantas.este,1900-01-05 00:00:00+00:00,0.599666,mg/m³,CO,mongodb,CO
P1.ASANTAS.ESTE_1900-01-01T00:00:00_co,p1.asantas.este,1900-01-01 00:00:00+00:00,0.8951325000000001,mg/m³,CO,mongodb,CO
P1.ASANTAS.ESTE_1900-01-02T00:00:00_co,p1.asantas.este,1900-01-02 00:00:00+00:00,1.0872585,mg/m³,CO,mongodb,CO
P1.ASANTAS.ESTE_1900-01-03T00:00:00_co,p1.asantas.este,1900-01-03 00:00:00+00:00,0.3624195000000001,mg/m³,CO,mongodb,CO
P1.ASANTAS.ESTE_1900-01-04T00:00:00_co,p1.asantas.este,1900-01-04 00:00:00+00:00,0.2809115,mg/m³,CO,mongodb,CO
P1.ASANTAS.ESTE_1900-01-01T00:00:00_co,p1.asantas.este,1900-01-01 00:00:00+00:00,0.26001425578611337,mg/m³,CO,mongodb,CO
P1.ASANTAS.ESTE_1900-01-02T00:00:00_co,p1.asantas.este,1900-01-02 00:00:00+00:00,0.3145451444206212,mg/m³,CO,mongodb,CO
P1.ASANTAS.ESTE_1900-01-03T00:00:00_co,p1.asantas.este,1900-01-03 00:00:00+00:00,0.3878599495933096,mg/m³,CO,mongodb,CO
P1.ASANTAS.ESTE_1900-01-04T00:00:00_co,p1.asantas.este,1900-01-04 00:00:00+00:00,0.40218809229551045,mg/m³,CO,mongodb,CO
P1.ASANTAS.ESTE_1900-01-05T00:00:00_co,p1.asantas.este,1900-01-05 00:00:00+00:00,0.5033147970341992,mg/m³,CO,mongodb,CO
P1.ASANTAS.ESTE_1900-01-02T00:00:00_co,p1.asantas.este,1900-01-02 00:00:00+00:00,0.3071105,mg/m³,CO,mongodb,CO
P1.ASANTAS.ESTE_1900-01-03T00:00:00_co,p1.asantas.este,1900-01-03 00:00:00+00:00,0.343498,mg/m³,CO,mongodb,CO
P1.ASANTAS.ESTE_1900-01-04T00:00:00_co,p1.asantas.este,1900-01-04 00:00:00+00:00,0.206681,mg/m³,CO,mongodb,CO
P1.ASANTAS.ESTE_1900-01-05T00:00:00_co,p1.asantas.este,1900-01-05 00:00:00+00:00,0.22414700000000004,mg/m³,CO,mongodb,CO
P1.ASANTAS.ESTE_1900-01-01T00:00:00_co,p1.asantas.este,1900-01-01 00:00:00+00:00,0.098974,mg/m³,CO,mongodb,CO
P1.ASANTAS.ESTE_1900-01-02T00:00:00_co,p1.asantas.este,1900-01-02 00:00:00+00:00,1.0751325,mg/m³,CO,mongodb,CO
P1.ASANTAS.ESTE_1900-01-03T00:00:00_co,p1.asantas.este,1900-01-03 00:00:00+00:00,0.9225450000000001,mg/m³,CO,mongodb,CO
P1.ASANTAS.ESTE_1900-01-04T00:00:00_co,p1.asantas.este,1900-01-04 00:00:00+00:00,0.991495,mg/m³,CO,mongodb,CO
P1.ASANTAS.ESTE_1900-01-05T00:00:00_co,p1.asantas.este,1900-01-05 00:00:00+00:00,1.0048075,mg/m³,CO,mongodb,CO
P1.ASANTAS.ESTE_1900-01-01T00:00:00_co,p1.asantas.este,1900-01-01 00:00:00+00:00,0.9469950000000001,mg/m³,CO,mongodb,CO
P1.ASANTAS.ESTE_1900-01-05T00:00:00_co,p1.asantas.este,1900-01-05 00:00:00+00:00,0.23211428571428572,mg/m³,CO,mongodb,CO
P1.ASANTAS.ESTE_1900-01-01T00:00:00_co,p1.asantas.este,1900-01-01 00:00:00+00:00,0.2502375,mg/m³,CO,mongodb,CO
P1.ASANTAS.ESTE_1900-01-02T00:00:00_co,p1.asantas.este,1900-01-02 00:00:00+00:00,0.2630857142857143,mg/m³,CO,mongodb,CO
P1.ASANTAS.ESTE_1900-01-04T00:00:00_co,p1.asantas.este,1900-01-04 00:00:00+00:00,0.3768,mg/m³,CO,mongodb,CO
P1.ASANTAS.ESTE_1900-01-05T00:00:00_co,p1.asantas.este,1900-01-05 00:00:00+00:00,0.3498625,mg/m³,CO,mongodb,CO
P1.ASANTAS.ESTE_1900-01-01T00:00:00_co,p1.asantas.este,1900-01-01 00:00:00+00:00,0.4303285714285714,mg/m³,CO,mongodb,CO
P1.ASANTAS.ESTE_1900-01-02T00:00:00_co,p1.asantas.este,1900-01-02 00:00:00+00:00,0.3978875,mg/m³,CO,mongodb,CO
P1.ASANTAS.ESTE_1900-01-03T00:00:00_co,p1.asantas.este,1900-01-03 00:00:00+00:00,0.48357500000000003,mg/m³,CO,mongodb,CO
P1.ASANTAS.ESTE_1900-01-04T00:00:00_co,p1.asantas.este,1900-01-04 00:00:00+00:00,0.5097875000000001,mg/m³,CO,mongodb,CO
P1.ASANTAS.ESTE_1900-01-05T00:00:00_co,p1.asantas.este,1900-01-05 00:00:00+00:00,0.49221249999999994,mg/m³,CO,mongodb,CO
P1.ASANTAS.ESTE_1900-01-02T00:00:00_co,p1.asantas.este,1900-01-02 00:00:00+00:00,0.5919033333333333,mg/m³,CO,mongodb,CO
P1.ASANTAS.ESTE_1900-01-03T00:00:00_co,p1.asantas.este,1900-01-03 00:00:00+00:00,0.33039850000000004,mg/m³,CO,mongodb,CO
P1.ASANTAS.ESTE_1900-01-04T00:00:00_co,p1.asantas.este,1900-01-04 00:00:00+00:00,0.637509,mg/m³,CO,mongodb,CO
P1.ASANTAS.ESTE_1900-01-05T00:00:00_co,p1.asantas.este,1900-01-05 00:00:00+00:00,0.6535195,mg/m³,CO,mongodb,CO
P1.ASANTAS.ESTE_1900-01-01T00:00:00_co,p1.asantas.este,1900-01-01 00:00:00+00:00,0.4439275,mg/m³,CO,mongodb,CO
P1.ASANTAS.ESTE_1900-01-01T00:00:00_co,p1.asantas.este,1900-01-01 00:00:00+00:00,0.8549875000000001,mg/m³,CO,mongodb,CO
P1.ASANTAS.ESTE_1900-01-02T00:00:00_co,p1.asantas.este,1900-01-02 00:00:00+00:00,0.5045124999999999,mg/m³,CO,mongodb,CO
P1.ASANTAS.ESTE_1900-01-03T00:00:00_co,p1.asantas.este,1900-01-03 00:00:00+00:00,0.5292375,mg/m³,CO,mongodb,CO
P1.ASANTAS.ESTE_1900-01-04T00:00:00_co,p1.asantas.este,1900-01-04 00:00:00+00:00,0.29860000000000003,mg/m³,CO,mongodb,CO
P1.ASANTAS.ESTE_1900-01-05T00:00:00_co,p1.asantas.este,1900-01-05 00:00:00+00:00,0.339075,mg/m³,CO,mongodb,CO
P1.ASANTAS.ESTE_1900-01-06T00:00:00_co,p1.asantas.este,1900-01-06 00:00:00+00:00,0.6942735,mg/m³,CO,mongodb,CO
P1.ASANTAS.ESTE_1899-12-31T00:00:00_co,p1.asantas.este,1899-12-31 00:00:00+00:00,0.9140540000000001,mg/m³,CO,mongodb,CO
P1.ASANTAS.ESTE_1900-01-06T00:00:00_co,p1.asantas.este,1900-01-06 00:00:00+00:00,0.3460723224325338,mg/m³,CO,mongodb,CO
P1.ASANTAS.ESTE_1899-12-31T00:00:00_co,p1.asantas.este,1899-12-31 00:00:00+00:00,0.428400304775135,mg/m³,CO,mongodb,CO
P1.ASANTAS.ESTE_1900-01-06T00:00:00_co,p1.asantas.este,1900-01-06 00:00:00+00:00,0.359241638410993,mg/m³,CO,mongodb,CO
P1.ASANTAS.ESTE_1899-12-31T00:00:00_co,p1.asantas.este,1899-12-31 00:00:00+00:00,0.266279956895569,mg/m³,CO,mongodb,CO
P1.ASANTAS.ESTE_1900-01-06T00:00:00_co,p1.asantas.este,1900-01-06 00:00:00+00:00,0.25907900000000006,mg/m³,CO,mongodb,CO
P1.ASANTAS.ESTE_1899-12-31T00:00:00_co,p1.asantas.este,1899-12-31 00:00:00+00:00,0.218325,mg/m³,CO,mongodb,CO
P1.ASANTAS.ESTE_1900-01-06T00:00:00_co,p1.asantas.este,1900-01-06 00:00:00+00:00,0.9752075000000002,mg/m³,CO,mongodb,CO
P1.ASANTAS.ESTE_1899-12-31T00:00:00_co,p1.asantas.este,1899-12-31 00:00:00+00:00,0.9520075000000001,mg/m³,CO,mongodb,CO
P1.ASANTAS.ESTE_1900-01-06T00:00:00_co,p1.asantas.este,1900-01-06 00:00:00+00:00,0.23778571428571427,mg/m³,CO,mongodb,CO
P1.ASANTAS.ESTE_1899-12-31T00:00:00_co,p1.asantas.este,1899-12-31 00:00:00+00:00,0.28645000000000004,mg/m³,CO,mongodb,CO
P1.ASANTAS.ESTE_1900-01-06T00:00:00_co,p1.asantas.este,1900-01-06 00:00:00+00:00,0.29622857142857145,mg/m³,CO,mongodb,CO
P1.ASANTAS.ESTE_1899-12-31T00:00:00_co,p1.asantas.este,1899-12-31 00:00:00+00:00,0.34794285714285716,mg/m³,CO,mongodb,CO
P1.ASANTAS.ESTE_1900-01-06T00:00:00_co,p1.asantas.este,1900-01-06 00:00:00+00:00,0.2682375,mg/m³,CO,mongodb,CO
P1.ASANTAS.ESTE_1899-12-31T00:00:00_co,p1.asantas.este,1899-12-31 00:00:00+00:00,0.30722499999999997,mg/m³,CO,mongodb,CO
P1.ASANTAS.ESTE_1900-01-06T00:00:00_co,p1.asantas.este,1900-01-06 00:00:00+00:00,0.36532499999999996,mg/m³,CO,mongodb,CO
P1.ASANTAS.ESTE_1899-12-31T00:00:00_co,p1.asantas.este,1899-12-31 00:00:00+00:00,0.3975375,mg/m³,CO,mongodb,CO
P1.ASANTAS.ESTE_1900-01-06T00:00:00_co,p1.asantas.este,1900-01-06 00:00:00+00:00,0.36241950000000006,mg/m³,CO,mongodb,CO
P1.ASANTAS.ESTE_1899-12-31T00:00:00_co,p1.asantas.este,1899-12-31 00:00:00+00:00,0.40754,mg/m³,CO,mongodb,CO
P1.ASANTAS.ESTE_1900-01-06T00:00:00_co,p1.asantas.este,1900-01-06 00:00:00+00:00,0.176025,mg/m³,CO,mongodb,CO
P1.ASANTAS.ESTE_1899-12-31T00:00:00_co,p1.asantas.este,1899-12-31 00:00:00+00:00,0.7226625,mg/m³,CO,mongodb,CO
CTSa-gr03,empresa de electricidade dos açores s.a. - central termoeléctrica do pico - grupo 03,1899-12-30 12:00:00+00:00,73.64370451604556,mg/Nm³,CO,mongodb,CO
CTB-gr05,grupo 5,1899-12-30 12:00:00+00:00,122.14742358554254,mg/Nm³,CO,mongodb,CO
CTSb-gr07,grupo 7,1899-12-30 12:00:00+00:00,88.73970490400114,mg/Nm³,CO,mongodb,CO
CCB-xs13,"coficab portugal - companhia de fios e cabos, lda. - 10549 - extrusora 1",2107-10-18 12:00:00+00:00,2.7275917136591477,mg/Nm³,CO,mongodb,CO
P1.PQ.NAÇOES_1900-01-01T00:00:00_o3,p1.pq.naçoes,1900-01-01 00:00:00+00:00,28.252666666666666,µg/m³,O3,mongodb,O3
P1.GRIJO.ESTE_1900-01-01T00:00:00_o3,p1.grijo.este,1900-01-01 00:00:00+00:00,39.36666666666667,µg/m³,O3,mongodb,O3
P1.PQ.NAÇOES_1900-01-01T00:00:00_o3,p1.pq.naçoes,1900-01-01 00:00:00+00:00,28.252666666666666,µg/m³,O3,mongodb,O3
P1.GRIJO.ESTE_1900-01-01T00:00:00_o3,p1.grijo.este,1900-01-01 00:00:00+00:00,39.36666666666667,µg/m³,O3,mongodb,O3
4.905546005045442,%,CTSa-gr03,1899-12-30 12:00:00+00:00,empresa de electricidade dos açores s.a. - central termoeléctrica do pico - grupo 03,H2O,mongodb,H2O
4.889457326826683,%,CTB-gr05,1899-12-30 12:00:00+00:00,grupo 5,H2O,mongodb,H2O
4.52529113939961,%,CTSb-gr07,1899-12-30 12:00:00+00:00,grupo 7,H2O,mongodb,H2O
1.2136814005703866,%,CCB-xs13,2107-10-18 12:00:00+00:00,"coficab portugal - companhia de fios e cabos, lda. - 10549 - extrusora 1",H2O,mongodb,H2O
CTSa-gr03,empresa de electricidade dos açores s.a. - central termoeléctrica do pico - grupo 03,1899-12-30 12:00:00+00:00,6.48596618601665,%,CO2,mongodb,CO2
CTB-gr05,grupo 5,1899-12-30 12:00:00+00:00,5.379381437072234,%,CO2,mongodb,CO2
CTSb-gr07,grupo 7,1899-12-30 12:00:00+00:00,6.7442606989303675,%,CO2,mongodb,CO2
CCB-xs13,"coficab portugal - companhia de fios e cabos, lda. - 10549 - extrusora 1",2107-10-18 12:00:00+00:00,0.5,%,CO2,mongodb,CO2
0.0,mg/Nm³,CTSa-gr03,1899-12-30 12:00:00+00:00,empresa de electricidade dos açores s.a. - central termoeléctrica do pico - grupo 03,CH4,mongodb,CH4
0.0,mg/Nm³,CTB-gr05,1899-12-30 12:00:00+00:00,grupo 5,CH4,mongodb,CH4
0.0,mg/Nm³,CTSb-gr07,1899-12-30 12:00:00+00:00,grupo 7,CH4,mongodb,CH4
0.0,mg/Nm³,CCB-xs13,2107-10-18 12:00:00+00:00,"coficab portugal - companhia de fios e cabos, lda. - 10549 - extrusora 1",CH4,mongodb,CH4
P1.OVAR.ESTE_1900-01-03T00:00:00_pm10,p1.ovar.este,1900-01-03 00:00:00+00:00,20.535789399827284,µg/m³,PM10,mongodb,PM10
P1.OVAR.ESTE_1900-01-04T00:00:00_pm10,p1.ovar.este,1900-01-04 00:00:00+00:00,11.586289831606218,µg/m³,PM10,mongodb,PM10
P1.OVAR.ESTE_1900-01-05T00:00:00_pm10,p1.ovar.este,1900-01-05 00:00:00+00:00,9.261127428756472,µg/m³,PM10,mongodb,PM10
P1.OVAR.ESTE_1900-01-01T00:00:00_pm10,p1.ovar.este,1900-01-01 00:00:00+00:00,7.752301840457687,µg/m³,PM10,mongodb,PM10
P1.OVAR.ESTE_1900-01-02T00:00:00_pm10,p1.ovar.este,1900-01-02 00:00:00+00:00,9.915953421848016,µg/m³,PM10,mongodb,PM10
P1.OVAR.ESTE_1900-01-05T00:00:00_pm10,p1.ovar.este,1900-01-05 00:00:00+00:00,13.816666666666665,µg/m³,PM10,mongodb,PM10
P1.OVAR.ESTE_1900-01-01T00:00:00_pm10,p1.ovar.este,1900-01-01 00:00:00+00:00,35.208333333333336,µg/m³,PM10,mongodb,PM10
P1.OVAR.ESTE_1900-01-02T00:00:00_pm10,p1.ovar.este,1900-01-02 00:00:00+00:00,8.55,µg/m³,PM10,mongodb,PM10
P1.OVAR.ESTE_1900-01-03T00:00:00_pm10,p1.ovar.este,1900-01-03 00:00:00+00:00,14.30833333333333,µg/m³,PM10,mongodb,PM10
P1.OVAR.ESTE_1900-01-04T00:00:00_pm10,p1.ovar.este,1900-01-04 00:00:00+00:00,11.39583333333333,µg/m³,PM10,mongodb,PM10
P1.OVAR.ESTE_1900-01-04T00:00:00_pm10,p1.ovar.este,1900-01-04 00:00:00+00:00,8.7,µg/m³,PM10,mongodb,PM10
P1.OVAR.ESTE_1900-01-05T00:00:00_pm10,p1.ovar.este,1900-01-05 00:00:00+00:00,10.2875,µg/m³,PM10,mongodb,PM10
P1.OVAR.ESTE_1900-01-01T00:00:00_pm10,p1.ovar.este,1900-01-01 00:00:00+00:00,7.633333333333334,µg/m³,PM10,mongodb,PM10
P1.OVAR.ESTE_1900-01-02T00:00:00_pm10,p1.ovar.este,1900-01-02 00:00:00+00:00,11.641666666666667,µg/m³,PM10,mongodb,PM10
P1.OVAR.ESTE_1900-01-03T00:00:00_pm10,p1.ovar.este,1900-01-03 00:00:00+00:00,19.362499999999997,µg/m³,PM10,mongodb,PM10
P1.OVAR.ESTE_1900-01-03T00:00:00_pm10,p1.ovar.este,1900-01-03 00:00:00+00:00,22.55,µg/m³,PM10,mongodb,PM10
P1.OVAR.ESTE_1900-01-04T00:00:00_pm10,p1.ovar.este,1900-01-04 00:00:00+00:00,21.037500000000005,µg/m³,PM10,mongodb,PM10
P1.OVAR.ESTE_1900-01-05T00:00:00_pm10,p1.ovar.este,1900-01-05 00:00:00+00:00,25.60416666666667,µg/m³,PM10,mongodb,PM10
P1.OVAR.ESTE_1900-01-01T00:00:00_pm10,p1.ovar.este,1900-01-01 00:00:00+00:00,15.233333333333336,µg/m³,PM10,mongodb,PM10
P1.OVAR.ESTE_1900-01-02T00:00:00_pm10,p1.ovar.este,1900-01-02 00:00:00+00:00,18.724999999999998,µg/m³,PM10,mongodb,PM10
P1.OVAR.ESTE_1900-01-06T00:00:00_pm10,p1.ovar.este,1900-01-06 00:00:00+00:00,9.123788833117445,µg/m³,PM10,mongodb,PM10
P1.OVAR.ESTE_1899-12-31T00:00:00_pm10,p1.ovar.este,1899-12-31 00:00:00+00:00,19.165449697754756,µg/m³,PM10,mongodb,PM10
P1.OVAR.ESTE_1900-01-06T00:00:00_pm10,p1.ovar.este,1900-01-06 00:00:00+00:00,18.166666666666668,µg/m³,PM10,mongodb,PM10
P1.OVAR.ESTE_1899-12-31T00:00:00_pm10,p1.ovar.este,1899-12-31 00:00:00+00:00,13.249999999999998,µg/m³,PM10,mongodb,PM10
P1.OVAR.ESTE_1900-01-06T00:00:00_pm10,p1.ovar.este,1900-01-06 00:00:00+00:00,9.829166666666667,µg/m³,PM10,mongodb,PM10
P1.OVAR.ESTE_1899-12-31T00:00:00_pm10,p1.ovar.este,1899-12-31 00:00:00+00:00,9.15,µg/m³,PM10,mongodb,PM10
P1.OVAR.ESTE_1900-01-06T00:00:00_pm10,p1.ovar.este,1900-01-06 00:00:00+00:00,15.808333333333332,µg/m³,PM10,mongodb,PM10
P1.OVAR.ESTE_1899-12-31T00:00:00_pm10,p1.ovar.este,1899-12-31 00:00:00+00:00,14.475000000000001,µg/m³,PM10,mongodb,PM10
P1.OVAR.ESTE_1900-01-01T00:00:00_pm10,p1.ovar.este,1900-01-01 00:00:00+00:00,10.133333333333333,µg/m³,PM10,mongodb,PM10
P1.PQ.NAÇOES_1900-01-01T00:00:00_pm10,p1.pq.naçoes,1900-01-01 00:00:00+00:00,104.125,µg/m³,PM10,mongodb,PM10
P1.SJVER.ESTE_1900-01-03T00:00:00_pm10,p1.sjver.este,1900-01-03 00:00:00+00:00,30.466666666666672,µg/m³,PM10,mongodb,PM10
P1.SJVER.ESTE_1900-01-04T00:00:00_pm10,p1.sjver.este,1900-01-04 00:00:00+00:00,29.170833333333338,µg/m³,PM10,mongodb,PM10
P1.SJVER.ESTE_1900-01-05T00:00:00_pm10,p1.sjver.este,1900-01-05 00:00:00+00:00,40.94166666666667,µg/m³,PM10,mongodb,PM10
P1.SJVER.ESTE_1900-01-01T00:00:00_pm10,p1.sjver.este,1900-01-01 00:00:00+00:00,15.816666666666668,µg/m³,PM10,mongodb,PM10
P1.SJVER.ESTE_1900-01-02T00:00:00_pm10,p1.sjver.este,1900-01-02 00:00:00+00:00,14.770833333333334,µg/m³,PM10,mongodb,PM10
P1.SJVER.ESTE_1900-01-02T00:00:00_pm10,p1.sjver.este,1900-01-02 00:00:00+00:00,28.603571428571428,µg/m³,PM10,mongodb,PM10
P1.SJVER.ESTE_1900-01-03T00:00:00_pm10,p1.sjver.este,1900-01-03 00:00:00+00:00,32.582142857142856,µg/m³,PM10,mongodb,PM10
P1.SJVER.ESTE_1900-01-04T00:00:00_pm10,p1.sjver.este,1900-01-04 00:00:00+00:00,43.04968944099378,µg/m³,PM10,mongodb,PM10
P1.SJVER.ESTE_1900-01-05T00:00:00_pm10,p1.sjver.este,1900-01-05 00:00:00+00:00,20.84285714285714,µg/m³,PM10,mongodb,PM10
P1.SJVER.ESTE_1900-01-01T00:00:00_pm10,p1.sjver.este,1900-01-01 00:00:00+00:00,11.770238095238092,µg/m³,PM10,mongodb,PM10
P1.SJVER.ESTE_1900-01-05T00:00:00_pm10,p1.sjver.este,1900-01-05 00:00:00+00:00,40.5,µg/m³,PM10,mongodb,PM10
P1.SJVER.ESTE_1900-01-01T00:00:00_pm10,p1.sjver.este,1900-01-01 00:00:00+00:00,17.0,µg/m³,PM10,mongodb,PM10
P1.SJVER.ESTE_1900-01-02T00:00:00_pm10,p1.sjver.este,1900-01-02 00:00:00+00:00,27.75,µg/m³,PM10,mongodb,PM10
P1.SJVER.ESTE_1900-01-03T00:00:00_pm10,p1.sjver.este,1900-01-03 00:00:00+00:00,27.666666666666668,µg/m³,PM10,mongodb,PM10
P1.SJVER.ESTE_1900-01-04T00:00:00_pm10,p1.sjver.este,1900-01-04 00:00:00+00:00,26.458333333333332,µg/m³,PM10,mongodb,PM10
P1.SJVER.ESTE_1900-01-03T00:00:00_pm10,p1.sjver.este,1900-01-03 00:00:00+00:00,52.97916666666668,µg/m³,PM10,mongodb,PM10
P1.SJVER.ESTE_1900-01-04T00:00:00_pm10,p1.sjver.este,1900-01-04 00:00:00+00:00,37.57083333333333,µg/m³,PM10,mongodb,PM10
P1.SJVER.ESTE_1900-01-05T00:00:00_pm10,p1.sjver.este,1900-01-05 00:00:00+00:00,26.466666666666672,µg/m³,PM10,mongodb,PM10
P1.SJVER.ESTE_1900-01-01T00:00:00_pm10,p1.sjver.este,1900-01-01 00:00:00+00:00,42.93333333333334,µg/m³,PM10,mongodb,PM10
P1.SJVER.ESTE_1900-01-02T00:00:00_pm10,p1.sjver.este,1900-01-02 00:00:00+00:00,41.80416666666667,µg/m³,PM10,mongodb,PM10
P1.SJVER.ESTE_1900-01-05T00:00:00_pm10,p1.sjver.este,1900-01-05 00:00:00+00:00,62.38491708588174,µg/m³,PM10,mongodb,PM10
P1.SJVER.ESTE_1900-01-02T00:00:00_pm10,p1.sjver.este,1900-01-02 00:00:00+00:00,24.187499999999996,µg/m³,PM10,mongodb,PM10
P1.SJVER.ESTE_1900-01-03T00:00:00_pm10,p1.sjver.este,1900-01-03 00:00:00+00:00,24.575000000000003,µg/m³,PM10,mongodb,PM10
P1.SJVER.ESTE_1900-01-04T00:00:00_pm10,p1.sjver.este,1900-01-04 00:00:00+00:00,42.99130434782609,µg/m³,PM10,mongodb,PM10
P1.SJVER.ESTE_1900-01-05T00:00:00_pm10,p1.sjver.este,1900-01-05 00:00:00+00:00,33.08333333333333,µg/m³,PM10,mongodb,PM10
P1.SJVER.ESTE_1900-01-01T00:00:00_pm10,p1.sjver.este,1900-01-01 00:00:00+00:00,29.225000000000005,µg/m³,PM10,mongodb,PM10
P1.SJVER.ESTE_1900-01-05T00:00:00_pm10,p1.sjver.este,1900-01-05 00:00:00+00:00,24.625000000000004,µg/m³,PM10,mongodb,PM10
P1.SJVER.ESTE_1900-01-01T00:00:00_pm10,p1.sjver.este,1900-01-01 00:00:00+00:00,31.529166666666665,µg/m³,PM10,mongodb,PM10
P1.SJVER.ESTE_1900-01-02T00:00:00_pm10,p1.sjver.este,1900-01-02 00:00:00+00:00,25.820833333333336,µg/m³,PM10,mongodb,PM10
P1.SJVER.ESTE_1900-01-03T00:00:00_pm10,p1.sjver.este,1900-01-03 00:00:00+00:00,24.683333333333334,µg/m³,PM10,mongodb,PM10
P1.SJVER.ESTE_1900-01-04T00:00:00_pm10,p1.sjver.este,1900-01-04 00:00:00+00:00,35.05833333333334,µg/m³,PM10,mongodb,PM10
P1.SJVER.ESTE_1900-01-03T00:00:00_pm10,p1.sjver.este,1900-01-03 00:00:00+00:00,24.92916666666667,µg/m³,PM10,mongodb,PM10
P1.SJVER.ESTE_1900-01-04T00:00:00_pm10,p1.sjver.este,1900-01-04 00:00:00+00:00,27.920833333333334,µg/m³,PM10,mongodb,PM10
P1.SJVER.ESTE_1900-01-05T00:00:00_pm10,p1.sjver.este,1900-01-05 00:00:00+00:00,31.85833333333333,µg/m³,PM10,mongodb,PM10
P1.SJVER.ESTE_1900-01-01T00:00:00_pm10,p1.sjver.este,1900-01-01 00:00:00+00:00,31.737500000000008,µg/m³,PM10,mongodb,PM10
P1.SJVER.ESTE_1900-01-02T00:00:00_pm10,p1.sjver.este,1900-01-02 00:00:00+00:00,24.133333333333336,µg/m³,PM10,mongodb,PM10
P1.SJVER.ESTE_1900-01-05T00:00:00_pm10,p1.sjver.este,1900-01-05 00:00:00+00:00,15.669565217391309,µg/m³,PM10,mongodb,PM10
P1.SJVER.ESTE_1900-01-06T00:00:00_pm10,p1.sjver.este,1900-01-06 00:00:00+00:00,15.341666666666663,µg/m³,PM10,mongodb,PM10
P1.SJVER.ESTE_1899-12-31T00:00:00_pm10,p1.sjver.este,1899-12-31 00:00:00+00:00,7.354166666666669,µg/m³,PM10,mongodb,PM10
P1.SJVER.ESTE_1900-01-06T00:00:00_pm10,p1.sjver.este,1900-01-06 00:00:00+00:00,20.35,µg/m³,PM10,mongodb,PM10
P1.SJVER.ESTE_1899-12-31T00:00:00_pm10,p1.sjver.este,1899-12-31 00:00:00+00:00,20.089285714285715,µg/m³,PM10,mongodb,PM10
P1.SJVER.ESTE_1900-01-06T00:00:00_pm10,p1.sjver.este,1900-01-06 00:00:00+00:00,27.916666666666668,µg/m³,PM10,mongodb,PM10
P1.SJVER.ESTE_1899-12-31T00:00:00_pm10,p1.sjver.este,1899-12-31 00:00:00+00:00,16.375,µg/m³,PM10,mongodb,PM10
P1.SJVER.ESTE_1900-01-06T00:00:00_pm10,p1.sjver.este,1900-01-06 00:00:00+00:00,28.245833333333334,µg/m³,PM10,mongodb,PM10
P1.SJVER.ESTE_1899-12-31T00:00:00_pm10,p1.sjver.este,1899-12-31 00:00:00+00:00,28.162499999999998,µg/m³,PM10,mongodb,PM10
P1.SJVER.ESTE_1900-01-06T00:00:00_pm10,p1.sjver.este,1900-01-06 00:00:00+00:00,33.05681892891981,µg/m³,PM10,mongodb,PM10
P1.SJVER.ESTE_1899-12-31T00:00:00_pm10,p1.sjver.este,1899-12-31 00:00:00+00:00,20.749105241586918,µg/m³,PM10,mongodb,PM10
P1.SJVER.ESTE_1900-01-06T00:00:00_pm10,p1.sjver.este,1900-01-06 00:00:00+00:00,23.391666666666666,µg/m³,PM10,mongodb,PM10
P1.SJVER.ESTE_1899-12-31T00:00:00_pm10,p1.sjver.este,1899-12-31 00:00:00+00:00,18.304166666666664,µg/m³,PM10,mongodb,PM10
P1.SJVER.ESTE_1900-01-06T00:00:00_pm10,p1.sjver.este,1900-01-06 00:00:00+00:00,17.56666666666667,µg/m³,PM10,mongodb,PM10
P1.SJVER.ESTE_1899-12-31T00:00:00_pm10,p1.sjver.este,1899-12-31 00:00:00+00:00,16.949999999999996,µg/m³,PM10,mongodb,PM10
P1.SJVER.ESTE_1900-01-06T00:00:00_pm10,p1.sjver.este,1900-01-06 00:00:00+00:00,23.220833333333335,µg/m³,PM10,mongodb,PM10
P1.SJVER.ESTE_1899-12-31T00:00:00_pm10,p1.sjver.este,1899-12-31 00:00:00+00:00,17.120833333333334,µg/m³,PM10,mongodb,PM10
P1.SJVER.ESTE_1900-01-06T00:00:00_pm10,p1.sjver.este,1900-01-06 00:00:00+00:00,71.25,µg/m³,PM10,mongodb,PM10
P1.SJVER.ESTE_1900-01-06T00:00:00_pm10,p1.sjver.este,1900-01-06 00:00:00+00:00,13.954166666666666,µg/m³,PM10,mongodb,PM10
P1.SJVER.ESTE_1899-12-31T00:00:00_pm10,p1.sjver.este,1899-12-31 00:00:00+00:00,19.275,µg/m³,PM10,mongodb,PM10
P1.SJVER.ESTE_1900-01-01T00:00:00_pm10,p1.sjver.este,1900-01-01 00:00:00+00:00,25.119122807017547,µg/m³,PM10,mongodb,PM10
P1.GRIJO.ESTE_1900-01-01T00:00:00_pm10,p1.grijo.este,1900-01-01 00:00:00+00:00,33.40006666666667,µg/m³,PM10,mongodb,PM10
P1.ASANTAS.ESTE_1900-01-05T00:00:00_pm10,p1.asantas.este,1900-01-05 00:00:00+00:00,36.333333333333336,µg/m³,PM10,mongodb,PM10
P1.ASANTAS.ESTE_1900-01-01T00:00:00_pm10,p1.asantas.este,1900-01-01 00:00:00+00:00,71.83333333333333,µg/m³,PM10,mongodb,PM10
P1.ASANTAS.ESTE_1900-01-02T00:00:00_pm10,p1.asantas.este,1900-01-02 00:00:00+00:00,15.333333333333334,µg/m³,PM10,mongodb,PM10
P1.ASANTAS.ESTE_1900-01-03T00:00:00_pm10,p1.asantas.este,1900-01-03 00:00:00+00:00,17.0,µg/m³,PM10,mongodb,PM10
P1.ASANTAS.ESTE_1900-01-04T00:00:00_pm10,p1.asantas.este,1900-01-04 00:00:00+00:00,22.5,µg/m³,PM10,mongodb,PM10
P1.ASANTAS.ESTE_1900-01-01T00:00:00_pm10,p1.asantas.este,1900-01-01 00:00:00+00:00,17.097208333333338,µg/m³,PM10,mongodb,PM10
P1.ASANTAS.ESTE_1900-01-02T00:00:00_pm10,p1.asantas.este,1900-01-02 00:00:00+00:00,44.947333333333326,µg/m³,PM10,mongodb,PM10
P1.ASANTAS.ESTE_1900-01-03T00:00:00_pm10,p1.asantas.este,1900-01-03 00:00:00+00:00,18.767500000000002,µg/m³,PM10,mongodb,PM10
P1.ASANTAS.ESTE_1900-01-04T00:00:00_pm10,p1.asantas.este,1900-01-04 00:00:00+00:00,14.580041666666666,µg/m³,PM10,mongodb,PM10
P1.ASANTAS.ESTE_1900-01-05T00:00:00_pm10,p1.asantas.este,1900-01-05 00:00:00+00:00,19.992916666666666,µg/m³,PM10,mongodb,PM10
P1.ASANTAS.ESTE_1900-01-02T00:00:00_pm10,p1.asantas.este,1900-01-02 00:00:00+00:00,22.416666666666668,µg/m³,PM10,mongodb,PM10
P1.ASANTAS.ESTE_1900-01-03T00:00:00_pm10,p1.asantas.este,1900-01-03 00:00:00+00:00,21.25,µg/m³,PM10,mongodb,PM10
P1.ASANTAS.ESTE_1900-01-04T00:00:00_pm10,p1.asantas.este,1900-01-04 00:00:00+00:00,24.25,µg/m³,PM10,mongodb,PM10
P1.ASANTAS.ESTE_1900-01-05T00:00:00_pm10,p1.asantas.este,1900-01-05 00:00:00+00:00,27.583333333333332,µg/m³,PM10,mongodb,PM10
P1.ASANTAS.ESTE_1900-01-01T00:00:00_pm10,p1.asantas.este,1900-01-01 00:00:00+00:00,31.545454545454547,µg/m³,PM10,mongodb,PM10
P1.ASANTAS.ESTE_1900-01-02T00:00:00_pm10,p1.asantas.este,1900-01-02 00:00:00+00:00,10.413875,µg/m³,PM10,mongodb,PM10
P1.ASANTAS.ESTE_1900-01-03T00:00:00_pm10,p1.asantas.este,1900-01-03 00:00:00+00:00,18.578833333333332,µg/m³,PM10,mongodb,PM10
P1.ASANTAS.ESTE_1900-01-04T00:00:00_pm10,p1.asantas.este,1900-01-04 00:00:00+00:00,9.979987499999998,µg/m³,PM10,mongodb,PM10
P1.ASANTAS.ESTE_1900-01-05T00:00:00_pm10,p1.asantas.este,1900-01-05 00:00:00+00:00,14.700333333333333,µg/m³,PM10,mongodb,PM10
P1.ASANTAS.ESTE_1900-01-01T00:00:00_pm10,p1.asantas.este,1900-01-01 00:00:00+00:00,18.891333333333332,µg/m³,PM10,mongodb,PM10
P1.ASANTAS.ESTE_1900-01-05T00:00:00_pm10,p1.asantas.este,1900-01-05 00:00:00+00:00,7.560227272727272,µg/m³,PM10,mongodb,PM10
P1.ASANTAS.ESTE_1900-01-01T00:00:00_pm10,p1.asantas.este,1900-01-01 00:00:00+00:00,38.30083333333334,µg/m³,PM10,mongodb,PM10
P1.ASANTAS.ESTE_1900-01-02T00:00:00_pm10,p1.asantas.este,1900-01-02 00:00:00+00:00,23.92260869565217,µg/m³,PM10,mongodb,PM10
P1.ASANTAS.ESTE_1900-01-03T00:00:00_pm10,p1.asantas.este,1900-01-03 00:00:00+00:00,24.374583333333334,µg/m³,PM10,mongodb,PM10
P1.ASANTAS.ESTE_1900-01-04T00:00:00_pm10,p1.asantas.este,1900-01-04 00:00:00+00:00,26.95179166666666,µg/m³,PM10,mongodb,PM10
P1.ASANTAS.ESTE_1900-01-05T00:00:00_pm10,p1.asantas.este,1900-01-05 00:00:00+00:00,27.80956521739131,µg/m³,PM10,mongodb,PM10
P1.ASANTAS.ESTE_1900-01-04T00:00:00_pm10,p1.asantas.este,1900-01-04 00:00:00+00:00,32.54208333333333,µg/m³,PM10,mongodb,PM10
P1.ASANTAS.ESTE_1900-01-05T00:00:00_pm10,p1.asantas.este,1900-01-05 00:00:00+00:00,31.00633333333333,µg/m³,PM10,mongodb,PM10
P1.ASANTAS.ESTE_1900-01-01T00:00:00_pm10,p1.asantas.este,1900-01-01 00:00:00+00:00,23.826521739130435,µg/m³,PM10,mongodb,PM10
P1.ASANTAS.ESTE_1900-01-02T00:00:00_pm10,p1.asantas.este,1900-01-02 00:00:00+00:00,27.75458333333333,µg/m³,PM10,mongodb,PM10
P1.ASANTAS.ESTE_1900-01-03T00:00:00_pm10,p1.asantas.este,1900-01-03 00:00:00+00:00,23.706691666666668,µg/m³,PM10,mongodb,PM10
P1.ASANTAS.ESTE_1900-01-04T00:00:00_pm10,p1.asantas.este,1900-01-04 00:00:00+00:00,29.47083333333333,µg/m³,PM10,mongodb,PM10
P1.ASANTAS.ESTE_1900-01-05T00:00:00_pm10,p1.asantas.este,1900-01-05 00:00:00+00:00,24.885741666666664,µg/m³,PM10,mongodb,PM10
P1.ASANTAS.ESTE_1900-01-03T00:00:00_pm10,p1.asantas.este,1900-01-03 00:00:00+00:00,17.452380952380956,µg/m³,PM10,mongodb,PM10
P1.ASANTAS.ESTE_1900-01-04T00:00:00_pm10,p1.asantas.este,1900-01-04 00:00:00+00:00,39.42368197278912,µg/m³,PM10,mongodb,PM10
P1.ASANTAS.ESTE_1900-01-05T00:00:00_pm10,p1.asantas.este,1900-01-05 00:00:00+00:00,25.827965561224485,µg/m³,PM10,mongodb,PM10
P1.ASANTAS.ESTE_1900-01-01T00:00:00_pm10,p1.asantas.este,1900-01-01 00:00:00+00:00,23.382996067176876,µg/m³,PM10,mongodb,PM10
P1.ASANTAS.ESTE_1900-01-01T00:00:00_pm10,p1.asantas.este,1900-01-01 00:00:00+00:00,16.042516847363945,µg/m³,PM10,mongodb,PM10
P1.ASANTAS.ESTE_1900-01-02T00:00:00_pm10,p1.asantas.este,1900-01-02 00:00:00+00:00,16.138103693664966,µg/m³,PM10,mongodb,PM10
P1.ASANTAS.ESTE_1900-01-03T00:00:00_pm10,p1.asantas.este,1900-01-03 00:00:00+00:00,23.127521258503396,µg/m³,PM10,mongodb,PM10
P1.ASANTAS.ESTE_1900-01-04T00:00:00_pm10,p1.asantas.este,1900-01-04 00:00:00+00:00,20.4281482514881,µg/m³,PM10,mongodb,PM10
P1.ASANTAS.ESTE_1900-01-05T00:00:00_pm10,p1.asantas.este,1900-01-05 00:00:00+00:00,7.167942176870749,µg/m³,PM10,mongodb,PM10
P1.ASANTAS.ESTE_1900-01-06T00:00:00_pm10,p1.asantas.este,1900-01-06 00:00:00+00:00,52.0,µg/m³,PM10,mongodb,PM10
P1.ASANTAS.ESTE_1899-12-31T00:00:00_pm10,p1.asantas.este,1899-12-31 00:00:00+00:00,44.5,µg/m³,PM10,mongodb,PM10
P1.ASANTAS.ESTE_1900-01-06T00:00:00_pm10,p1.asantas.este,1900-01-06 00:00:00+00:00,14.559708333333335,µg/m³,PM10,mongodb,PM10
P1.ASANTAS.ESTE_1899-12-31T00:00:00_pm10,p1.asantas.este,1899-12-31 00:00:00+00:00,29.292916666666667,µg/m³,PM10,mongodb,PM10
P1.ASANTAS.ESTE_1900-01-06T00:00:00_pm10,p1.asantas.este,1900-01-06 00:00:00+00:00,17.77958333333333,µg/m³,PM10,mongodb,PM10
P1.ASANTAS.ESTE_1899-12-31T00:00:00_pm10,p1.asantas.este,1899-12-31 00:00:00+00:00,31.53444683908046,µg/m³,PM10,mongodb,PM10
P1.ASANTAS.ESTE_1900-01-06T00:00:00_pm10,p1.asantas.este,1900-01-06 00:00:00+00:00,31.083333333333332,µg/m³,PM10,mongodb,PM10
P1.ASANTAS.ESTE_1899-12-31T00:00:00_pm10,p1.asantas.este,1899-12-31 00:00:00+00:00,35.166666666666664,µg/m³,PM10,mongodb,PM10
P1.ASANTAS.ESTE_1900-01-06T00:00:00_pm10,p1.asantas.este,1900-01-06 00:00:00+00:00,16.017458333333337,µg/m³,PM10,mongodb,PM10
P1.ASANTAS.ESTE_1899-12-31T00:00:00_pm10,p1.asantas.este,1899-12-31 00:00:00+00:00,18.2548875,µg/m³,PM10,mongodb,PM10
P1.ASANTAS.ESTE_1900-01-06T00:00:00_pm10,p1.asantas.este,1900-01-06 00:00:00+00:00,15.622478260869563,µg/m³,PM10,mongodb,PM10
P1.ASANTAS.ESTE_1899-12-31T00:00:00_pm10,p1.asantas.este,1899-12-31 00:00:00+00:00,29.16208333333334,µg/m³,PM10,mongodb,PM10
P1.ASANTAS.ESTE_1900-01-06T00:00:00_pm10,p1.asantas.este,1900-01-06 00:00:00+00:00,20.595909090909085,µg/m³,PM10,mongodb,PM10
P1.ASANTAS.ESTE_1899-12-31T00:00:00_pm10,p1.asantas.este,1899-12-31 00:00:00+00:00,15.284999999999997,µg/m³,PM10,mongodb,PM10
P1.ASANTAS.ESTE_1900-01-06T00:00:00_pm10,p1.asantas.este,1900-01-06 00:00:00+00:00,30.795,µg/m³,PM10,mongodb,PM10
P1.ASANTAS.ESTE_1899-12-31T00:00:00_pm10,p1.asantas.este,1899-12-31 00:00:00+00:00,24.376250000000002,µg/m³,PM10,mongodb,PM10
P1.ASANTAS.ESTE_1900-01-06T00:00:00_pm10,p1.asantas.este,1900-01-06 00:00:00+00:00,21.659654166666666,µg/m³,PM10,mongodb,PM10
P1.ASANTAS.ESTE_1899-12-31T00:00:00_pm10,p1.asantas.este,1899-12-31 00:00:00+00:00,12.793579166666666,µg/m³,PM10,mongodb,PM10
P1.ASANTAS.ESTE_1900-01-06T00:00:00_pm10,p1.asantas.este,1900-01-06 00:00:00+00:00,25.048841411564624,µg/m³,PM10,mongodb,PM10
P1.ASANTAS.ESTE_1899-12-31T00:00:00_pm10,p1.asantas.este,1899-12-31 00:00:00+00:00,13.67362882653061,µg/m³,PM10,mongodb,PM10
P1.ASANTAS.ESTE_1900-01-06T00:00:00_pm10,p1.asantas.este,1900-01-06 00:00:00+00:00,12.233690529336736,µg/m³,PM10,mongodb,PM10
P1.ASANTAS.ESTE_1899-12-31T00:00:00_pm10,p1.asantas.este,1899-12-31 00:00:00+00:00,18.236546035289116,µg/m³,PM10,mongodb,PM10
P1.OVAR.ESTE_1900-01-03T00:00:00_pm10,p1.ovar.este,1900-01-03 00:00:00+00:00,20.535789399827284,µg/m³,PM10,mongodb,PM10
P1.OVAR.ESTE_1900-01-04T00:00:00_pm10,p1.ovar.este,1900-01-04 00:00:00+00:00,11.586289831606218,µg/m³,PM10,mongodb,PM10
P1.OVAR.ESTE_1900-01-05T00:00:00_pm10,p1.ovar.este,1900-01-05 00:00:00+00:00,9.261127428756472,µg/m³,PM10,mongodb,PM10
P1.OVAR.ESTE_1900-01-01T00:00:00_pm10,p1.ovar.este,1900-01-01 00:00:00+00:00,7.752301840457687,µg/m³,PM10,mongodb,PM10
P1.OVAR.ESTE_1900-01-02T00:00:00_pm10,p1.ovar.este,1900-01-02 00:00:00+00:00,9.915953421848016,µg/m³,PM10,mongodb,PM10
P1.OVAR.ESTE_1900-01-05T00:00:00_pm10,p1.ovar.este,1900-01-05 00:00:00+00:00,13.816666666666665,µg/m³,PM10,mongodb,PM10
P1.OVAR.ESTE_1900-01-01T00:00:00_pm10,p1.ovar.este,1900-01-01 00:00:00+00:00,35.208333333333336,µg/m³,PM10,mongodb,PM10
P1.OVAR.ESTE_1900-01-02T00:00:00_pm10,p1.ovar.este,1900-01-02 00:00:00+00:00,8.55,µg/m³,PM10,mongodb,PM10
P1.OVAR.ESTE_1900-01-03T00:00:00_pm10,p1.ovar.este,1900-01-03 00:00:00+00:00,14.30833333333333,µg/m³,PM10,mongodb,PM10
P1.OVAR.ESTE_1900-01-04T00:00:00_pm10,p1.ovar.este,1900-01-04 00:00:00+00:00,11.39583333333333,µg/m³,PM10,mongodb,PM10
P1.OVAR.ESTE_1900-01-04T00:00:00_pm10,p1.ovar.este,1900-01-04 00:00:00+00:00,8.7,µg/m³,PM10,mongodb,PM10
P1.OVAR.ESTE_1900-01-05T00:00:00_pm10,p1.ovar.este,1900-01-05 00:00:00+00:00,10.2875,µg/m³,PM10,mongodb,PM10
P1.OVAR.ESTE_1900-01-01T00:00:00_pm10,p1.ovar.este,1900-01-01 00:00:00+00:00,7.633333333333334,µg/m³,PM10,mongodb,PM10
P1.OVAR.ESTE_1900-01-02T00:00:00_pm10,p1.ovar.este,1900-01-02 00:00:00+00:00,11.641666666666667,µg/m³,PM10,mongodb,PM10
P1.OVAR.ESTE_1900-01-03T00:00:00_pm10,p1.ovar.este,1900-01-03 00:00:00+00:00,19.362499999999997,µg/m³,PM10,mongodb,PM10
P1.OVAR.ESTE_1900-01-03T00:00:00_pm10,p1.ovar.este,1900-01-03 00:00:00+00:00,22.55,µg/m³,PM10,mongodb,PM10
P1.OVAR.ESTE_1900-01-04T00:00:00_pm10,p1.ovar.este,1900-01-04 00:00:00+00:00,21.037500000000005,µg/m³,PM10,mongodb,PM10
P1.OVAR.ESTE_1900-01-05T00:00:00_pm10,p1.ovar.este,1900-01-05 00:00:00+00:00,25.60416666666667,µg/m³,PM10,mongodb,PM10
P1.OVAR.ESTE_1900-01-01T00:00:00_pm10,p1.ovar.este,1900-01-01 00:00:00+00:00,15.233333333333336,µg/m³,PM10,mongodb,PM10
P1.OVAR.ESTE_1900-01-02T00:00:00_pm10,p1.ovar.este,1900-01-02 00:00:00+00:00,18.724999999999998,µg/m³,PM10,mongodb,PM10
P1.OVAR.ESTE_1900-01-06T00:00:00_pm10,p1.ovar.este,1900-01-06 00:00:00+00:00,9.123788833117445,µg/m³,PM10,mongodb,PM10
P1.OVAR.ESTE_1899-12-31T00:00:00_pm10,p1.ovar.este,1899-12-31 00:00:00+00:00,19.165449697754756,µg/m³,PM10,mongodb,PM10
P1.OVAR.ESTE_1900-01-06T00:00:00_pm10,p1.ovar.este,1900-01-06 00:00:00+00:00,18.166666666666668,µg/m³,PM10,mongodb,PM10
P1.OVAR.ESTE_1899-12-31T00:00:00_pm10,p1.ovar.este,1899-12-31 00:00:00+00:00,13.249999999999998,µg/m³,PM10,mongodb,PM10
P1.OVAR.ESTE_1900-01-06T00:00:00_pm10,p1.ovar.este,1900-01-06 00:00:00+00:00,9.829166666666667,µg/m³,PM10,mongodb,PM10
P1.OVAR.ESTE_1899-12-31T00:00:00_pm10,p1.ovar.este,1899-12-31 00:00:00+00:00,9.15,µg/m³,PM10,mongodb,PM10
P1.OVAR.ESTE_1900-01-06T00:00:00_pm10,p1.ovar.este,1900-01-06 00:00:00+00:00,15.808333333333332,µg/m³,PM10,mongodb,PM10
P1.OVAR.ESTE_1899-12-31T00:00:00_pm10,p1.ovar.este,1899-12-31 00:00:00+00:00,14.475000000000001,µg/m³,PM10,mongodb,PM10
P1.OVAR.ESTE_1900-01-01T00:00:00_pm10,p1.ovar.este,1900-01-01 00:00:00+00:00,10.133333333333333,µg/m³,PM10,mongodb,PM10
P1.PQ.NAÇOES_1900-01-01T00:00:00_pm10,p1.pq.naçoes,1900-01-01 00:00:00+00:00,104.125,µg/m³,PM10,mongodb,PM10
P1.SJVER.ESTE_1900-01-03T00:00:00_pm10,p1.sjver.este,1900-01-03 00:00:00+00:00,30.466666666666672,µg/m³,PM10,mongodb,PM10
P1.SJVER.ESTE_1900-01-04T00:00:00_pm10,p1.sjver.este,1900-01-04 00:00:00+00:00,29.170833333333338,µg/m³,PM10,mongodb,PM10
P1.SJVER.ESTE_1900-01-05T00:00:00_pm10,p1.sjver.este,1900-01-05 00:00:00+00:00,40.94166666666667,µg/m³,PM10,mongodb,PM10
P1.SJVER.ESTE_1900-01-01T00:00:00_pm10,p1.sjver.este,1900-01-01 00:00:00+00:00,15.816666666666668,µg/m³,PM10,mongodb,PM10
P1.SJVER.ESTE_1900-01-02T00:00:00_pm10,p1.sjver.este,1900-01-02 00:00:00+00:00,14.770833333333334,µg/m³,PM10,mongodb,PM10
P1.SJVER.ESTE_1900-01-02T00:00:00_pm10,p1.sjver.este,1900-01-02 00:00:00+00:00,28.603571428571428,µg/m³,PM10,mongodb,PM10
P1.SJVER.ESTE_1900-01-03T00:00:00_pm10,p1.sjver.este,1900-01-03 00:00:00+00:00,32.582142857142856,µg/m³,PM10,mongodb,PM10
P1.SJVER.ESTE_1900-01-04T00:00:00_pm10,p1.sjver.este,1900-01-04 00:00:00+00:00,43.04968944099378,µg/m³,PM10,mongodb,PM10
P1.SJVER.ESTE_1900-01-05T00:00:00_pm10,p1.sjver.este,1900-01-05 00:00:00+00:00,20.84285714285714,µg/m³,PM10,mongodb,PM10
P1.SJVER.ESTE_1900-01-01T00:00:00_pm10,p1.sjver.este,1900-01-01 00:00:00+00:00,11.770238095238092,µg/m³,PM10,mongodb,PM10
P1.SJVER.ESTE_1900-01-05T00:00:00_pm10,p1.sjver.este,1900-01-05 00:00:00+00:00,40.5,µg/m³,PM10,mongodb,PM10
P1.SJVER.ESTE_1900-01-01T00:00:00_pm10,p1.sjver.este,1900-01-01 00:00:00+00:00,17.0,µg/m³,PM10,mongodb,PM10
P1.SJVER.ESTE_1900-01-02T00:00:00_pm10,p1.sjver.este,1900-01-02 00:00:00+00:00,27.75,µg/m³,PM10,mongodb,PM10
P1.SJVER.ESTE_1900-01-03T00:00:00_pm10,p1.sjver.este,1900-01-03 00:00:00+00:00,27.666666666666668,µg/m³,PM10,mongodb,PM10
P1.SJVER.ESTE_1900-01-04T00:00:00_pm10,p1.sjver.este,1900-01-04 00:00:00+00:00,26.458333333333332,µg/m³,PM10,mongodb,PM10
P1.SJVER.ESTE_1900-01-03T00:00:00_pm10,p1.sjver.este,1900-01-03 00:00:00+00:00,52.97916666666668,µg/m³,PM10,mongodb,PM10
P1.SJVER.ESTE_1900-01-04T00:00:00_pm10,p1.sjver.este,1900-01-04 00:00:00+00:00,37.57083333333333,µg/m³,PM10,mongodb,PM10
P1.SJVER.ESTE_1900-01-05T00:00:00_pm10,p1.sjver.este,1900-01-05 00:00:00+00:00,26.466666666666672,µg/m³,PM10,mongodb,PM10
P1.SJVER.ESTE_1900-01-01T00:00:00_pm10,p1.sjver.este,1900-01-01 00:00:00+00:00,42.93333333333334,µg/m³,PM10,mongodb,PM10
P1.SJVER.ESTE_1900-01-02T00:00:00_pm10,p1.sjver.este,1900-01-02 00:00:00+00:00,41.80416666666667,µg/m³,PM10,mongodb,PM10
P1.SJVER.ESTE_1900-01-05T00:00:00_pm10,p1.sjver.este,1900-01-05 00:00:00+00:00,62.38491708588174,µg/m³,PM10,mongodb,PM10
P1.SJVER.ESTE_1900-01-02T00:00:00_pm10,p1.sjver.este,1900-01-02 00:00:00+00:00,24.187499999999996,µg/m³,PM10,mongodb,PM10
P1.SJVER.ESTE_1900-01-03T00:00:00_pm10,p1.sjver.este,1900-01-03 00:00:00+00:00,24.575000000000003,µg/m³,PM10,mongodb,PM10
P1.SJVER.ESTE_1900-01-04T00:00:00_pm10,p1.sjver.este,1900-01-04 00:00:00+00:00,42.99130434782609,µg/m³,PM10,mongodb,PM10
P1.SJVER.ESTE_1900-01-05T00:00:00_pm10,p1.sjver.este,1900-01-05 00:00:00+00:00,33.08333333333333,µg/m³,PM10,mongodb,PM10
P1.SJVER.ESTE_1900-01-01T00:00:00_pm10,p1.sjver.este,1900-01-01 00:00:00+00:00,29.225000000000005,µg/m³,PM10,mongodb,PM10
P1.SJVER.ESTE_1900-01-05T00:00:00_pm10,p1.sjver.este,1900-01-05 00:00:00+00:00,24.625000000000004,µg/m³,PM10,mongodb,PM10
P1.SJVER.ESTE_1900-01-01T00:00:00_pm10,p1.sjver.este,1900-01-01 00:00:00+00:00,31.529166666666665,µg/m³,PM10,mongodb,PM10
P1.SJVER.ESTE_1900-01-02T00:00:00_pm10,p1.sjver.este,1900-01-02 00:00:00+00:00,25.820833333333336,µg/m³,PM10,mongodb,PM10
P1.SJVER.ESTE_1900-01-03T00:00:00_pm10,p1.sjver.este,1900-01-03 00:00:00+00:00,24.683333333333334,µg/m³,PM10,mongodb,PM10
P1.SJVER.ESTE_1900-01-04T00:00:00_pm10,p1.sjver.este,1900-01-04 00:00:00+00:00,35.05833333333334,µg/m³,PM10,mongodb,PM10
P1.SJVER.ESTE_1900-01-03T00:00:00_pm10,p1.sjver.este,1900-01-03 00:00:00+00:00,24.92916666666667,µg/m³,PM10,mongodb,PM10
P1.SJVER.ESTE_1900-01-04T00:00:00_pm10,p1.sjver.este,1900-01-04 00:00:00+00:00,27.920833333333334,µg/m³,PM10,mongodb,PM10
P1.SJVER.ESTE_1900-01-05T00:00:00_pm10,p1.sjver.este,1900-01-05 00:00:00+00:00,31.85833333333333,µg/m³,PM10,mongodb,PM10
P1.SJVER.ESTE_1900-01-01T00:00:00_pm10,p1.sjver.este,1900-01-01 00:00:00+00:00,31.737500000000008,µg/m³,PM10,mongodb,PM10
P1.SJVER.ESTE_1900-01-02T00:00:00_pm10,p1.sjver.este,1900-01-02 00:00:00+00:00,24.133333333333336,µg/m³,PM10,mongodb,PM10
P1.SJVER.ESTE_1900-01-05T00:00:00_pm10,p1.sjver.este,1900-01-05 00:00:00+00:00,15.669565217391309,µg/m³,PM10,mongodb,PM10
P1.SJVER.ESTE_1900-01-06T00:00:00_pm10,p1.sjver.este,1900-01-06 00:00:00+00:00,15.341666666666663,µg/m³,PM10,mongodb,PM10
P1.SJVER.ESTE_1899-12-31T00:00:00_pm10,p1.sjver.este,1899-12-31 00:00:00+00:00,7.354166666666669,µg/m³,PM10,mongodb,PM10
P1.SJVER.ESTE_1900-01-06T00:00:00_pm10,p1.sjver.este,1900-01-06 00:00:00+00:00,20.35,µg/m³,PM10,mongodb,PM10
P1.SJVER.ESTE_1899-12-31T00:00:00_pm10,p1.sjver.este,1899-12-31 00:00:00+00:00,20.089285714285715,µg/m³,PM10,mongodb,PM10
P1.SJVER.ESTE_1900-01-06T00:00:00_pm10,p1.sjver.este,1900-01-06 00:00:00+00:00,27.916666666666668,µg/m³,PM10,mongodb,PM10
P1.SJVER.ESTE_1899-12-31T00:00:00_pm10,p1.sjver.este,1899-12-31 00:00:00+00:00,16.375,µg/m³,PM10,mongodb,PM10
P1.SJVER.ESTE_1900-01-06T00:00:00_pm10,p1.sjver.este,1900-01-06 00:00:00+00:00,28.245833333333334,µg/m³,PM10,mongodb,PM10
P1.SJVER.ESTE_1899-12-31T00:00:00_pm10,p1.sjver.este,1899-12-31 00:00:00+00:00,28.162499999999998,µg/m³,PM10,mongodb,PM10
P1.SJVER.ESTE_1900-01-06T00:00:00_pm10,p1.sjver.este,1900-01-06 00:00:00+00:00,33.05681892891981,µg/m³,PM10,mongodb,PM10
P1.SJVER.ESTE_1899-12-31T00:00:00_pm10,p1.sjver.este,1899-12-31 00:00:00+00:00,20.749105241586918,µg/m³,PM10,mongodb,PM10
P1.SJVER.ESTE_1900-01-06T00:00:00_pm10,p1.sjver.este,1900-01-06 00:00:00+00:00,23.391666666666666,µg/m³,PM10,mongodb,PM10
P1.SJVER.ESTE_1899-12-31T00:00:00_pm10,p1.sjver.este,1899-12-31 00:00:00+00:00,18.304166666666664,µg/m³,PM10,mongodb,PM10
P1.SJVER.ESTE_1900-01-06T00:00:00_pm10,p1.sjver.este,1900-01-06 00:00:00+00:00,17.56666666666667,µg/m³,PM10,mongodb,PM10
P1.SJVER.ESTE_1899-12-31T00:00:00_pm10,p1.sjver.este,1899-12-31 00:00:00+00:00,16.949999999999996,µg/m³,PM10,mongodb,PM10
P1.SJVER.ESTE_1900-01-06T00:00:00_pm10,p1.sjver.este,1900-01-06 00:00:00+00:00,23.220833333333335,µg/m³,PM10,mongodb,PM10
P1.SJVER.ESTE_1899-12-31T00:00:00_pm10,p1.sjver.este,1899-12-31 00:00:00+00:00,17.120833333333334,µg/m³,PM10,mongodb,PM10
P1.SJVER.ESTE_1900-01-06T00:00:00_pm10,p1.sjver.este,1900-01-06 00:00:00+00:00,71.25,µg/m³,PM10,mongodb,PM10
P1.SJVER.ESTE_1900-01-06T00:00:00_pm10,p1.sjver.este,1900-01-06 00:00:00+00:00,13.954166666666666,µg/m³,PM10,mongodb,PM10
P1.SJVER.ESTE_1899-12-31T00:00:00_pm10,p1.sjver.este,1899-12-31 00:00:00+00:00,19.275,µg/m³,PM10,mongodb,PM10
P1.SJVER.ESTE_1900-01-01T00:00:00_pm10,p1.sjver.este,1900-01-01 00:00:00+00:00,25.119122807017547,µg/m³,PM10,mongodb,PM10
P1.GRIJO.ESTE_1900-01-01T00:00:00_pm10,p1.grijo.este,1900-01-01 00:00:00+00:00,33.40006666666667,µg/m³,PM10,mongodb,PM10
P1.ASANTAS.ESTE_1900-01-05T00:00:00_pm10,p1.asantas.este,1900-01-05 00:00:00+00:00,36.333333333333336,µg/m³,PM10,mongodb,PM10
P1.ASANTAS.ESTE_1900-01-01T00:00:00_pm10,p1.asantas.este,1900-01-01 00:00:00+00:00,71.83333333333333,µg/m³,PM10,mongodb,PM10
P1.ASANTAS.ESTE_1900-01-02T00:00:00_pm10,p1.asantas.este,1900-01-02 00:00:00+00:00,15.333333333333334,µg/m³,PM10,mongodb,PM10
P1.ASANTAS.ESTE_1900-01-03T00:00:00_pm10,p1.asantas.este,1900-01-03 00:00:00+00:00,17.0,µg/m³,PM10,mongodb,PM10
P1.ASANTAS.ESTE_1900-01-04T00:00:00_pm10,p1.asantas.este,1900-01-04 00:00:00+00:00,22.5,µg/m³,PM10,mongodb,PM10
P1.ASANTAS.ESTE_1900-01-01T00:00:00_pm10,p1.asantas.este,1900-01-01 00:00:00+00:00,17.097208333333338,µg/m³,PM10,mongodb,PM10
P1.ASANTAS.ESTE_1900-01-02T00:00:00_pm10,p1.asantas.este,1900-01-02 00:00:00+00:00,44.947333333333326,µg/m³,PM10,mongodb,PM10
P1.ASANTAS.ESTE_1900-01-03T00:00:00_pm10,p1.asantas.este,1900-01-03 00:00:00+00:00,18.767500000000002,µg/m³,PM10,mongodb,PM10
P1.ASANTAS.ESTE_1900-01-04T00:00:00_pm10,p1.asantas.este,1900-01-04 00:00:00+00:00,14.580041666666666,µg/m³,PM10,mongodb,PM10
P1.ASANTAS.ESTE_1900-01-05T00:00:00_pm10,p1.asantas.este,1900-01-05 00:00:00+00:00,19.992916666666666,µg/m³,PM10,mongodb,PM10
P1.ASANTAS.ESTE_1900-01-02T00:00:00_pm10,p1.asantas.este,1900-01-02 00:00:00+00:00,22.416666666666668,µg/m³,PM10,mongodb,PM10
P1.ASANTAS.ESTE_1900-01-03T00:00:00_pm10,p1.asantas.este,1900-01-03 00:00:00+00:00,21.25,µg/m³,PM10,mongodb,PM10
P1.ASANTAS.ESTE_1900-01-04T00:00:00_pm10,p1.asantas.este,1900-01-04 00:00:00+00:00,24.25,µg/m³,PM10,mongodb,PM10
P1.ASANTAS.ESTE_1900-01-05T00:00:00_pm10,p1.asantas.este,1900-01-05 00:00:00+00:00,27.583333333333332,µg/m³,PM10,mongodb,PM10
P1.ASANTAS.ESTE_1900-01-01T00:00:00_pm10,p1.asantas.este,1900-01-01 00:00:00+00:00,31.545454545454547,µg/m³,PM10,mongodb,PM10
P1.ASANTAS.ESTE_1900-01-02T00:00:00_pm10,p1.asantas.este,1900-01-02 00:00:00+00:00,10.413875,µg/m³,PM10,mongodb,PM10
P1.ASANTAS.ESTE_1900-01-03T00:00:00_pm10,p1.asantas.este,1900-01-03 00:00:00+00:00,18.578833333333332,µg/m³,PM10,mongodb,PM10
P1.ASANTAS.ESTE_1900-01-04T00:00:00_pm10,p1.asantas.este,1900-01-04 00:00:00+00:00,9.979987499999998,µg/m³,PM10,mongodb,PM10
P1.ASANTAS.ESTE_1900-01-05T00:00:00_pm10,p1.asantas.este,1900-01-05 00:00:00+00:00,14.700333333333333,µg/m³,PM10,mongodb,PM10
P1.ASANTAS.ESTE_1900-01-01T00:00:00_pm10,p1.asantas.este,1900-01-01 00:00:00+00:00,18.891333333333332,µg/m³,PM10,mongodb,PM10
P1.ASANTAS.ESTE_1900-01-05T00:00:00_pm10,p1.asantas.este,1900-01-05 00:00:00+00:00,7.560227272727272,µg/m³,PM10,mongodb,PM10
P1.ASANTAS.ESTE_1900-01-01T00:00:00_pm10,p1.asantas.este,1900-01-01 00:00:00+00:00,38.30083333333334,µg/m³,PM10,mongodb,PM10
P1.ASANTAS.ESTE_1900-01-02T00:00:00_pm10,p1.asantas.este,1900-01-02 00:00:00+00:00,23.92260869565217,µg/m³,PM10,mongodb,PM10
P1.ASANTAS.ESTE_1900-01-03T00:00:00_pm10,p1.asantas.este,1900-01-03 00:00:00+00:00,24.374583333333334,µg/m³,PM10,mongodb,PM10
P1.ASANTAS.ESTE_1900-01-04T00:00:00_pm10,p1.asantas.este,1900-01-04 00:00:00+00:00,26.95179166666666,µg/m³,PM10,mongodb,PM10
P1.ASANTAS.ESTE_1900-01-05T00:00:00_pm10,p1.asantas.este,1900-01-05 00:00:00+00:00,27.80956521739131,µg/m³,PM10,mongodb,PM10
P1.ASANTAS.ESTE_1900-01-04T00:00:00_pm10,p1.asantas.este,1900-01-04 00:00:00+00:00,32.54208333333333,µg/m³,PM10,mongodb,PM10
P1.ASANTAS.ESTE_1900-01-05T00:00:00_pm10,p1.asantas.este,1900-01-05 00:00:00+00:00,31.00633333333333,µg/m³,PM10,mongodb,PM10
P1.ASANTAS.ESTE_1900-01-01T00:00:00_pm10,p1.asantas.este,1900-01-01 00:00:00+00:00,23.826521739130435,µg/m³,PM10,mongodb,PM10
P1.ASANTAS.ESTE_1900-01-02T00:00:00_pm10,p1.asantas.este,1900-01-02 00:00:00+00:00,27.75458333333333,µg/m³,PM10,mongodb,PM10
P1.ASANTAS.ESTE_1900-01-03T00:00:00_pm10,p1.asantas.este,1900-01-03 00:00:00+00:00,23.706691666666668,µg/m³,PM10,mongodb,PM10
P1.ASANTAS.ESTE_1900-01-04T00:00:00_pm10,p1.asantas.este,1900-01-04 00:00:00+00:00,29.47083333333333,µg/m³,PM10,mongodb,PM10
P1.ASANTAS.ESTE_1900-01-05T00:00:00_pm10,p1.asantas.este,1900-01-05 00:00:00+00:00,24.885741666666664,µg/m³,PM10,mongodb,PM10
P1.ASANTAS.ESTE_1900-01-03T00:00:00_pm10,p1.asantas.este,1900-01-03 00:00:00+00:00,17.452380952380956,µg/m³,PM10,mongodb,PM10
P1.ASANTAS.ESTE_1900-01-04T00:00:00_pm10,p1.asantas.este,1900-01-04 00:00:00+00:00,39.42368197278912,µg/m³,PM10,mongodb,PM10
P1.ASANTAS.ESTE_1900-01-05T00:00:00_pm10,p1.asantas.este,1900-01-05 00:00:00+00:00,25.827965561224485,µg/m³,PM10,mongodb,PM10
P1.ASANTAS.ESTE_1900-01-01T00:00:00_pm10,p1.asantas.este,1900-01-01 00:00:00+00:00,23.382996067176876,µg/m³,PM10,mongodb,PM10
P1.ASANTAS.ESTE_1900-01-01T00:00:00_pm10,p1.asantas.este,1900-01-01 00:00:00+00:00,16.042516847363945,µg/m³,PM10,mongodb,PM10
P1.ASANTAS.ESTE_1900-01-02T00:00:00_pm10,p1.asantas.este,1900-01-02 00:00:00+00:00,16.138103693664966,µg/m³,PM10,mongodb,PM10
P1.ASANTAS.ESTE_1900-01-03T00:00:00_pm10,p1.asantas.este,1900-01-03 00:00:00+00:00,23.127521258503396,µg/m³,PM10,mongodb,PM10
P1.ASANTAS.ESTE_1900-01-04T00:00:00_pm10,p1.asantas.este,1900-01-04 00:00:00+00:00,20.4281482514881,µg/m³,PM10,mongodb,PM10
P1.ASANTAS.ESTE_1900-01-05T00:00:00_pm10,p1.asantas.este,1900-01-05 00:00:00+00:00,7.167942176870749,µg/m³,PM10,mongodb,PM10
P1.ASANTAS.ESTE_1900-01-06T00:00:00_pm10,p1.asantas.este,1900-01-06 00:00:00+00:00,52.0,µg/m³,PM10,mongodb,PM10
P1.ASANTAS.ESTE_1899-12-31T00:00:00_pm10,p1.asantas.este,1899-12-31 00:00:00+00:00,44.5,µg/m³,PM10,mongodb,PM10
P1.ASANTAS.ESTE_1900-01-06T00:00:00_pm10,p1.asantas.este,1900-01-06 00:00:00+00:00,14.559708333333335,µg/m³,PM10,mongodb,PM10
P1.ASANTAS.ESTE_1899-12-31T00:00:00_pm10,p1.asantas.este,1899-12-31 00:00:00+00:00,29.292916666666667,µg/m³,PM10,mongodb,PM10
P1.ASANTAS.ESTE_1900-01-06T00:00:00_pm10,p1.asantas.este,1900-01-06 00:00:00+00:00,17.77958333333333,µg/m³,PM10,mongodb,PM10
P1.ASANTAS.ESTE_1899-12-31T00:00:00_pm10,p1.asantas.este,1899-12-31 00:00:00+00:00,31.53444683908046,µg/m³,PM10,mongodb,PM10
P1.ASANTAS.ESTE_1900-01-06T00:00:00_pm10,p1.asantas.este,1900-01-06 00:00:00+00:00,31.083333333333332,µg/m³,PM10,mongodb,PM10
P1.ASANTAS.ESTE_1899-12-31T00:00:00_pm10,p1.asantas.este,1899-12-31 00:00:00+00:00,35.166666666666664,µg/m³,PM10,mongodb,PM10
P1.ASANTAS.ESTE_1900-01-06T00:00:00_pm10,p1.asantas.este,1900-01-06 00:00:00+00:00,16.017458333333337,µg/m³,PM10,mongodb,PM10
P1.ASANTAS.ESTE_1899-12-31T00:00:00_pm10,p1.asantas.este,1899-12-31 00:00:00+00:00,18.2548875,µg/m³,PM10,mongodb,PM10
P1.ASANTAS.ESTE_1900-01-06T00:00:00_pm10,p1.asantas.este,1900-01-06 00:00:00+00:00,15.622478260869563,µg/m³,PM10,mongodb,PM10
P1.ASANTAS.ESTE_1899-12-31T00:00:00_pm10,p1.asantas.este,1899-12-31 00:00:00+00:00,29.16208333333334,µg/m³,PM10,mongodb,PM10
P1.ASANTAS.ESTE_1900-01-06T00:00:00_pm10,p1.asantas.este,1900-01-06 00:00:00+00:00,20.595909090909085,µg/m³,PM10,mongodb,PM10
P1.ASANTAS.ESTE_1899-12-31T00:00:00_pm10,p1.asantas.este,1899-12-31 00:00:00+00:00,15.284999999999997,µg/m³,PM10,mongodb,PM10
P1.ASANTAS.ESTE_1900-01-06T00:00:00_pm10,p1.asantas.este,1900-01-06 00:00:00+00:00,30.795,µg/m³,PM10,mongodb,PM10
P1.ASANTAS.ESTE_1899-12-31T00:00:00_pm10,p1.asantas.este,1899-12-31 00:00:00+00:00,24.376250000000002,µg/m³,PM10,mongodb,PM10
P1.ASANTAS.ESTE_1900-01-06T00:00:00_pm10,p1.asantas.este,1900-01-06 00:00:00+00:00,21.659654166666666,µg/m³,PM10,mongodb,PM10
P1.ASANTAS.ESTE_1899-12-31T00:00:00_pm10,p1.asantas.este,1899-12-31 00:00:00+00:00,12.793579166666666,µg/m³,PM10,mongodb,PM10
P1.ASANTAS.ESTE_1900-01-06T00:00:00_pm10,p1.asantas.este,1900-01-06 00:00:00+00:00,25.048841411564624,µg/m³,PM10,mongodb,PM10
P1.ASANTAS.ESTE_1899-12-31T00:00:00_pm10,p1.asantas.este,1899-12-31 00:00:00+00:00,13.67362882653061,µg/m³,PM10,mongodb,PM10
P1.ASANTAS.ESTE_1900-01-06T00:00:00_pm10,p1.asantas.este,1900-01-06 00:00:00+00:00,12.233690529336736,µg/m³,PM10,mongodb,PM10
P1.ASANTAS.ESTE_1899-12-31T00:00:00_pm10,p1.asantas.este,1899-12-31 00:00:00+00:00,18.236546035289116,µg/m³,PM10,mongodb,PM10
P1.PQ.NAÇOES_1900-01-01T00:00:00_temp,p1.pq.naçoes,1900-01-01 00:00:00+00:00,17.855,°C,Temperature,mongodb,Temperature
P1.GRIJO.ESTE_1900-01-01T00:00:00_temp,p1.grijo.este,1900-01-01 00:00:00+00:00,11.26,°C,Temperature,mongodb,Temperature
P1.PQ.NAÇOES_1900-01-01T00:00:00_temp,p1.pq.naçoes,1900-01-01 00:00:00+00:00,17.855,°C,Temperature,mongodb,Temperature
P1.GRIJO.ESTE_1900-01-01T00:00:00_temp,p1.grijo.este,1900-01-01 00:00:00+00:00,11.26,°C,Temperature,mongodb,Temperature
CTSa-gr03,empresa de electricidade dos açores s.a. - central termoeléctrica do pico - grupo 03,1899-12-30 12:00:00+00:00,6.48596618601665,%,O2,mongodb,O2
CTB-gr05,grupo 5,1899-12-30 12:00:00+00:00,5.379381437072234,%,O2,mongodb,O2
CTSb-gr07,grupo 7,1899-12-30 12:00:00+00:00,6.7442606989303675,%,O2,mongodb,O2
CCB-xs13,"coficab portugal - companhia de fios e cabos, lda. - 10549 - extrusora 1",2107-10-18 12:00:00+00:00,0.5,%,O2,mongodb,O2
0.0,mg/Nm³,CTSa-gr03,1899-12-30 12:00:00+00:00,empresa de electricidade dos açores s.a. - central termoeléctrica do pico - grupo 03,Bromides,mongodb,Bromides
0.0,mg/Nm³,CTB-gr05,1899-12-30 12:00:00+00:00,grupo 5,Bromides,mongodb,Bromides
0.0,mg/Nm³,CTSb-gr07,1899-12-30 12:00:00+00:00,grupo 7,Bromides,mongodb,Bromides
0.0,mg/Nm³,CCB-xs13,2107-10-18 12:00:00+00:00,"coficab portugal - companhia de fios e cabos, lda. - 10549 - extrusora 1",Bromides,mongodb,Bromides
0.0,mg/Nm³,CTSa-gr03,1899-12-30 12:00:00+00:00,empresa de electricidade dos açores s.a. - central termoeléctrica do pico - grupo 03,Fluorides,mongodb,Fluorides
0.0,mg/Nm³,CTB-gr05,1899-12-30 12:00:00+00:00,grupo 5,Fluorides,mongodb,Fluorides
0.0,mg/Nm³,CTSb-gr07,1899-12-30 12:00:00+00:00,grupo 7,Fluorides,mongodb,Fluorides
0.0,mg/Nm³,CCB-xs13,2107-10-18 12:00:00+00:00,"coficab portugal - companhia de fios e cabos, lda. - 10549 - extrusora 1",Fluorides,mongodb,Fluorides
0.0,mg/Nm³,CTSa-gr03,1899-12-30 12:00:00+00:00,empresa de electricidade dos açores s.a. - central termoeléctrica do pico - grupo 03,VOC,mongodb,VOC
0.0,mg/Nm³,CTB-gr05,1899-12-30 12:00:00+00:00,grupo 5,VOC,mongodb,VOC
14.096945691443736,mg/Nm³,CTSb-gr07,1899-12-30 12:00:00+00:00,grupo 7,VOC,mongodb,VOC
2.0114018055227336,mg/Nm³,CCB-xs13,2107-10-18 12:00:00+00:00,"coficab portugal - companhia de fios e cabos, lda. - 10549 - extrusora 1",VOC,mongodb,VOC
P1.OVAR.ESTE_1900-01-06T00:00:00_wd,p1.ovar.este,1900-01-06 00:00:00+00:00,0.0,Degree,WindDirection,mongodb,WindDirection
P1.OVAR.ESTE_1899-12-31T00:00:00_wd,p1.ovar.este,1899-12-31 00:00:00+00:00,0.0,Degree,WindDirection,mongodb,WindDirection
P1.OVAR.ESTE_1900-01-06T00:00:00_wd,p1.ovar.este,1900-01-06 00:00:00+00:00,0.0,Degree,WindDirection,mongodb,WindDirection
P1.OVAR.ESTE_1899-12-31T00:00:00_wd,p1.ovar.este,1899-12-31 00:00:00+00:00,0.0,Degree,WindDirection,mongodb,WindDirection
P1.OVAR.ESTE_1900-01-06T00:00:00_wd,p1.ovar.este,1900-01-06 00:00:00+00:00,0.0,Degree,WindDirection,mongodb,WindDirection
P1.OVAR.ESTE_1899-12-31T00:00:00_wd,p1.ovar.este,1899-12-31 00:00:00+00:00,0.0,Degree,WindDirection,mongodb,WindDirection
P1.OVAR.ESTE_1900-01-06T00:00:00_wd,p1.ovar.este,1900-01-06 00:00:00+00:00,0.0,Degree,WindDirection,mongodb,WindDirection
P1.OVAR.ESTE_1899-12-31T00:00:00_wd,p1.ovar.este,1899-12-31 00:00:00+00:00,0.0,Degree,WindDirection,mongodb,WindDirection
P1.OVAR.ESTE_1900-01-01T00:00:00_wd,p1.ovar.este,1900-01-01 00:00:00+00:00,120.2,Degree,WindDirection,mongodb,WindDirection
P1.PQ.NAÇOES_1900-01-01T00:00:00_wd,p1.pq.naçoes,1900-01-01 00:00:00+00:00,227.77333333333334,Degree,WindDirection,mongodb,WindDirection
P1.SJVER.ESTE_1900-01-06T00:00:00_wd,p1.sjver.este,1900-01-06 00:00:00+00:00,0.0,Degree,WindDirection,mongodb,WindDirection
P1.SJVER.ESTE_1899-12-31T00:00:00_wd,p1.sjver.este,1899-12-31 00:00:00+00:00,0.0,Degree,WindDirection,mongodb,WindDirection
P1.SJVER.ESTE_1900-01-06T00:00:00_wd,p1.sjver.este,1900-01-06 00:00:00+00:00,0.0,Degree,WindDirection,mongodb,WindDirection
P1.SJVER.ESTE_1899-12-31T00:00:00_wd,p1.sjver.este,1899-12-31 00:00:00+00:00,0.0,Degree,WindDirection,mongodb,WindDirection
P1.SJVER.ESTE_1900-01-06T00:00:00_wd,p1.sjver.este,1900-01-06 00:00:00+00:00,0.0,Degree,WindDirection,mongodb,WindDirection
P1.SJVER.ESTE_1899-12-31T00:00:00_wd,p1.sjver.este,1899-12-31 00:00:00+00:00,0.0,Degree,WindDirection,mongodb,WindDirection
P1.SJVER.ESTE_1900-01-06T00:00:00_wd,p1.sjver.este,1900-01-06 00:00:00+00:00,0.0,Degree,WindDirection,mongodb,WindDirection
P1.SJVER.ESTE_1899-12-31T00:00:00_wd,p1.sjver.este,1899-12-31 00:00:00+00:00,0.0,Degree,WindDirection,mongodb,WindDirection
P1.SJVER.ESTE_1900-01-06T00:00:00_wd,p1.sjver.este,1900-01-06 00:00:00+00:00,0.0,Degree,WindDirection,mongodb,WindDirection
P1.SJVER.ESTE_1899-12-31T00:00:00_wd,p1.sjver.este,1899-12-31 00:00:00+00:00,0.0,Degree,WindDirection,mongodb,WindDirection
P1.SJVER.ESTE_1900-01-06T00:00:00_wd,p1.sjver.este,1900-01-06 00:00:00+00:00,0.0,Degree,WindDirection,mongodb,WindDirection
P1.SJVER.ESTE_1899-12-31T00:00:00_wd,p1.sjver.este,1899-12-31 00:00:00+00:00,0.0,Degree,WindDirection,mongodb,WindDirection
P1.SJVER.ESTE_1900-01-06T00:00:00_wd,p1.sjver.este,1900-01-06 00:00:00+00:00,0.0,Degree,WindDirection,mongodb,WindDirection
P1.SJVER.ESTE_1899-12-31T00:00:00_wd,p1.sjver.este,1899-12-31 00:00:00+00:00,0.0,Degree,WindDirection,mongodb,WindDirection
P1.SJVER.ESTE_1900-01-06T00:00:00_wd,p1.sjver.este,1900-01-06 00:00:00+00:00,0.0,Degree,WindDirection,mongodb,WindDirection
P1.SJVER.ESTE_1899-12-31T00:00:00_wd,p1.sjver.este,1899-12-31 00:00:00+00:00,0.0,Degree,WindDirection,mongodb,WindDirection
P1.SJVER.ESTE_1900-01-06T00:00:00_wd,p1.sjver.este,1900-01-06 00:00:00+00:00,0.0,Degree,WindDirection,mongodb,WindDirection
P1.SJVER.ESTE_1900-01-06T00:00:00_wd,p1.sjver.este,1900-01-06 00:00:00+00:00,0.0,Degree,WindDirection,mongodb,WindDirection
P1.SJVER.ESTE_1899-12-31T00:00:00_wd,p1.sjver.este,1899-12-31 00:00:00+00:00,0.0,Degree,WindDirection,mongodb,WindDirection
P1.SJVER.ESTE_1900-01-01T00:00:00_wd,p1.sjver.este,1900-01-01 00:00:00+00:00,163.43578333333335,Degree,WindDirection,mongodb,WindDirection
P1.GRIJO.ESTE_1900-01-01T00:00:00_wd,p1.grijo.este,1900-01-01 00:00:00+00:00,119.06666666666666,Degree,WindDirection,mongodb,WindDirection
P1.ASANTAS.ESTE_1900-01-06T00:00:00_wd,p1.asantas.este,1900-01-06 00:00:00+00:00,0.0,Degree,WindDirection,mongodb,WindDirection
P1.ASANTAS.ESTE_1899-12-31T00:00:00_wd,p1.asantas.este,1899-12-31 00:00:00+00:00,0.0,Degree,WindDirection,mongodb,WindDirection
P1.ASANTAS.ESTE_1900-01-06T00:00:00_wd,p1.asantas.este,1900-01-06 00:00:00+00:00,0.0,Degree,WindDirection,mongodb,WindDirection
P1.ASANTAS.ESTE_1899-12-31T00:00:00_wd,p1.asantas.este,1899-12-31 00:00:00+00:00,0.0,Degree,WindDirection,mongodb,WindDirection
P1.ASANTAS.ESTE_1900-01-06T00:00:00_wd,p1.asantas.este,1900-01-06 00:00:00+00:00,0.0,Degree,WindDirection,mongodb,WindDirection
P1.ASANTAS.ESTE_1899-12-31T00:00:00_wd,p1.asantas.este,1899-12-31 00:00:00+00:00,0.0,Degree,WindDirection,mongodb,WindDirection
P1.ASANTAS.ESTE_1900-01-06T00:00:00_wd,p1.asantas.este,1900-01-06 00:00:00+00:00,0.0,Degree,WindDirection,mongodb,WindDirection
P1.ASANTAS.ESTE_1899-12-31T00:00:00_wd,p1.asantas.este,1899-12-31 00:00:00+00:00,0.0,Degree,WindDirection,mongodb,WindDirection
P1.ASANTAS.ESTE_1900-01-06T00:00:00_wd,p1.asantas.este,1900-01-06 00:00:00+00:00,0.0,Degree,WindDirection,mongodb,WindDirection
P1.ASANTAS.ESTE_1899-12-31T00:00:00_wd,p1.asantas.este,1899-12-31 00:00:00+00:00,0.0,Degree,WindDirection,mongodb,WindDirection
P1.ASANTAS.ESTE_1900-01-06T00:00:00_wd,p1.asantas.este,1900-01-06 00:00:00+00:00,0.0,Degree,WindDirection,mongodb,WindDirection
P1.ASANTAS.ESTE_1899-12-31T00:00:00_wd,p1.asantas.este,1899-12-31 00:00:00+00:00,0.0,Degree,WindDirection,mongodb,WindDirection
P1.ASANTAS.ESTE_1900-01-06T00:00:00_wd,p1.asantas.este,1900-01-06 00:00:00+00:00,0.0,Degree,WindDirection,mongodb,WindDirection
P1.ASANTAS.ESTE_1899-12-31T00:00:00_wd,p1.asantas.este,1899-12-31 00:00:00+00:00,0.0,Degree,WindDirection,mongodb,WindDirection
P1.ASANTAS.ESTE_1900-01-06T00:00:00_wd,p1.asantas.este,1900-01-06 00:00:00+00:00,0.0,Degree,WindDirection,mongodb,WindDirection
P1.ASANTAS.ESTE_1899-12-31T00:00:00_wd,p1.asantas.este,1899-12-31 00:00:00+00:00,0.0,Degree,WindDirection,mongodb,WindDirection
P1.ASANTAS.ESTE_1900-01-06T00:00:00_wd,p1.asantas.este,1900-01-06 00:00:00+00:00,0.0,Degree,WindDirection,mongodb,WindDirection
P1.ASANTAS.ESTE_1899-12-31T00:00:00_wd,p1.asantas.este,1899-12-31 00:00:00+00:00,0.0,Degree,WindDirection,mongodb,WindDirection
P1.ASANTAS.ESTE_1900-01-06T00:00:00_wd,p1.asantas.este,1900-01-06 00:00:00+00:00,0.0,Degree,WindDirection,mongodb,WindDirection
P1.ASANTAS.ESTE_1899-12-31T00:00:00_wd,p1.asantas.este,1899-12-31 00:00:00+00:00,0.0,Degree,WindDirection,mongodb,WindDirection
P1.ASANTAS.ESTE_1900-01-06T00:00:00_wd,p1.asantas.este,1900-01-06 00:00:00+00:00,0.0,Degree,WindDirection,mongodb,WindDirection
P1.ASANTAS.ESTE_1899-12-31T00:00:00_wd,p1.asantas.este,1899-12-31 00:00:00+00:00,0.0,Degree,WindDirection,mongodb,WindDirection
P1.OVAR.ESTE_1900-01-06T00:00:00_wd,p1.ovar.este,1900-01-06 00:00:00+00:00,0.0,Degree,WindDirection,mongodb,WindDirection
P1.OVAR.ESTE_1899-12-31T00:00:00_wd,p1.ovar.este,1899-12-31 00:00:00+00:00,0.0,Degree,WindDirection,mongodb,WindDirection
P1.OVAR.ESTE_1900-01-06T00:00:00_wd,p1.ovar.este,1900-01-06 00:00:00+00:00,0.0,Degree,WindDirection,mongodb,WindDirection
P1.OVAR.ESTE_1899-12-31T00:00:00_wd,p1.ovar.este,1899-12-31 00:00:00+00:00,0.0,Degree,WindDirection,mongodb,WindDirection
P1.OVAR.ESTE_1900-01-06T00:00:00_wd,p1.ovar.este,1900-01-06 00:00:00+00:00,0.0,Degree,WindDirection,mongodb,WindDirection
P1.OVAR.ESTE_1899-12-31T00:00:00_wd,p1.ovar.este,1899-12-31 00:00:00+00:00,0.0,Degree,WindDirection,mongodb,WindDirection
P1.OVAR.ESTE_1900-01-06T00:00:00_wd,p1.ovar.este,1900-01-06 00:00:00+00:00,0.0,Degree,WindDirection,mongodb,WindDirection
P1.OVAR.ESTE_1899-12-31T00:00:00_wd,p1.ovar.este,1899-12-31 00:00:00+00:00,0.0,Degree,WindDirection,mongodb,WindDirection
P1.OVAR.ESTE_1900-01-01T00:00:00_wd,p1.ovar.este,1900-01-01 00:00:00+00:00,120.2,Degree,WindDirection,mongodb,WindDirection
P1.PQ.NAÇOES_1900-01-01T00:00:00_wd,p1.pq.naçoes,1900-01-01 00:00:00+00:00,227.77333333333334,Degree,WindDirection,mongodb,WindDirection
P1.SJVER.ESTE_1900-01-06T00:00:00_wd,p1.sjver.este,1900-01-06 00:00:00+00:00,0.0,Degree,WindDirection,mongodb,WindDirection
P1.SJVER.ESTE_1899-12-31T00:00:00_wd,p1.sjver.este,1899-12-31 00:00:00+00:00,0.0,Degree,WindDirection,mongodb,WindDirection
P1.SJVER.ESTE_1900-01-06T00:00:00_wd,p1.sjver.este,1900-01-06 00:00:00+00:00,0.0,Degree,WindDirection,mongodb,WindDirection
P1.SJVER.ESTE_1899-12-31T00:00:00_wd,p1.sjver.este,1899-12-31 00:00:00+00:00,0.0,Degree,WindDirection,mongodb,WindDirection
P1.SJVER.ESTE_1900-01-06T00:00:00_wd,p1.sjver.este,1900-01-06 00:00:00+00:00,0.0,Degree,WindDirection,mongodb,WindDirection
P1.SJVER.ESTE_1899-12-31T00:00:00_wd,p1.sjver.este,1899-12-31 00:00:00+00:00,0.0,Degree,WindDirection,mongodb,WindDirection
P1.SJVER.ESTE_1900-01-06T00:00:00_wd,p1.sjver.este,1900-01-06 00:00:00+00:00,0.0,Degree,WindDirection,mongodb,WindDirection
P1.SJVER.ESTE_1899-12-31T00:00:00_wd,p1.sjver.este,1899-12-31 00:00:00+00:00,0.0,Degree,WindDirection,mongodb,WindDirection
P1.SJVER.ESTE_1900-01-06T00:00:00_wd,p1.sjver.este,1900-01-06 00:00:00+00:00,0.0,Degree,WindDirection,mongodb,WindDirection
P1.SJVER.ESTE_1899-12-31T00:00:00_wd,p1.sjver.este,1899-12-31 00:00:00+00:00,0.0,Degree,WindDirection,mongodb,WindDirection
P1.SJVER.ESTE_1900-01-06T00:00:00_wd,p1.sjver.este,1900-01-06 00:00:00+00:00,0.0,Degree,WindDirection,mongodb,WindDirection
P1.SJVER.ESTE_1899-12-31T00:00:00_wd,p1.sjver.este,1899-12-31 00:00:00+00:00,0.0,Degree,WindDirection,mongodb,WindDirection
P1.SJVER.ESTE_1900-01-06T00:00:00_wd,p1.sjver.este,1900-01-06 00:00:00+00:00,0.0,Degree,WindDirection,mongodb,WindDirection
P1.SJVER.ESTE_1899-12-31T00:00:00_wd,p1.sjver.este,1899-12-31 00:00:00+00:00,0.0,Degree,WindDirection,mongodb,WindDirection
P1.SJVER.ESTE_1900-01-06T00:00:00_wd,p1.sjver.este,1900-01-06 00:00:00+00:00,0.0,Degree,WindDirection,mongodb,WindDirection
P1.SJVER.ESTE_1899-12-31T00:00:00_wd,p1.sjver.este,1899-12-31 00:00:00+00:00,0.0,Degree,WindDirection,mongodb,WindDirection
P1.SJVER.ESTE_1900-01-06T00:00:00_wd,p1.sjver.este,1900-01-06 00:00:00+00:00,0.0,Degree,WindDirection,mongodb,WindDirection
P1.SJVER.ESTE_1900-01-06T00:00:00_wd,p1.sjver.este,1900-01-06 00:00:00+00:00,0.0,Degree,WindDirection,mongodb,WindDirection
P1.SJVER.ESTE_1899-12-31T00:00:00_wd,p1.sjver.este,1899-12-31 00:00:00+00:00,0.0,Degree,WindDirection,mongodb,WindDirection
P1.SJVER.ESTE_1900-01-01T00:00:00_wd,p1.sjver.este,1900-01-01 00:00:00+00:00,163.43578333333335,Degree,WindDirection,mongodb,WindDirection
P1.GRIJO.ESTE_1900-01-01T00:00:00_wd,p1.grijo.este,1900-01-01 00:00:00+00:00,119.06666666666666,Degree,WindDirection,mongodb,WindDirection
P1.ASANTAS.ESTE_1900-01-06T00:00:00_wd,p1.asantas.este,1900-01-06 00:00:00+00:00,0.0,Degree,WindDirection,mongodb,WindDirection
P1.ASANTAS.ESTE_1899-12-31T00:00:00_wd,p1.asantas.este,1899-12-31 00:00:00+00:00,0.0,Degree,WindDirection,mongodb,WindDirection
P1.ASANTAS.ESTE_1900-01-06T00:00:00_wd,p1.asantas.este,1900-01-06 00:00:00+00:00,0.0,Degree,WindDirection,mongodb,WindDirection
P1.ASANTAS.ESTE_1899-12-31T00:00:00_wd,p1.asantas.este,1899-12-31 00:00:00+00:00,0.0,Degree,WindDirection,mongodb,WindDirection
P1.ASANTAS.ESTE_1900-01-06T00:00:00_wd,p1.asantas.este,1900-01-06 00:00:00+00:00,0.0,Degree,WindDirection,mongodb,WindDirection
P1.ASANTAS.ESTE_1899-12-31T00:00:00_wd,p1.asantas.este,1899-12-31 00:00:00+00:00,0.0,Degree,WindDirection,mongodb,WindDirection
P1.ASANTAS.ESTE_1900-01-06T00:00:00_wd,p1.asantas.este,1900-01-06 00:00:00+00:00,0.0,Degree,WindDirection,mongodb,WindDirection
P1.ASANTAS.ESTE_1899-12-31T00:00:00_wd,p1.asantas.este,1899-12-31 00:00:00+00:00,0.0,Degree,WindDirection,mongodb,WindDirection
P1.ASANTAS.ESTE_1900-01-06T00:00:00_wd,p1.asantas.este,1900-01-06 00:00:00+00:00,0.0,Degree,WindDirection,mongodb,WindDirection
P1.ASANTAS.ESTE_1899-12-31T00:00:00_wd,p1.asantas.este,1899-12-31 00:00:00+00:00,0.0,Degree,WindDirection,mongodb,WindDirection
P1.ASANTAS.ESTE_1900-01-06T00:00:00_wd,p1.asantas.este,1900-01-06 00:00:00+00:00,0.0,Degree,WindDirection,mongodb,WindDirection
P1.ASANTAS.ESTE_1899-12-31T00:00:00_wd,p1.asantas.este,1899-12-31 00:00:00+00:00,0.0,Degree,WindDirection,mongodb,WindDirection
P1.ASANTAS.ESTE_1900-01-06T00:00:00_wd,p1.asantas.este,1900-01-06 00:00:00+00:00,0.0,Degree,WindDirection,mongodb,WindDirection
P1.ASANTAS.ESTE_1899-12-31T00:00:00_wd,p1.asantas.este,1899-12-31 00:00:00+00:00,0.0,Degree,WindDirection,mongodb,WindDirection
P1.ASANTAS.ESTE_1900-01-06T00:00:00_wd,p1.asantas.este,1900-01-06 00:00:00+00:00,0.0,Degree,WindDirection,mongodb,WindDirection
P1.ASANTAS.ESTE_1899-12-31T00:00:00_wd,p1.asantas.este,1899-12-31 00:00:00+00:00,0.0,Degree,WindDirection,mongodb,WindDirection
P1.ASANTAS.ESTE_1900-01-06T00:00:00_wd,p1.asantas.este,1900-01-06 00:00:00+00:00,0.0,Degree,WindDirection,mongodb,WindDirection
P1.ASANTAS.ESTE_1899-12-31T00:00:00_wd,p1.asantas.este,1899-12-31 00:00:00+00:00,0.0,Degree,WindDirection,mongodb,WindDirection
P1.ASANTAS.ESTE_1900-01-06T00:00:00_wd,p1.asantas.este,1900-01-06 00:00:00+00:00,0.0,Degree,WindDirection,mongodb,WindDirection
P1.ASANTAS.ESTE_1899-12-31T00:00:00_wd,p1.asantas.este,1899-12-31 00:00:00+00:00,0.0,Degree,WindDirection,mongodb,WindDirection
P1.ASANTAS.ESTE_1900-01-06T00:00:00_wd,p1.asantas.este,1900-01-06 00:00:00+00:00,0.0,Degree,WindDirection,mongodb,WindDirection
P1.ASANTAS.ESTE_1899-12-31T00:00:00_wd,p1.asantas.este,1899-12-31 00:00:00+00:00,0.0,Degree,WindDirection,mongodb,WindDirection
P1.OVAR.ESTE_1900-01-03T00:00:00_co,p1.ovar.este,1900-01-03 00:00:00+00:00,0.2673820646341464,mg/m³,CO,mongodb,CO
P1.OVAR.ESTE_1900-01-04T00:00:00_co,p1.ovar.este,1900-01-04 00:00:00+00:00,0.3277539548780488,mg/m³,CO,mongodb,CO
P1.OVAR.ESTE_1900-01-05T00:00:00_co,p1.ovar.este,1900-01-05 00:00:00+00:00,0.2845112414634147,mg/m³,CO,mongodb,CO
P1.OVAR.ESTE_1900-01-01T00:00:00_co,p1.ovar.este,1900-01-01 00:00:00+00:00,0.24767160731707324,mg/m³,CO,mongodb,CO
P1.OVAR.ESTE_1900-01-02T00:00:00_co,p1.ovar.este,1900-01-02 00:00:00+00:00,0.19113404634146344,mg/m³,CO,mongodb,CO
P1.OVAR.ESTE_1900-01-05T00:00:00_co,p1.ovar.este,1900-01-05 00:00:00+00:00,0.24244822780373834,mg/m³,CO,mongodb,CO
P1.OVAR.ESTE_1900-01-01T00:00:00_co,p1.ovar.este,1900-01-01 00:00:00+00:00,0.30813140537383177,mg/m³,CO,mongodb,CO
P1.OVAR.ESTE_1900-01-02T00:00:00_co,p1.ovar.este,1900-01-02 00:00:00+00:00,0.21528429672897198,mg/m³,CO,mongodb,CO
P1.OVAR.ESTE_1900-01-03T00:00:00_co,p1.ovar.este,1900-01-03 00:00:00+00:00,0.22849466224457468,mg/m³,CO,mongodb,CO
P1.OVAR.ESTE_1900-01-04T00:00:00_co,p1.ovar.este,1900-01-04 00:00:00+00:00,0.26194191939252337,mg/m³,CO,mongodb,CO
P1.OVAR.ESTE_1900-01-04T00:00:00_co,p1.ovar.este,1900-01-04 00:00:00+00:00,0.22911894087403603,mg/m³,CO,mongodb,CO
P1.OVAR.ESTE_1900-01-05T00:00:00_co,p1.ovar.este,1900-01-05 00:00:00+00:00,0.21885274550128533,mg/m³,CO,mongodb,CO
P1.OVAR.ESTE_1900-01-01T00:00:00_co,p1.ovar.este,1900-01-01 00:00:00+00:00,0.21615852956298204,mg/m³,CO,mongodb,CO
P1.OVAR.ESTE_1900-01-02T00:00:00_co,p1.ovar.este,1900-01-02 00:00:00+00:00,0.1943934910025707,mg/m³,CO,mongodb,CO
P1.OVAR.ESTE_1900-01-03T00:00:00_co,p1.ovar.este,1900-01-03 00:00:00+00:00,0.1900616143958869,mg/m³,CO,mongodb,CO
P1.OVAR.ESTE_1900-01-03T00:00:00_co,p1.ovar.este,1900-01-03 00:00:00+00:00,0.20310866413181242,mg/m³,CO,mongodb,CO
P1.OVAR.ESTE_1900-01-04T00:00:00_co,p1.ovar.este,1900-01-04 00:00:00+00:00,0.21766382889733837,mg/m³,CO,mongodb,CO
P1.OVAR.ESTE_1900-01-05T00:00:00_co,p1.ovar.este,1900-01-05 00:00:00+00:00,0.23855242205323196,mg/m³,CO,mongodb,CO
P1.OVAR.ESTE_1900-01-01T00:00:00_co,p1.ovar.este,1900-01-01 00:00:00+00:00,0.21039709885931562,mg/m³,CO,mongodb,CO
P1.OVAR.ESTE_1900-01-02T00:00:00_co,p1.ovar.este,1900-01-02 00:00:00+00:00,0.2664342661596958,mg/m³,CO,mongodb,CO
P1.OVAR.ESTE_1900-01-06T00:00:00_co,p1.ovar.este,1900-01-06 00:00:00+00:00,0.23520377195121955,mg/m³,CO,mongodb,CO
P1.OVAR.ESTE_1899-12-31T00:00:00_co,p1.ovar.este,1899-12-31 00:00:00+00:00,0.3514115158536586,mg/m³,CO,mongodb,CO
P1.OVAR.ESTE_1900-01-06T00:00:00_co,p1.ovar.este,1900-01-06 00:00:00+00:00,0.3053826028037383,mg/m³,CO,mongodb,CO
P1.OVAR.ESTE_1899-12-31T00:00:00_co,p1.ovar.este,1899-12-31 00:00:00+00:00,0.3673326904205607,mg/m³,CO,mongodb,CO
P1.OVAR.ESTE_1900-01-06T00:00:00_co,p1.ovar.este,1900-01-06 00:00:00+00:00,0.21121913367609257,mg/m³,CO,mongodb,CO
P1.OVAR.ESTE_1899-12-31T00:00:00_co,p1.ovar.este,1899-12-31 00:00:00+00:00,0.20060075321336765,mg/m³,CO,mongodb,CO
P1.OVAR.ESTE_1900-01-06T00:00:00_co,p1.ovar.este,1900-01-06 00:00:00+00:00,0.2697290380228137,mg/m³,CO,mongodb,CO
P1.OVAR.ESTE_1899-12-31T00:00:00_co,p1.ovar.este,1899-12-31 00:00:00+00:00,0.32702941825095055,mg/m³,CO,mongodb,CO
P1.OVAR.ESTE_1900-01-01T00:00:00_co,p1.ovar.este,1900-01-01 00:00:00+00:00,0.13333333333333336,mg/m³,CO,mongodb,CO
P1.PQ.NAÇOES_1900-01-01T00:00:00_co,p1.pq.naçoes,1900-01-01 00:00:00+00:00,0.6159333333333333,mg/m³,CO,mongodb,CO
P1.SJVER.ESTE_1900-01-03T00:00:00_co,p1.sjver.este,1900-01-03 00:00:00+00:00,0.25141674730538927,mg/m³,CO,mongodb,CO
P1.SJVER.ESTE_1900-01-04T00:00:00_co,p1.sjver.este,1900-01-04 00:00:00+00:00,0.25935635808383234,mg/m³,CO,mongodb,CO
P1.SJVER.ESTE_1900-01-05T00:00:00_co,p1.sjver.este,1900-01-05 00:00:00+00:00,0.20105060958083837,mg/m³,CO,mongodb,CO
P1.SJVER.ESTE_1900-01-01T00:00:00_co,p1.sjver.este,1900-01-01 00:00:00+00:00,0.1735323610778443,mg/m³,CO,mongodb,CO
P1.SJVER.ESTE_1900-01-02T00:00:00_co,p1.sjver.este,1900-01-02 00:00:00+00:00,0.22066759341317368,mg/m³,CO,mongodb,CO
P1.SJVER.ESTE_1900-01-02T00:00:00_co,p1.sjver.este,1900-01-02 00:00:00+00:00,0.36972282305795323,mg/m³,CO,mongodb,CO
P1.SJVER.ESTE_1900-01-03T00:00:00_co,p1.sjver.este,1900-01-03 00:00:00+00:00,0.39123484525277447,mg/m³,CO,mongodb,CO
P1.SJVER.ESTE_1900-01-04T00:00:00_co,p1.sjver.este,1900-01-04 00:00:00+00:00,0.3552971140567202,mg/m³,CO,mongodb,CO
P1.SJVER.ESTE_1900-01-05T00:00:00_co,p1.sjver.este,1900-01-05 00:00:00+00:00,0.3775557299630087,mg/m³,CO,mongodb,CO
P1.SJVER.ESTE_1900-01-01T00:00:00_co,p1.sjver.este,1900-01-01 00:00:00+00:00,0.24962246855733666,mg/m³,CO,mongodb,CO
P1.SJVER.ESTE_1900-01-05T00:00:00_co,p1.sjver.este,1900-01-05 00:00:00+00:00,0.196863342039801,mg/m³,CO,mongodb,CO
P1.SJVER.ESTE_1900-01-01T00:00:00_co,p1.sjver.este,1900-01-01 00:00:00+00:00,0.1836395236318408,mg/m³,CO,mongodb,CO
P1.SJVER.ESTE_1900-01-02T00:00:00_co,p1.sjver.este,1900-01-02 00:00:00+00:00,0.17087522014925374,mg/m³,CO,mongodb,CO
P1.SJVER.ESTE_1900-01-03T00:00:00_co,p1.sjver.este,1900-01-03 00:00:00+00:00,0.21363563681592038,mg/m³,CO,mongodb,CO
P1.SJVER.ESTE_1900-01-04T00:00:00_co,p1.sjver.este,1900-01-04 00:00:00+00:00,0.1875964577114428,mg/m³,CO,mongodb,CO
P1.SJVER.ESTE_1900-01-03T00:00:00_co,p1.sjver.este,1900-01-03 00:00:00+00:00,0.29033367200986443,mg/m³,CO,mongodb,CO
P1.SJVER.ESTE_1900-01-04T00:00:00_co,p1.sjver.este,1900-01-04 00:00:00+00:00,0.2711207074158887,mg/m³,CO,mongodb,CO
P1.SJVER.ESTE_1900-01-05T00:00:00_co,p1.sjver.este,1900-01-05 00:00:00+00:00,0.2437817607891492,mg/m³,CO,mongodb,CO
P1.SJVER.ESTE_1900-01-01T00:00:00_co,p1.sjver.este,1900-01-01 00:00:00+00:00,0.21441431319358817,mg/m³,CO,mongodb,CO
P1.SJVER.ESTE_1900-01-02T00:00:00_co,p1.sjver.este,1900-01-02 00:00:00+00:00,0.23776992355117144,mg/m³,CO,mongodb,CO
P1.SJVER.ESTE_1900-01-01T00:00:00_co,p1.sjver.este,1900-01-01 00:00:00+00:00,0.6377859075000001,mg/m³,CO,mongodb,CO
P1.SJVER.ESTE_1900-01-02T00:00:00_co,p1.sjver.este,1900-01-02 00:00:00+00:00,0.8400381575,mg/m³,CO,mongodb,CO
P1.SJVER.ESTE_1900-01-03T00:00:00_co,p1.sjver.este,1900-01-03 00:00:00+00:00,0.8313195012499999,mg/m³,CO,mongodb,CO
P1.SJVER.ESTE_1900-01-04T00:00:00_co,p1.sjver.este,1900-01-04 00:00:00+00:00,0.42246853250000005,mg/m³,CO,mongodb,CO
P1.SJVER.ESTE_1900-01-05T00:00:00_co,p1.sjver.este,1900-01-05 00:00:00+00:00,0.43105859499999993,mg/m³,CO,mongodb,CO
P1.SJVER.ESTE_1900-01-02T00:00:00_co,p1.sjver.este,1900-01-02 00:00:00+00:00,0.24408233229036294,mg/m³,CO,mongodb,CO
P1.SJVER.ESTE_1900-01-03T00:00:00_co,p1.sjver.este,1900-01-03 00:00:00+00:00,0.2818460838548185,mg/m³,CO,mongodb,CO
P1.SJVER.ESTE_1900-01-04T00:00:00_co,p1.sjver.este,1900-01-04 00:00:00+00:00,0.2092799386733417,mg/m³,CO,mongodb,CO
P1.SJVER.ESTE_1900-01-05T00:00:00_co,p1.sjver.este,1900-01-05 00:00:00+00:00,0.2588247446808511,mg/m³,CO,mongodb,CO
P1.SJVER.ESTE_1900-01-01T00:00:00_co,p1.sjver.este,1900-01-01 00:00:00+00:00,0.33587155319148937,mg/m³,CO,mongodb,CO
P1.SJVER.ESTE_1900-01-05T00:00:00_co,p1.sjver.este,1900-01-05 00:00:00+00:00,0.2475,mg/m³,CO,mongodb,CO
P1.SJVER.ESTE_1900-01-01T00:00:00_co,p1.sjver.este,1900-01-01 00:00:00+00:00,0.345,mg/m³,CO,mongodb,CO
P1.SJVER.ESTE_1900-01-02T00:00:00_co,p1.sjver.este,1900-01-02 00:00:00+00:00,0.405,mg/m³,CO,mongodb,CO
P1.SJVER.ESTE_1900-01-03T00:00:00_co,p1.sjver.este,1900-01-03 00:00:00+00:00,0.40124999999999994,mg/m³,CO,mongodb,CO
P1.SJVER.ESTE_1900-01-04T00:00:00_co,p1.sjver.este,1900-01-04 00:00:00+00:00,0.68625,mg/m³,CO,mongodb,CO
P1.SJVER.ESTE_1900-01-03T00:00:00_co,p1.sjver.este,1900-01-03 00:00:00+00:00,0.4703642542955325,mg/m³,CO,mongodb,CO
P1.SJVER.ESTE_1900-01-04T00:00:00_co,p1.sjver.este,1900-01-04 00:00:00+00:00,0.47066654524627716,mg/m³,CO,mongodb,CO
P1.SJVER.ESTE_1900-01-05T00:00:00_co,p1.sjver.este,1900-01-05 00:00:00+00:00,0.37263126460481094,mg/m³,CO,mongodb,CO
P1.SJVER.ESTE_1900-01-01T00:00:00_co,p1.sjver.este,1900-01-01 00:00:00+00:00,0.4811885956471935,mg/m³,CO,mongodb,CO
P1.SJVER.ESTE_1900-01-02T00:00:00_co,p1.sjver.este,1900-01-02 00:00:00+00:00,0.43456602978235964,mg/m³,CO,mongodb,CO
P1.SJVER.ESTE_1900-01-05T00:00:00_co,p1.sjver.este,1900-01-05 00:00:00+00:00,0.48499999999999993,mg/m³,CO,mongodb,CO
P1.SJVER.ESTE_1900-01-06T00:00:00_co,p1.sjver.este,1900-01-06 00:00:00+00:00,0.1984450407185629,mg/m³,CO,mongodb,CO
P1.SJVER.ESTE_1899-12-31T00:00:00_co,p1.sjver.este,1899-12-31 00:00:00+00:00,0.17150444191616765,mg/m³,CO,mongodb,CO
P1.SJVER.ESTE_1900-01-06T00:00:00_co,p1.sjver.este,1900-01-06 00:00:00+00:00,0.44536921639950683,mg/m³,CO,mongodb,CO
P1.SJVER.ESTE_1899-12-31T00:00:00_co,p1.sjver.este,1899-12-31 00:00:00+00:00,0.27809426263871767,mg/m³,CO,mongodb,CO
P1.SJVER.ESTE_1900-01-06T00:00:00_co,p1.sjver.este,1900-01-06 00:00:00+00:00,0.2145674309701493,mg/m³,CO,mongodb,CO
P1.SJVER.ESTE_1899-12-31T00:00:00_co,p1.sjver.este,1899-12-31 00:00:00+00:00,0.21592044713930347,mg/m³,CO,mongodb,CO
P1.SJVER.ESTE_1900-01-06T00:00:00_co,p1.sjver.este,1900-01-06 00:00:00+00:00,0.2624335487053021,mg/m³,CO,mongodb,CO
P1.SJVER.ESTE_1899-12-31T00:00:00_co,p1.sjver.este,1899-12-31 00:00:00+00:00,0.29231665598027123,mg/m³,CO,mongodb,CO
P1.SJVER.ESTE_1900-01-06T00:00:00_co,p1.sjver.este,1900-01-06 00:00:00+00:00,0.30602689187500004,mg/m³,CO,mongodb,CO
P1.SJVER.ESTE_1899-12-31T00:00:00_co,p1.sjver.este,1899-12-31 00:00:00+00:00,0.22139934500000003,mg/m³,CO,mongodb,CO
P1.SJVER.ESTE_1900-01-06T00:00:00_co,p1.sjver.este,1900-01-06 00:00:00+00:00,0.2861078642052566,mg/m³,CO,mongodb,CO
P1.SJVER.ESTE_1899-12-31T00:00:00_co,p1.sjver.este,1899-12-31 00:00:00+00:00,0.32545529849812266,mg/m³,CO,mongodb,CO
P1.SJVER.ESTE_1900-01-06T00:00:00_co,p1.sjver.este,1900-01-06 00:00:00+00:00,0.29750000000000004,mg/m³,CO,mongodb,CO
P1.SJVER.ESTE_1899-12-31T00:00:00_co,p1.sjver.este,1899-12-31 00:00:00+00:00,0.29750000000000004,mg/m³,CO,mongodb,CO
P1.SJVER.ESTE_1900-01-06T00:00:00_co,p1.sjver.este,1900-01-06 00:00:00+00:00,0.5833978167239403,mg/m³,CO,mongodb,CO
P1.SJVER.ESTE_1899-12-31T00:00:00_co,p1.sjver.este,1899-12-31 00:00:00+00:00,0.6075345864833905,mg/m³,CO,mongodb,CO
P1.SJVER.ESTE_1900-01-06T00:00:00_co,p1.sjver.este,1900-01-06 00:00:00+00:00,0.66875,mg/m³,CO,mongodb,CO
P1.SJVER.ESTE_1900-01-06T00:00:00_co,p1.sjver.este,1900-01-06 00:00:00+00:00,0.375,mg/m³,CO,mongodb,CO
P1.SJVER.ESTE_1899-12-31T00:00:00_co,p1.sjver.este,1899-12-31 00:00:00+00:00,0.3875,mg/m³,CO,mongodb,CO
P1.SJVER.ESTE_1900-01-01T00:00:00_co,p1.sjver.este,1900-01-01 00:00:00+00:00,0.26666666666666666,mg/m³,CO,mongodb,CO
P1.GRIJO.ESTE_1900-01-01T00:00:00_co,p1.grijo.este,1900-01-01 00:00:00+00:00,0.43793333333333334,mg/m³,CO,mongodb,CO
P1.ASANTAS.ESTE_1900-01-05T00:00:00_co,p1.asantas.este,1900-01-05 00:00:00+00:00,0.599666,mg/m³,CO,mongodb,CO
P1.ASANTAS.ESTE_1900-01-01T00:00:00_co,p1.asantas.este,1900-01-01 00:00:00+00:00,0.8951325000000001,mg/m³,CO,mongodb,CO
P1.ASANTAS.ESTE_1900-01-02T00:00:00_co,p1.asantas.este,1900-01-02 00:00:00+00:00,1.0872585,mg/m³,CO,mongodb,CO
P1.ASANTAS.ESTE_1900-01-03T00:00:00_co,p1.asantas.este,1900-01-03 00:00:00+00:00,0.3624195000000001,mg/m³,CO,mongodb,CO
P1.ASANTAS.ESTE_1900-01-04T00:00:00_co,p1.asantas.este,1900-01-04 00:00:00+00:00,0.2809115,mg/m³,CO,mongodb,CO
P1.ASANTAS.ESTE_1900-01-01T00:00:00_co,p1.asantas.este,1900-01-01 00:00:00+00:00,0.26001425578611337,mg/m³,CO,mongodb,CO
P1.ASANTAS.ESTE_1900-01-02T00:00:00_co,p1.asantas.este,1900-01-02 00:00:00+00:00,0.3145451444206212,mg/m³,CO,mongodb,CO
P1.ASANTAS.ESTE_1900-01-03T00:00:00_co,p1.asantas.este,1900-01-03 00:00:00+00:00,0.3878599495933096,mg/m³,CO,mongodb,CO
P1.ASANTAS.ESTE_1900-01-04T00:00:00_co,p1.asantas.este,1900-01-04 00:00:00+00:00,0.40218809229551045,mg/m³,CO,mongodb,CO
P1.ASANTAS.ESTE_1900-01-05T00:00:00_co,p1.asantas.este,1900-01-05 00:00:00+00:00,0.5033147970341992,mg/m³,CO,mongodb,CO
P1.ASANTAS.ESTE_1900-01-02T00:00:00_co,p1.asantas.este,1900-01-02 00:00:00+00:00,0.3071105,mg/m³,CO,mongodb,CO
P1.ASANTAS.ESTE_1900-01-03T00:00:00_co,p1.asantas.este,1900-01-03 00:00:00+00:00,0.343498,mg/m³,CO,mongodb,CO
P1.ASANTAS.ESTE_1900-01-04T00:00:00_co,p1.asantas.este,1900-01-04 00:00:00+00:00,0.206681,mg/m³,CO,mongodb,CO
P1.ASANTAS.ESTE_1900-01-05T00:00:00_co,p1.asantas.este,1900-01-05 00:00:00+00:00,0.22414700000000004,mg/m³,CO,mongodb,CO
P1.ASANTAS.ESTE_1900-01-01T00:00:00_co,p1.asantas.este,1900-01-01 00:00:00+00:00,0.098974,mg/m³,CO,mongodb,CO
P1.ASANTAS.ESTE_1900-01-02T00:00:00_co,p1.asantas.este,1900-01-02 00:00:00+00:00,1.0751325,mg/m³,CO,mongodb,CO
P1.ASANTAS.ESTE_1900-01-03T00:00:00_co,p1.asantas.este,1900-01-03 00:00:00+00:00,0.9225450000000001,mg/m³,CO,mongodb,CO
P1.ASANTAS.ESTE_1900-01-04T00:00:00_co,p1.asantas.este,1900-01-04 00:00:00+00:00,0.991495,mg/m³,CO,mongodb,CO
P1.ASANTAS.ESTE_1900-01-05T00:00:00_co,p1.asantas.este,1900-01-05 00:00:00+00:00,1.0048075,mg/m³,CO,mongodb,CO
P1.ASANTAS.ESTE_1900-01-01T00:00:00_co,p1.asantas.este,1900-01-01 00:00:00+00:00,0.9469950000000001,mg/m³,CO,mongodb,CO
P1.ASANTAS.ESTE_1900-01-05T00:00:00_co,p1.asantas.este,1900-01-05 00:00:00+00:00,0.23211428571428572,mg/m³,CO,mongodb,CO
P1.ASANTAS.ESTE_1900-01-01T00:00:00_co,p1.asantas.este,1900-01-01 00:00:00+00:00,0.2502375,mg/m³,CO,mongodb,CO
P1.ASANTAS.ESTE_1900-01-02T00:00:00_co,p1.asantas.este,1900-01-02 00:00:00+00:00,0.2630857142857143,mg/m³,CO,mongodb,CO
P1.ASANTAS.ESTE_1900-01-04T00:00:00_co,p1.asantas.este,1900-01-04 00:00:00+00:00,0.3768,mg/m³,CO,mongodb,CO
P1.ASANTAS.ESTE_1900-01-05T00:00:00_co,p1.asantas.este,1900-01-05 00:00:00+00:00,0.3498625,mg/m³,CO,mongodb,CO
P1.ASANTAS.ESTE_1900-01-01T00:00:00_co,p1.asantas.este,1900-01-01 00:00:00+00:00,0.4303285714285714,mg/m³,CO,mongodb,CO
P1.ASANTAS.ESTE_1900-01-02T00:00:00_co,p1.asantas.este,1900-01-02 00:00:00+00:00,0.3978875,mg/m³,CO,mongodb,CO
P1.ASANTAS.ESTE_1900-01-03T00:00:00_co,p1.asantas.este,1900-01-03 00:00:00+00:00,0.48357500000000003,mg/m³,CO,mongodb,CO
P1.ASANTAS.ESTE_1900-01-04T00:00:00_co,p1.asantas.este,1900-01-04 00:00:00+00:00,0.5097875000000001,mg/m³,CO,mongodb,CO
P1.ASANTAS.ESTE_1900-01-05T00:00:00_co,p1.asantas.este,1900-01-05 00:00:00+00:00,0.49221249999999994,mg/m³,CO,mongodb,CO
P1.ASANTAS.ESTE_1900-01-02T00:00:00_co,p1.asantas.este,1900-01-02 00:00:00+00:00,0.5919033333333333,mg/m³,CO,mongodb,CO
P1.ASANTAS.ESTE_1900-01-03T00:00:00_co,p1.asantas.este,1900-01-03 00:00:00+00:00,0.33039850000000004,mg/m³,CO,mongodb,CO
P1.ASANTAS.ESTE_1900-01-04T00:00:00_co,p1.asantas.este,1900-01-04 00:00:00+00:00,0.637509,mg/m³,CO,mongodb,CO
P1.ASANTAS.ESTE_1900-01-05T00:00:00_co,p1.asantas.este,1900-01-05 00:00:00+00:00,0.6535195,mg/m³,CO,mongodb,CO
P1.ASANTAS.ESTE_1900-01-01T00:00:00_co,p1.asantas.este,1900-01-01 00:00:00+00:00,0.4439275,mg/m³,CO,mongodb,CO
P1.ASANTAS.ESTE_1900-01-01T00:00:00_co,p1.asantas.este,1900-01-01 00:00:00+00:00,0.8549875000000001,mg/m³,CO,mongodb,CO
P1.ASANTAS.ESTE_1900-01-02T00:00:00_co,p1.asantas.este,1900-01-02 00:00:00+00:00,0.5045124999999999,mg/m³,CO,mongodb,CO
P1.ASANTAS.ESTE_1900-01-03T00:00:00_co,p1.asantas.este,1900-01-03 00:00:00+00:00,0.5292375,mg/m³,CO,mongodb,CO
P1.ASANTAS.ESTE_1900-01-04T00:00:00_co,p1.asantas.este,1900-01-04 00:00:00+00:00,0.29860000000000003,mg/m³,CO,mongodb,CO
P1.ASANTAS.ESTE_1900-01-05T00:00:00_co,p1.asantas.este,1900-01-05 00:00:00+00:00,0.339075,mg/m³,CO,mongodb,CO
P1.ASANTAS.ESTE_1900-01-06T00:00:00_co,p1.asantas.este,1900-01-06 00:00:00+00:00,0.6942735,mg/m³,CO,mongodb,CO
P1.ASANTAS.ESTE_1899-12-31T00:00:00_co,p1.asantas.este,1899-12-31 00:00:00+00:00,0.9140540000000001,mg/m³,CO,mongodb,CO
P1.ASANTAS.ESTE_1900-01-06T00:00:00_co,p1.asantas.este,1900-01-06 00:00:00+00:00,0.3460723224325338,mg/m³,CO,mongodb,CO
P1.ASANTAS.ESTE_1899-12-31T00:00:00_co,p1.asantas.este,1899-12-31 00:00:00+00:00,0.428400304775135,mg/m³,CO,mongodb,CO
P1.ASANTAS.ESTE_1900-01-06T00:00:00_co,p1.asantas.este,1900-01-06 00:00:00+00:00,0.359241638410993,mg/m³,CO,mongodb,CO
P1.ASANTAS.ESTE_1899-12-31T00:00:00_co,p1.asantas.este,1899-12-31 00:00:00+00:00,0.266279956895569,mg/m³,CO,mongodb,CO
P1.ASANTAS.ESTE_1900-01-06T00:00:00_co,p1.asantas.este,1900-01-06 00:00:00+00:00,0.25907900000000006,mg/m³,CO,mongodb,CO
P1.ASANTAS.ESTE_1899-12-31T00:00:00_co,p1.asantas.este,1899-12-31 00:00:00+00:00,0.218325,mg/m³,CO,mongodb,CO
P1.ASANTAS.ESTE_1900-01-06T00:00:00_co,p1.asantas.este,1900-01-06 00:00:00+00:00,0.9752075000000002,mg/m³,CO,mongodb,CO
P1.ASANTAS.ESTE_1899-12-31T00:00:00_co,p1.asantas.este,1899-12-31 00:00:00+00:00,0.9520075000000001,mg/m³,CO,mongodb,CO
P1.ASANTAS.ESTE_1900-01-06T00:00:00_co,p1.asantas.este,1900-01-06 00:00:00+00:00,0.23778571428571427,mg/m³,CO,mongodb,CO
P1.ASANTAS.ESTE_1899-12-31T00:00:00_co,p1.asantas.este,1899-12-31 00:00:00+00:00,0.28645000000000004,mg/m³,CO,mongodb,CO
P1.ASANTAS.ESTE_1900-01-06T00:00:00_co,p1.asantas.este,1900-01-06 00:00:00+00:00,0.29622857142857145,mg/m³,CO,mongodb,CO
P1.ASANTAS.ESTE_1899-12-31T00:00:00_co,p1.asantas.este,1899-12-31 00:00:00+00:00,0.34794285714285716,mg/m³,CO,mongodb,CO
P1.ASANTAS.ESTE_1900-01-06T00:00:00_co,p1.asantas.este,1900-01-06 00:00:00+00:00,0.2682375,mg/m³,CO,mongodb,CO
P1.ASANTAS.ESTE_1899-12-31T00:00:00_co,p1.asantas.este,1899-12-31 00:00:00+00:00,0.30722499999999997,mg/m³,CO,mongodb,CO
P1.ASANTAS.ESTE_1900-01-06T00:00:00_co,p1.asantas.este,1900-01-06 00:00:00+00:00,0.36532499999999996,mg/m³,CO,mongodb,CO
P1.ASANTAS.ESTE_1899-12-31T00:00:00_co,p1.asantas.este,1899-12-31 00:00:00+00:00,0.3975375,mg/m³,CO,mongodb,CO
P1.ASANTAS.ESTE_1900-01-06T00:00:00_co,p1.asantas.este,1900-01-06 00:00:00+00:00,0.36241950000000006,mg/m³,CO,mongodb,CO
P1.ASANTAS.ESTE_1899-12-31T00:00:00_co,p1.asantas.este,1899-12-31 00:00:00+00:00,0.40754,mg/m³,CO,mongodb,CO
P1.ASANTAS.ESTE_1900-01-06T00:00:00_co,p1.asantas.este,1900-01-06 00:00:00+00:00,0.176025,mg/m³,CO,mongodb,CO
P1.ASANTAS.ESTE_1899-12-31T00:00:00_co,p1.asantas.este,1899-12-31 00:00:00+00:00,0.7226625,mg/m³,CO,mongodb,CO
P1.OVAR.ESTE_1900-01-03T00:00:00_co,p1.ovar.este,1900-01-03 00:00:00+00:00,0.2673820646341464,mg/m³,CO,mongodb,CO
P1.OVAR.ESTE_1900-01-04T00:00:00_co,p1.ovar.este,1900-01-04 00:00:00+00:00,0.3277539548780488,mg/m³,CO,mongodb,CO
P1.OVAR.ESTE_1900-01-05T00:00:00_co,p1.ovar.este,1900-01-05 00:00:00+00:00,0.2845112414634147,mg/m³,CO,mongodb,CO
P1.OVAR.ESTE_1900-01-01T00:00:00_co,p1.ovar.este,1900-01-01 00:00:00+00:00,0.24767160731707324,mg/m³,CO,mongodb,CO
P1.OVAR.ESTE_1900-01-02T00:00:00_co,p1.ovar.este,1900-01-02 00:00:00+00:00,0.19113404634146344,mg/m³,CO,mongodb,CO
P1.OVAR.ESTE_1900-01-05T00:00:00_co,p1.ovar.este,1900-01-05 00:00:00+00:00,0.24244822780373834,mg/m³,CO,mongodb,CO
P1.OVAR.ESTE_1900-01-01T00:00:00_co,p1.ovar.este,1900-01-01 00:00:00+00:00,0.30813140537383177,mg/m³,CO,mongodb,CO
P1.OVAR.ESTE_1900-01-02T00:00:00_co,p1.ovar.este,1900-01-02 00:00:00+00:00,0.21528429672897198,mg/m³,CO,mongodb,CO
P1.OVAR.ESTE_1900-01-03T00:00:00_co,p1.ovar.este,1900-01-03 00:00:00+00:00,0.22849466224457468,mg/m³,CO,mongodb,CO
P1.OVAR.ESTE_1900-01-04T00:00:00_co,p1.ovar.este,1900-01-04 00:00:00+00:00,0.26194191939252337,mg/m³,CO,mongodb,CO
P1.OVAR.ESTE_1900-01-04T00:00:00_co,p1.ovar.este,1900-01-04 00:00:00+00:00,0.22911894087403603,mg/m³,CO,mongodb,CO
P1.OVAR.ESTE_1900-01-05T00:00:00_co,p1.ovar.este,1900-01-05 00:00:00+00:00,0.21885274550128533,mg/m³,CO,mongodb,CO
P1.OVAR.ESTE_1900-01-01T00:00:00_co,p1.ovar.este,1900-01-01 00:00:00+00:00,0.21615852956298204,mg/m³,CO,mongodb,CO
P1.OVAR.ESTE_1900-01-02T00:00:00_co,p1.ovar.este,1900-01-02 00:00:00+00:00,0.1943934910025707,mg/m³,CO,mongodb,CO
P1.OVAR.ESTE_1900-01-03T00:00:00_co,p1.ovar.este,1900-01-03 00:00:00+00:00,0.1900616143958869,mg/m³,CO,mongodb,CO
P1.OVAR.ESTE_1900-01-03T00:00:00_co,p1.ovar.este,1900-01-03 00:00:00+00:00,0.20310866413181242,mg/m³,CO,mongodb,CO
P1.OVAR.ESTE_1900-01-04T00:00:00_co,p1.ovar.este,1900-01-04 00:00:00+00:00,0.21766382889733837,mg/m³,CO,mongodb,CO
P1.OVAR.ESTE_1900-01-05T00:00:00_co,p1.ovar.este,1900-01-05 00:00:00+00:00,0.23855242205323196,mg/m³,CO,mongodb,CO
P1.OVAR.ESTE_1900-01-01T00:00:00_co,p1.ovar.este,1900-01-01 00:00:00+00:00,0.21039709885931562,mg/m³,CO,mongodb,CO
P1.OVAR.ESTE_1900-01-02T00:00:00_co,p1.ovar.este,1900-01-02 00:00:00+00:00,0.2664342661596958,mg/m³,CO,mongodb,CO
P1.OVAR.ESTE_1900-01-06T00:00:00_co,p1.ovar.este,1900-01-06 00:00:00+00:00,0.23520377195121955,mg/m³,CO,mongodb,CO
P1.OVAR.ESTE_1899-12-31T00:00:00_co,p1.ovar.este,1899-12-31 00:00:00+00:00,0.3514115158536586,mg/m³,CO,mongodb,CO
P1.OVAR.ESTE_1900-01-06T00:00:00_co,p1.ovar.este,1900-01-06 00:00:00+00:00,0.3053826028037383,mg/m³,CO,mongodb,CO
P1.OVAR.ESTE_1899-12-31T00:00:00_co,p1.ovar.este,1899-12-31 00:00:00+00:00,0.3673326904205607,mg/m³,CO,mongodb,CO
P1.OVAR.ESTE_1900-01-06T00:00:00_co,p1.ovar.este,1900-01-06 00:00:00+00:00,0.21121913367609257,mg/m³,CO,mongodb,CO
P1.OVAR.ESTE_1899-12-31T00:00:00_co,p1.ovar.este,1899-12-31 00:00:00+00:00,0.20060075321336765,mg/m³,CO,mongodb,CO
P1.OVAR.ESTE_1900-01-06T00:00:00_co,p1.ovar.este,1900-01-06 00:00:00+00:00,0.2697290380228137,mg/m³,CO,mongodb,CO
P1.OVAR.ESTE_1899-12-31T00:00:00_co,p1.ovar.este,1899-12-31 00:00:00+00:00,0.32702941825095055,mg/m³,CO,mongodb,CO
P1.OVAR.ESTE_1900-01-01T00:00:00_co,p1.ovar.este,1900-01-01 00:00:00+00:00,0.13333333333333336,mg/m³,CO,mongodb,CO
P1.PQ.NAÇOES_1900-01-01T00:00:00_co,p1.pq.naçoes,1900-01-01 00:00:00+00:00,0.6159333333333333,mg/m³,CO,mongodb,CO
P1.SJVER.ESTE_1900-01-03T00:00:00_co,p1.sjver.este,1900-01-03 00:00:00+00:00,0.25141674730538927,mg/m³,CO,mongodb,CO
P1.SJVER.ESTE_1900-01-04T00:00:00_co,p1.sjver.este,1900-01-04 00:00:00+00:00,0.25935635808383234,mg/m³,CO,mongodb,CO
P1.SJVER.ESTE_1900-01-05T00:00:00_co,p1.sjver.este,1900-01-05 00:00:00+00:00,0.20105060958083837,mg/m³,CO,mongodb,CO
P1.SJVER.ESTE_1900-01-01T00:00:00_co,p1.sjver.este,1900-01-01 00:00:00+00:00,0.1735323610778443,mg/m³,CO,mongodb,CO
P1.SJVER.ESTE_1900-01-02T00:00:00_co,p1.sjver.este,1900-01-02 00:00:00+00:00,0.22066759341317368,mg/m³,CO,mongodb,CO
P1.SJVER.ESTE_1900-01-02T00:00:00_co,p1.sjver.este,1900-01-02 00:00:00+00:00,0.36972282305795323,mg/m³,CO,mongodb,CO
P1.SJVER.ESTE_1900-01-03T00:00:00_co,p1.sjver.este,1900-01-03 00:00:00+00:00,0.39123484525277447,mg/m³,CO,mongodb,CO
P1.SJVER.ESTE_1900-01-04T00:00:00_co,p1.sjver.este,1900-01-04 00:00:00+00:00,0.3552971140567202,mg/m³,CO,mongodb,CO
P1.SJVER.ESTE_1900-01-05T00:00:00_co,p1.sjver.este,1900-01-05 00:00:00+00:00,0.3775557299630087,mg/m³,CO,mongodb,CO
P1.SJVER.ESTE_1900-01-01T00:00:00_co,p1.sjver.este,1900-01-01 00:00:00+00:00,0.24962246855733666,mg/m³,CO,mongodb,CO
P1.SJVER.ESTE_1900-01-05T00:00:00_co,p1.sjver.este,1900-01-05 00:00:00+00:00,0.196863342039801,mg/m³,CO,mongodb,CO
P1.SJVER.ESTE_1900-01-01T00:00:00_co,p1.sjver.este,1900-01-01 00:00:00+00:00,0.1836395236318408,mg/m³,CO,mongodb,CO
P1.SJVER.ESTE_1900-01-02T00:00:00_co,p1.sjver.este,1900-01-02 00:00:00+00:00,0.17087522014925374,mg/m³,CO,mongodb,CO
P1.SJVER.ESTE_1900-01-03T00:00:00_co,p1.sjver.este,1900-01-03 00:00:00+00:00,0.21363563681592038,mg/m³,CO,mongodb,CO
P1.SJVER.ESTE_1900-01-04T00:00:00_co,p1.sjver.este,1900-01-04 00:00:00+00:00,0.1875964577114428,mg/m³,CO,mongodb,CO
P1.SJVER.ESTE_1900-01-03T00:00:00_co,p1.sjver.este,1900-01-03 00:00:00+00:00,0.29033367200986443,mg/m³,CO,mongodb,CO
P1.SJVER.ESTE_1900-01-04T00:00:00_co,p1.sjver.este,1900-01-04 00:00:00+00:00,0.2711207074158887,mg/m³,CO,mongodb,CO
P1.SJVER.ESTE_1900-01-05T00:00:00_co,p1.sjver.este,1900-01-05 00:00:00+00:00,0.2437817607891492,mg/m³,CO,mongodb,CO
P1.SJVER.ESTE_1900-01-01T00:00:00_co,p1.sjver.este,1900-01-01 00:00:00+00:00,0.21441431319358817,mg/m³,CO,mongodb,CO
P1.SJVER.ESTE_1900-01-02T00:00:00_co,p1.sjver.este,1900-01-02 00:00:00+00:00,0.23776992355117144,mg/m³,CO,mongodb,CO
P1.SJVER.ESTE_1900-01-01T00:00:00_co,p1.sjver.este,1900-01-01 00:00:00+00:00,0.6377859075000001,mg/m³,CO,mongodb,CO
P1.SJVER.ESTE_1900-01-02T00:00:00_co,p1.sjver.este,1900-01-02 00:00:00+00:00,0.8400381575,mg/m³,CO,mongodb,CO
P1.SJVER.ESTE_1900-01-03T00:00:00_co,p1.sjver.este,1900-01-03 00:00:00+00:00,0.8313195012499999,mg/m³,CO,mongodb,CO
P1.SJVER.ESTE_1900-01-04T00:00:00_co,p1.sjver.este,1900-01-04 00:00:00+00:00,0.42246853250000005,mg/m³,CO,mongodb,CO
P1.SJVER.ESTE_1900-01-05T00:00:00_co,p1.sjver.este,1900-01-05 00:00:00+00:00,0.43105859499999993,mg/m³,CO,mongodb,CO
P1.SJVER.ESTE_1900-01-02T00:00:00_co,p1.sjver.este,1900-01-02 00:00:00+00:00,0.24408233229036294,mg/m³,CO,mongodb,CO
P1.SJVER.ESTE_1900-01-03T00:00:00_co,p1.sjver.este,1900-01-03 00:00:00+00:00,0.2818460838548185,mg/m³,CO,mongodb,CO
P1.SJVER.ESTE_1900-01-04T00:00:00_co,p1.sjver.este,1900-01-04 00:00:00+00:00,0.2092799386733417,mg/m³,CO,mongodb,CO
P1.SJVER.ESTE_1900-01-05T00:00:00_co,p1.sjver.este,1900-01-05 00:00:00+00:00,0.2588247446808511,mg/m³,CO,mongodb,CO
P1.SJVER.ESTE_1900-01-01T00:00:00_co,p1.sjver.este,1900-01-01 00:00:00+00:00,0.33587155319148937,mg/m³,CO,mongodb,CO
P1.SJVER.ESTE_1900-01-05T00:00:00_co,p1.sjver.este,1900-01-05 00:00:00+00:00,0.2475,mg/m³,CO,mongodb,CO
P1.SJVER.ESTE_1900-01-01T00:00:00_co,p1.sjver.este,1900-01-01 00:00:00+00:00,0.345,mg/m³,CO,mongodb,CO
P1.SJVER.ESTE_1900-01-02T00:00:00_co,p1.sjver.este,1900-01-02 00:00:00+00:00,0.405,mg/m³,CO,mongodb,CO
P1.SJVER.ESTE_1900-01-03T00:00:00_co,p1.sjver.este,1900-01-03 00:00:00+00:00,0.40124999999999994,mg/m³,CO,mongodb,CO
P1.SJVER.ESTE_1900-01-04T00:00:00_co,p1.sjver.este,1900-01-04 00:00:00+00:00,0.68625,mg/m³,CO,mongodb,CO
P1.SJVER.ESTE_1900-01-03T00:00:00_co,p1.sjver.este,1900-01-03 00:00:00+00:00,0.4703642542955325,mg/m³,CO,mongodb,CO
P1.SJVER.ESTE_1900-01-04T00:00:00_co,p1.sjver.este,1900-01-04 00:00:00+00:00,0.47066654524627716,mg/m³,CO,mongodb,CO
P1.SJVER.ESTE_1900-01-05T00:00:00_co,p1.sjver.este,1900-01-05 00:00:00+00:00,0.37263126460481094,mg/m³,CO,mongodb,CO
P1.SJVER.ESTE_1900-01-01T00:00:00_co,p1.sjver.este,1900-01-01 00:00:00+00:00,0.4811885956471935,mg/m³,CO,mongodb,CO
P1.SJVER.ESTE_1900-01-02T00:00:00_co,p1.sjver.este,1900-01-02 00:00:00+00:00,0.43456602978235964,mg/m³,CO,mongodb,CO
P1.SJVER.ESTE_1900-01-05T00:00:00_co,p1.sjver.este,1900-01-05 00:00:00+00:00,0.48499999999999993,mg/m³,CO,mongodb,CO
P1.SJVER.ESTE_1900-01-06T00:00:00_co,p1.sjver.este,1900-01-06 00:00:00+00:00,0.1984450407185629,mg/m³,CO,mongodb,CO
P1.SJVER.ESTE_1899-12-31T00:00:00_co,p1.sjver.este,1899-12-31 00:00:00+00:00,0.17150444191616765,mg/m³,CO,mongodb,CO
P1.SJVER.ESTE_1900-01-06T00:00:00_co,p1.sjver.este,1900-01-06 00:00:00+00:00,0.44536921639950683,mg/m³,CO,mongodb,CO
P1.SJVER.ESTE_1899-12-31T00:00:00_co,p1.sjver.este,1899-12-31 00:00:00+00:00,0.27809426263871767,mg/m³,CO,mongodb,CO
P1.SJVER.ESTE_1900-01-06T00:00:00_co,p1.sjver.este,1900-01-06 00:00:00+00:00,0.2145674309701493,mg/m³,CO,mongodb,CO
P1.SJVER.ESTE_1899-12-31T00:00:00_co,p1.sjver.este,1899-12-31 00:00:00+00:00,0.21592044713930347,mg/m³,CO,mongodb,CO
P1.SJVER.ESTE_1900-01-06T00:00:00_co,p1.sjver.este,1900-01-06 00:00:00+00:00,0.2624335487053021,mg/m³,CO,mongodb,CO
P1.SJVER.ESTE_1899-12-31T00:00:00_co,p1.sjver.este,1899-12-31 00:00:00+00:00,0.29231665598027123,mg/m³,CO,mongodb,CO
P1.SJVER.ESTE_1900-01-06T00:00:00_co,p1.sjver.este,1900-01-06 00:00:00+00:00,0.30602689187500004,mg/m³,CO,mongodb,CO
P1.SJVER.ESTE_1899-12-31T00:00:00_co,p1.sjver.este,1899-12-31 00:00:00+00:00,0.22139934500000003,mg/m³,CO,mongodb,CO
P1.SJVER.ESTE_1900-01-06T00:00:00_co,p1.sjver.este,1900-01-06 00:00:00+00:00,0.2861078642052566,mg/m³,CO,mongodb,CO
P1.SJVER.ESTE_1899-12-31T00:00:00_co,p1.sjver.este,1899-12-31 00:00:00+00:00,0.32545529849812266,mg/m³,CO,mongodb,CO
P1.SJVER.ESTE_1900-01-06T00:00:00_co,p1.sjver.este,1900-01-06 00:00:00+00:00,0.29750000000000004,mg/m³,CO,mongodb,CO
P1.SJVER.ESTE_1899-12-31T00:00:00_co,p1.sjver.este,1899-12-31 00:00:00+00:00,0.29750000000000004,mg/m³,CO,mongodb,CO
P1.SJVER.ESTE_1900-01-06T00:00:00_co,p1.sjver.este,1900-01-06 00:00:00+00:00,0.5833978167239403,mg/m³,CO,mongodb,CO
P1.SJVER.ESTE_1899-12-31T00:00:00_co,p1.sjver.este,1899-12-31 00:00:00+00:00,0.6075345864833905,mg/m³,CO,mongodb,CO
P1.SJVER.ESTE_1900-01-06T00:00:00_co,p1.sjver.este,1900-01-06 00:00:00+00:00,0.66875,mg/m³,CO,mongodb,CO
P1.SJVER.ESTE_1900-01-06T00:00:00_co,p1.sjver.este,1900-01-06 00:00:00+00:00,0.375,mg/m³,CO,mongodb,CO
P1.SJVER.ESTE_1899-12-31T00:00:00_co,p1.sjver.este,1899-12-31 00:00:00+00:00,0.3875,mg/m³,CO,mongodb,CO
P1.SJVER.ESTE_1900-01-01T00:00:00_co,p1.sjver.este,1900-01-01 00:00:00+00:00,0.26666666666666666,mg/m³,CO,mongodb,CO
P1.GRIJO.ESTE_1900-01-01T00:00:00_co,p1.grijo.este,1900-01-01 00:00:00+00:00,0.43793333333333334,mg/m³,CO,mongodb,CO
P1.ASANTAS.ESTE_1900-01-05T00:00:00_co,p1.asantas.este,1900-01-05 00:00:00+00:00,0.599666,mg/m³,CO,mongodb,CO
P1.ASANTAS.ESTE_1900-01-01T00:00:00_co,p1.asantas.este,1900-01-01 00:00:00+00:00,0.8951325000000001,mg/m³,CO,mongodb,CO
P1.ASANTAS.ESTE_1900-01-02T00:00:00_co,p1.asantas.este,1900-01-02 00:00:00+00:00,1.0872585,mg/m³,CO,mongodb,CO
P1.ASANTAS.ESTE_1900-01-03T00:00:00_co,p1.asantas.este,1900-01-03 00:00:00+00:00,0.3624195000000001,mg/m³,CO,mongodb,CO
P1.ASANTAS.ESTE_1900-01-04T00:00:00_co,p1.asantas.este,1900-01-04 00:00:00+00:00,0.2809115,mg/m³,CO,mongodb,CO
P1.ASANTAS.ESTE_1900-01-01T00:00:00_co,p1.asantas.este,1900-01-01 00:00:00+00:00,0.26001425578611337,mg/m³,CO,mongodb,CO
P1.ASANTAS.ESTE_1900-01-02T00:00:00_co,p1.asantas.este,1900-01-02 00:00:00+00:00,0.3145451444206212,mg/m³,CO,mongodb,CO
P1.ASANTAS.ESTE_1900-01-03T00:00:00_co,p1.asantas.este,1900-01-03 00:00:00+00:00,0.3878599495933096,mg/m³,CO,mongodb,CO
P1.ASANTAS.ESTE_1900-01-04T00:00:00_co,p1.asantas.este,1900-01-04 00:00:00+00:00,0.40218809229551045,mg/m³,CO,mongodb,CO
P1.ASANTAS.ESTE_1900-01-05T00:00:00_co,p1.asantas.este,1900-01-05 00:00:00+00:00,0.5033147970341992,mg/m³,CO,mongodb,CO
P1.ASANTAS.ESTE_1900-01-02T00:00:00_co,p1.asantas.este,1900-01-02 00:00:00+00:00,0.3071105,mg/m³,CO,mongodb,CO
P1.ASANTAS.ESTE_1900-01-03T00:00:00_co,p1.asantas.este,1900-01-03 00:00:00+00:00,0.343498,mg/m³,CO,mongodb,CO
P1.ASANTAS.ESTE_1900-01-04T00:00:00_co,p1.asantas.este,1900-01-04 00:00:00+00:00,0.206681,mg/m³,CO,mongodb,CO
P1.ASANTAS.ESTE_1900-01-05T00:00:00_co,p1.asantas.este,1900-01-05 00:00:00+00:00,0.22414700000000004,mg/m³,CO,mongodb,CO
P1.ASANTAS.ESTE_1900-01-01T00:00:00_co,p1.asantas.este,1900-01-01 00:00:00+00:00,0.098974,mg/m³,CO,mongodb,CO
P1.ASANTAS.ESTE_1900-01-02T00:00:00_co,p1.asantas.este,1900-01-02 00:00:00+00:00,1.0751325,mg/m³,CO,mongodb,CO
P1.ASANTAS.ESTE_1900-01-03T00:00:00_co,p1.asantas.este,1900-01-03 00:00:00+00:00,0.9225450000000001,mg/m³,CO,mongodb,CO
P1.ASANTAS.ESTE_1900-01-04T00:00:00_co,p1.asantas.este,1900-01-04 00:00:00+00:00,0.991495,mg/m³,CO,mongodb,CO
P1.ASANTAS.ESTE_1900-01-05T00:00:00_co,p1.asantas.este,1900-01-05 00:00:00+00:00,1.0048075,mg/m³,CO,mongodb,CO
P1.ASANTAS.ESTE_1900-01-01T00:00:00_co,p1.asantas.este,1900-01-01 00:00:00+00:00,0.9469950000000001,mg/m³,CO,mongodb,CO
P1.ASANTAS.ESTE_1900-01-05T00:00:00_co,p1.asantas.este,1900-01-05 00:00:00+00:00,0.23211428571428572,mg/m³,CO,mongodb,CO
P1.ASANTAS.ESTE_1900-01-01T00:00:00_co,p1.asantas.este,1900-01-01 00:00:00+00:00,0.2502375,mg/m³,CO,mongodb,CO
P1.ASANTAS.ESTE_1900-01-02T00:00:00_co,p1.asantas.este,1900-01-02 00:00:00+00:00,0.2630857142857143,mg/m³,CO,mongodb,CO
P1.ASANTAS.ESTE_1900-01-04T00:00:00_co,p1.asantas.este,1900-01-04 00:00:00+00:00,0.3768,mg/m³,CO,mongodb,CO
P1.ASANTAS.ESTE_1900-01-05T00:00:00_co,p1.asantas.este,1900-01-05 00:00:00+00:00,0.3498625,mg/m³,CO,mongodb,CO
P1.ASANTAS.ESTE_1900-01-01T00:00:00_co,p1.asantas.este,1900-01-01 00:00:00+00:00,0.4303285714285714,mg/m³,CO,mongodb,CO
P1.ASANTAS.ESTE_1900-01-02T00:00:00_co,p1.asantas.este,1900-01-02 00:00:00+00:00,0.3978875,mg/m³,CO,mongodb,CO
P1.ASANTAS.ESTE_1900-01-03T00:00:00_co,p1.asantas.este,1900-01-03 00:00:00+00:00,0.48357500000000003,mg/m³,CO,mongodb,CO
P1.ASANTAS.ESTE_1900-01-04T00:00:00_co,p1.asantas.este,1900-01-04 00:00:00+00:00,0.5097875000000001,mg/m³,CO,mongodb,CO
P1.ASANTAS.ESTE_1900-01-05T00:00:00_co,p1.asantas.este,1900-01-05 00:00:00+00:00,0.49221249999999994,mg/m³,CO,mongodb,CO
P1.ASANTAS.ESTE_1900-01-02T00:00:00_co,p1.asantas.este,1900-01-02 00:00:00+00:00,0.5919033333333333,mg/m³,CO,mongodb,CO
P1.ASANTAS.ESTE_1900-01-03T00:00:00_co,p1.asantas.este,1900-01-03 00:00:00+00:00,0.33039850000000004,mg/m³,CO,mongodb,CO
P1.ASANTAS.ESTE_1900-01-04T00:00:00_co,p1.asantas.este,1900-01-04 00:00:00+00:00,0.637509,mg/m³,CO,mongodb,CO
P1.ASANTAS.ESTE_1900-01-05T00:00:00_co,p1.asantas.este,1900-01-05 00:00:00+00:00,0.6535195,mg/m³,CO,mongodb,CO
P1.ASANTAS.ESTE_1900-01-01T00:00:00_co,p1.asantas.este,1900-01-01 00:00:00+00:00,0.4439275,mg/m³,CO,mongodb,CO
P1.ASANTAS.ESTE_1900-01-01T00:00:00_co,p1.asantas.este,1900-01-01 00:00:00+00:00,0.8549875000000001,mg/m³,CO,mongodb,CO
P1.ASANTAS.ESTE_1900-01-02T00:00:00_co,p1.asantas.este,1900-01-02 00:00:00+00:00,0.5045124999999999,mg/m³,CO,mongodb,CO
P1.ASANTAS.ESTE_1900-01-03T00:00:00_co,p1.asantas.este,1900-01-03 00:00:00+00:00,0.5292375,mg/m³,CO,mongodb,CO
P1.ASANTAS.ESTE_1900-01-04T00:00:00_co,p1.asantas.este,1900-01-04 00:00:00+00:00,0.29860000000000003,mg/m³,CO,mongodb,CO
P1.ASANTAS.ESTE_1900-01-05T00:00:00_co,p1.asantas.este,1900-01-05 00:00:00+00:00,0.339075,mg/m³,CO,mongodb,CO
P1.ASANTAS.ESTE_1900-01-06T00:00:00_co,p1.asantas.este,1900-01-06 00:00:00+00:00,0.6942735,mg/m³,CO,mongodb,CO
P1.ASANTAS.ESTE_1899-12-31T00:00:00_co,p1.asantas.este,1899-12-31 00:00:00+00:00,0.9140540000000001,mg/m³,CO,mongodb,CO
P1.ASANTAS.ESTE_1900-01-06T00:00:00_co,p1.asantas.este,1900-01-06 00:00:00+00:00,0.3460723224325338,mg/m³,CO,mongodb,CO
P1.ASANTAS.ESTE_1899-12-31T00:00:00_co,p1.asantas.este,1899-12-31 00:00:00+00:00,0.428400304775135,mg/m³,CO,mongodb,CO
P1.ASANTAS.ESTE_1900-01-06T00:00:00_co,p1.asantas.este,1900-01-06 00:00:00+00:00,0.359241638410993,mg/m³,CO,mongodb,CO
P1.ASANTAS.ESTE_1899-12-31T00:00:00_co,p1.asantas.este,1899-12-31 00:00:00+00:00,0.266279956895569,mg/m³,CO,mongodb,CO
P1.ASANTAS.ESTE_1900-01-06T00:00:00_co,p1.asantas.este,1900-01-06 00:00:00+00:00,0.25907900000000006,mg/m³,CO,mongodb,CO
P1.ASANTAS.ESTE_1899-12-31T00:00:00_co,p1.asantas.este,1899-12-31 00:00:00+00:00,0.218325,mg/m³,CO,mongodb,CO
P1.ASANTAS.ESTE_1900-01-06T00:00:00_co,p1.asantas.este,1900-01-06 00:00:00+00:00,0.9752075000000002,mg/m³,CO,mongodb,CO
P1.ASANTAS.ESTE_1899-12-31T00:00:00_co,p1.asantas.este,1899-12-31 00:00:00+00:00,0.9520075000000001,mg/m³,CO,mongodb,CO
P1.ASANTAS.ESTE_1900-01-06T00:00:00_co,p1.asantas.este,1900-01-06 00:00:00+00:00,0.23778571428571427,mg/m³,CO,mongodb,CO
P1.ASANTAS.ESTE_1899-12-31T00:00:00_co,p1.asantas.este,1899-12-31 00:00:00+00:00,0.28645000000000004,mg/m³,CO,mongodb,CO
P1.ASANTAS.ESTE_1900-01-06T00:00:00_co,p1.asantas.este,1900-01-06 00:00:00+00:00,0.29622857142857145,mg/m³,CO,mongodb,CO
P1.ASANTAS.ESTE_1899-12-31T00:00:00_co,p1.asantas.este,1899-12-31 00:00:00+00:00,0.34794285714285716,mg/m³,CO,mongodb,CO
P1.ASANTAS.ESTE_1900-01-06T00:00:00_co,p1.asantas.este,1900-01-06 00:00:00+00:00,0.2682375,mg/m³,CO,mongodb,CO
P1.ASANTAS.ESTE_1899-12-31T00:00:00_co,p1.asantas.este,1899-12-31 00:00:00+00:00,0.30722499999999997,mg/m³,CO,mongodb,CO
P1.ASANTAS.ESTE_1900-01-06T00:00:00_co,p1.asantas.este,1900-01-06 00:00:00+00:00,0.36532499999999996,mg/m³,CO,mongodb,CO
P1.ASANTAS.ESTE_1899-12-31T00:00:00_co,p1.asantas.este,1899-12-31 00:00:00+00:00,0.3975375,mg/m³,CO,mongodb,CO
P1.ASANTAS.ESTE_1900-01-06T00:00:00_co,p1.asantas.este,1900-01-06 00:00:00+00:00,0.36241950000000006,mg/m³,CO,mongodb,CO
P1.ASANTAS.ESTE_1899-12-31T00:00:00_co,p1.asantas.este,1899-12-31 00:00:00+00:00,0.40754,mg/m³,CO,mongodb,CO
P1.ASANTAS.ESTE_1900-01-06T00:00:00_co,p1.asantas.este,1900-01-06 00:00:00+00:00,0.176025,mg/m³,CO,mongodb,CO
P1.ASANTAS.ESTE_1899-12-31T00:00:00_co,p1.asantas.este,1899-12-31 00:00:00+00:00,0.7226625,mg/m³,CO,mongodb,CO
CTSa-gr03,empresa de electricidade dos açores s.a. - central termoeléctrica do pico - grupo 03,1899-12-30 12:00:00+00:00,73.64370451604556,mg/Nm³,CO,mongodb,CO
CTB-gr05,grupo 5,1899-12-30 12:00:00+00:00,122.14742358554254,mg/Nm³,CO,mongodb,CO
CTSb-gr07,grupo 7,1899-12-30 12:00:00+00:00,88.73970490400114,mg/Nm³,CO,mongodb,CO
CCB-xs13,"coficab portugal - companhia de fios e cabos, lda. - 10549 - extrusora 1",2107-10-18 12:00:00+00:00,2.7275917136591477,mg/Nm³,CO,mongodb,CO
P1.PQ.NAÇOES_1900-01-01T00:00:00_o3,p1.pq.naçoes,1900-01-01 00:00:00+00:00,28.252666666666666,µg/m³,O3,mongodb,O3
P1.GRIJO.ESTE_1900-01-01T00:00:00_o3,p1.grijo.este,1900-01-01 00:00:00+00:00,39.36666666666667,µg/m³,O3,mongodb,O3
P1.PQ.NAÇOES_1900-01-01T00:00:00_o3,p1.pq.naçoes,1900-01-01 00:00:00+00:00,28.252666666666666,µg/m³,O3,mongodb,O3
P1.GRIJO.ESTE_1900-01-01T00:00:00_o3,p1.grijo.este,1900-01-01 00:00:00+00:00,39.36666666666667,µg/m³,O3,mongodb,O3
4.905546005045442,%,CTSa-gr03,1899-12-30 12:00:00+00:00,empresa de electricidade dos açores s.a. - central termoeléctrica do pico - grupo 03,H2O,mongodb,H2O
4.889457326826683,%,CTB-gr05,1899-12-30 12:00:00+00:00,grupo 5,H2O,mongodb,H2O
4.52529113939961,%,CTSb-gr07,1899-12-30 12:00:00+00:00,grupo 7,H2O,mongodb,H2O
1.2136814005703866,%,CCB-xs13,2107-10-18 12:00:00+00:00,"coficab portugal - companhia de fios e cabos, lda. - 10549 - extrusora 1",H2O,mongodb,H2O
CTSa-gr03,empresa de electricidade dos açores s.a. - central termoeléctrica do pico - grupo 03,1899-12-30 12:00:00+00:00,6.48596618601665,%,CO2,mongodb,CO2
CTB-gr05,grupo 5,1899-12-30 12:00:00+00:00,5.379381437072234,%,CO2,mongodb,CO2
CTSb-gr07,grupo 7,1899-12-30 12:00:00+00:00,6.7442606989303675,%,CO2,mongodb,CO2
CCB-xs13,"coficab portugal - companhia de fios e cabos, lda. - 10549 - extrusora 1",2107-10-18 12:00:00+00:00,0.5,%,CO2,mongodb,CO2
0.0,mg/Nm³,CTSa-gr03,1899-12-30 12:00:00+00:00,empresa de electricidade dos açores s.a. - central termoeléctrica do pico - grupo 03,CH4,mongodb,CH4
0.0,mg/Nm³,CTB-gr05,1899-12-30 12:00:00+00:00,grupo 5,CH4,mongodb,CH4
0.0,mg/Nm³,CTSb-gr07,1899-12-30 12:00:00+00:00,grupo 7,CH4,mongodb,CH4
0.0,mg/Nm³,CCB-xs13,2107-10-18 12:00:00+00:00,"coficab portugal - companhia de fios e cabos, lda. - 10549 - extrusora 1",CH4,mongodb,CH4
P1.OVAR.ESTE_1900-01-03T00:00:00_pm10,p1.ovar.este,1900-01-03 00:00:00+00:00,20.535789399827284,µg/m³,PM10,mongodb,PM10
P1.OVAR.ESTE_1900-01-04T00:00:00_pm10,p1.ovar.este,1900-01-04 00:00:00+00:00,11.586289831606218,µg/m³,PM10,mongodb,PM10
P1.OVAR.ESTE_1900-01-05T00:00:00_pm10,p1.ovar.este,1900-01-05 00:00:00+00:00,9.261127428756472,µg/m³,PM10,mongodb,PM10
P1.OVAR.ESTE_1900-01-01T00:00:00_pm10,p1.ovar.este,1900-01-01 00:00:00+00:00,7.752301840457687,µg/m³,PM10,mongodb,PM10
P1.OVAR.ESTE_1900-01-02T00:00:00_pm10,p1.ovar.este,1900-01-02 00:00:00+00:00,9.915953421848016,µg/m³,PM10,mongodb,PM10
P1.OVAR.ESTE_1900-01-05T00:00:00_pm10,p1.ovar.este,1900-01-05 00:00:00+00:00,13.816666666666665,µg/m³,PM10,mongodb,PM10
P1.OVAR.ESTE_1900-01-01T00:00:00_pm10,p1.ovar.este,1900-01-01 00:00:00+00:00,35.208333333333336,µg/m³,PM10,mongodb,PM10
P1.OVAR.ESTE_1900-01-02T00:00:00_pm10,p1.ovar.este,1900-01-02 00:00:00+00:00,8.55,µg/m³,PM10,mongodb,PM10
P1.OVAR.ESTE_1900-01-03T00:00:00_pm10,p1.ovar.este,1900-01-03 00:00:00+00:00,14.30833333333333,µg/m³,PM10,mongodb,PM10
P1.OVAR.ESTE_1900-01-04T00:00:00_pm10,p1.ovar.este,1900-01-04 00:00:00+00:00,11.39583333333333,µg/m³,PM10,mongodb,PM10
P1.OVAR.ESTE_1900-01-04T00:00:00_pm10,p1.ovar.este,1900-01-04 00:00:00+00:00,8.7,µg/m³,PM10,mongodb,PM10
P1.OVAR.ESTE_1900-01-05T00:00:00_pm10,p1.ovar.este,1900-01-05 00:00:00+00:00,10.2875,µg/m³,PM10,mongodb,PM10
P1.OVAR.ESTE_1900-01-01T00:00:00_pm10,p1.ovar.este,1900-01-01 00:00:00+00:00,7.633333333333334,µg/m³,PM10,mongodb,PM10
P1.OVAR.ESTE_1900-01-02T00:00:00_pm10,p1.ovar.este,1900-01-02 00:00:00+00:00,11.641666666666667,µg/m³,PM10,mongodb,PM10
P1.OVAR.ESTE_1900-01-03T00:00:00_pm10,p1.ovar.este,1900-01-03 00:00:00+00:00,19.362499999999997,µg/m³,PM10,mongodb,PM10
P1.OVAR.ESTE_1900-01-03T00:00:00_pm10,p1.ovar.este,1900-01-03 00:00:00+00:00,22.55,µg/m³,PM10,mongodb,PM10
P1.OVAR.ESTE_1900-01-04T00:00:00_pm10,p1.ovar.este,1900-01-04 00:00:00+00:00,21.037500000000005,µg/m³,PM10,mongodb,PM10
P1.OVAR.ESTE_1900-01-05T00:00:00_pm10,p1.ovar.este,1900-01-05 00:00:00+00:00,25.60416666666667,µg/m³,PM10,mongodb,PM10
P1.OVAR.ESTE_1900-01-01T00:00:00_pm10,p1.ovar.este,1900-01-01 00:00:00+00:00,15.233333333333336,µg/m³,PM10,mongodb,PM10
P1.OVAR.ESTE_1900-01-02T00:00:00_pm10,p1.ovar.este,1900-01-02 00:00:00+00:00,18.724999999999998,µg/m³,PM10,mongodb,PM10
P1.OVAR.ESTE_1900-01-06T00:00:00_pm10,p1.ovar.este,1900-01-06 00:00:00+00:00,9.123788833117445,µg/m³,PM10,mongodb,PM10
P1.OVAR.ESTE_1899-12-31T00:00:00_pm10,p1.ovar.este,1899-12-31 00:00:00+00:00,19.165449697754756,µg/m³,PM10,mongodb,PM10
P1.OVAR.ESTE_1900-01-06T00:00:00_pm10,p1.ovar.este,1900-01-06 00:00:00+00:00,18.166666666666668,µg/m³,PM10,mongodb,PM10
P1.OVAR.ESTE_1899-12-31T00:00:00_pm10,p1.ovar.este,1899-12-31 00:00:00+00:00,13.249999999999998,µg/m³,PM10,mongodb,PM10
P1.OVAR.ESTE_1900-01-06T00:00:00_pm10,p1.ovar.este,1900-01-06 00:00:00+00:00,9.829166666666667,µg/m³,PM10,mongodb,PM10
P1.OVAR.ESTE_1899-12-31T00:00:00_pm10,p1.ovar.este,1899-12-31 00:00:00+00:00,9.15,µg/m³,PM10,mongodb,PM10
P1.OVAR.ESTE_1900-01-06T00:00:00_pm10,p1.ovar.este,1900-01-06 00:00:00+00:00,15.808333333333332,µg/m³,PM10,mongodb,PM10
P1.OVAR.ESTE_1899-12-31T00:00:00_pm10,p1.ovar.este,1899-12-31 00:00:00+00:00,14.475000000000001,µg/m³,PM10,mongodb,PM10
P1.OVAR.ESTE_1900-01-01T00:00:00_pm10,p1.ovar.este,1900-01-01 00:00:00+00:00,10.133333333333333,µg/m³,PM10,mongodb,PM10
P1.PQ.NAÇOES_1900-01-01T00:00:00_pm10,p1.pq.naçoes,1900-01-01 00:00:00+00:00,104.125,µg/m³,PM10,mongodb,PM10
P1.SJVER.ESTE_1900-01-03T00:00:00_pm10,p1.sjver.este,1900-01-03 00:00:00+00:00,30.466666666666672,µg/m³,PM10,mongodb,PM10
P1.SJVER.ESTE_1900-01-04T00:00:00_pm10,p1.sjver.este,1900-01-04 00:00:00+00:00,29.170833333333338,µg/m³,PM10,mongodb,PM10
P1.SJVER.ESTE_1900-01-05T00:00:00_pm10,p1.sjver.este,1900-01-05 00:00:00+00:00,40.94166666666667,µg/m³,PM10,mongodb,PM10
P1.SJVER.ESTE_1900-01-01T00:00:00_pm10,p1.sjver.este,1900-01-01 00:00:00+00:00,15.816666666666668,µg/m³,PM10,mongodb,PM10
P1.SJVER.ESTE_1900-01-02T00:00:00_pm10,p1.sjver.este,1900-01-02 00:00:00+00:00,14.770833333333334,µg/m³,PM10,mongodb,PM10
P1.SJVER.ESTE_1900-01-02T00:00:00_pm10,p1.sjver.este,1900-01-02 00:00:00+00:00,28.603571428571428,µg/m³,PM10,mongodb,PM10
P1.SJVER.ESTE_1900-01-03T00:00:00_pm10,p1.sjver.este,1900-01-03 00:00:00+00:00,32.582142857142856,µg/m³,PM10,mongodb,PM10
P1.SJVER.ESTE_1900-01-04T00:00:00_pm10,p1.sjver.este,1900-01-04 00:00:00+00:00,43.04968944099378,µg/m³,PM10,mongodb,PM10
P1.SJVER.ESTE_1900-01-05T00:00:00_pm10,p1.sjver.este,1900-01-05 00:00:00+00:00,20.84285714285714,µg/m³,PM10,mongodb,PM10
P1.SJVER.ESTE_1900-01-01T00:00:00_pm10,p1.sjver.este,1900-01-01 00:00:00+00:00,11.770238095238092,µg/m³,PM10,mongodb,PM10
P1.SJVER.ESTE_1900-01-05T00:00:00_pm10,p1.sjver.este,1900-01-05 00:00:00+00:00,40.5,µg/m³,PM10,mongodb,PM10
P1.SJVER.ESTE_1900-01-01T00:00:00_pm10,p1.sjver.este,1900-01-01 00:00:00+00:00,17.0,µg/m³,PM10,mongodb,PM10
P1.SJVER.ESTE_1900-01-02T00:00:00_pm10,p1.sjver.este,1900-01-02 00:00:00+00:00,27.75,µg/m³,PM10,mongodb,PM10
P1.SJVER.ESTE_1900-01-03T00:00:00_pm10,p1.sjver.este,1900-01-03 00:00:00+00:00,27.666666666666668,µg/m³,PM10,mongodb,PM10
P1.SJVER.ESTE_1900-01-04T00:00:00_pm10,p1.sjver.este,1900-01-04 00:00:00+00:00,26.458333333333332,µg/m³,PM10,mongodb,PM10
P1.SJVER.ESTE_1900-01-03T00:00:00_pm10,p1.sjver.este,1900-01-03 00:00:00+00:00,52.97916666666668,µg/m³,PM10,mongodb,PM10
P1.SJVER.ESTE_1900-01-04T00:00:00_pm10,p1.sjver.este,1900-01-04 00:00:00+00:00,37.57083333333333,µg/m³,PM10,mongodb,PM10
P1.SJVER.ESTE_1900-01-05T00:00:00_pm10,p1.sjver.este,1900-01-05 00:00:00+00:00,26.466666666666672,µg/m³,PM10,mongodb,PM10
P1.SJVER.ESTE_1900-01-01T00:00:00_pm10,p1.sjver.este,1900-01-01 00:00:00+00:00,42.93333333333334,µg/m³,PM10,mongodb,PM10
P1.SJVER.ESTE_1900-01-02T00:00:00_pm10,p1.sjver.este,1900-01-02 00:00:00+00:00,41.80416666666667,µg/m³,PM10,mongodb,PM10
P1.SJVER.ESTE_1900-01-05T00:00:00_pm10,p1.sjver.este,1900-01-05 00:00:00+00:00,62.38491708588174,µg/m³,PM10,mongodb,PM10
P1.SJVER.ESTE_1900-01-02T00:00:00_pm10,p1.sjver.este,1900-01-02 00:00:00+00:00,24.187499999999996,µg/m³,PM10,mongodb,PM10
P1.SJVER.ESTE_1900-01-03T00:00:00_pm10,p1.sjver.este,1900-01-03 00:00:00+00:00,24.575000000000003,µg/m³,PM10,mongodb,PM10
P1.SJVER.ESTE_1900-01-04T00:00:00_pm10,p1.sjver.este,1900-01-04 00:00:00+00:00,42.99130434782609,µg/m³,PM10,mongodb,PM10
P1.SJVER.ESTE_1900-01-05T00:00:00_pm10,p1.sjver.este,1900-01-05 00:00:00+00:00,33.08333333333333,µg/m³,PM10,mongodb,PM10
P1.SJVER.ESTE_1900-01-01T00:00:00_pm10,p1.sjver.este,1900-01-01 00:00:00+00:00,29.225000000000005,µg/m³,PM10,mongodb,PM10
P1.SJVER.ESTE_1900-01-05T00:00:00_pm10,p1.sjver.este,1900-01-05 00:00:00+00:00,24.625000000000004,µg/m³,PM10,mongodb,PM10
P1.SJVER.ESTE_1900-01-01T00:00:00_pm10,p1.sjver.este,1900-01-01 00:00:00+00:00,31.529166666666665,µg/m³,PM10,mongodb,PM10
P1.SJVER.ESTE_1900-01-02T00:00:00_pm10,p1.sjver.este,1900-01-02 00:00:00+00:00,25.820833333333336,µg/m³,PM10,mongodb,PM10
P1.SJVER.ESTE_1900-01-03T00:00:00_pm10,p1.sjver.este,1900-01-03 00:00:00+00:00,24.683333333333334,µg/m³,PM10,mongodb,PM10
P1.SJVER.ESTE_1900-01-04T00:00:00_pm10,p1.sjver.este,1900-01-04 00:00:00+00:00,35.05833333333334,µg/m³,PM10,mongodb,PM10
P1.SJVER.ESTE_1900-01-03T00:00:00_pm10,p1.sjver.este,1900-01-03 00:00:00+00:00,24.92916666666667,µg/m³,PM10,mongodb,PM10
P1.SJVER.ESTE_1900-01-04T00:00:00_pm10,p1.sjver.este,1900-01-04 00:00:00+00:00,27.920833333333334,µg/m³,PM10,mongodb,PM10
P1.SJVER.ESTE_1900-01-05T00:00:00_pm10,p1.sjver.este,1900-01-05 00:00:00+00:00,31.85833333333333,µg/m³,PM10,mongodb,PM10
P1.SJVER.ESTE_1900-01-01T00:00:00_pm10,p1.sjver.este,1900-01-01 00:00:00+00:00,31.737500000000008,µg/m³,PM10,mongodb,PM10
P1.SJVER.ESTE_1900-01-02T00:00:00_pm10,p1.sjver.este,1900-01-02 00:00:00+00:00,24.133333333333336,µg/m³,PM10,mongodb,PM10
P1.SJVER.ESTE_1900-01-05T00:00:00_pm10,p1.sjver.este,1900-01-05 00:00:00+00:00,15.669565217391309,µg/m³,PM10,mongodb,PM10
P1.SJVER.ESTE_1900-01-06T00:00:00_pm10,p1.sjver.este,1900-01-06 00:00:00+00:00,15.341666666666663,µg/m³,PM10,mongodb,PM10
P1.SJVER.ESTE_1899-12-31T00:00:00_pm10,p1.sjver.este,1899-12-31 00:00:00+00:00,7.354166666666669,µg/m³,PM10,mongodb,PM10
P1.SJVER.ESTE_1900-01-06T00:00:00_pm10,p1.sjver.este,1900-01-06 00:00:00+00:00,20.35,µg/m³,PM10,mongodb,PM10
P1.SJVER.ESTE_1899-12-31T00:00:00_pm10,p1.sjver.este,1899-12-31 00:00:00+00:00,20.089285714285715,µg/m³,PM10,mongodb,PM10
P1.SJVER.ESTE_1900-01-06T00:00:00_pm10,p1.sjver.este,1900-01-06 00:00:00+00:00,27.916666666666668,µg/m³,PM10,mongodb,PM10
P1.SJVER.ESTE_1899-12-31T00:00:00_pm10,p1.sjver.este,1899-12-31 00:00:00+00:00,16.375,µg/m³,PM10,mongodb,PM10
P1.SJVER.ESTE_1900-01-06T00:00:00_pm10,p1.sjver.este,1900-01-06 00:00:00+00:00,28.245833333333334,µg/m³,PM10,mongodb,PM10
P1.SJVER.ESTE_1899-12-31T00:00:00_pm10,p1.sjver.este,1899-12-31 00:00:00+00:00,28.162499999999998,µg/m³,PM10,mongodb,PM10
P1.SJVER.ESTE_1900-01-06T00:00:00_pm10,p1.sjver.este,1900-01-06 00:00:00+00:00,33.05681892891981,µg/m³,PM10,mongodb,PM10
P1.SJVER.ESTE_1899-12-31T00:00:00_pm10,p1.sjver.este,1899-12-31 00:00:00+00:00,20.749105241586918,µg/m³,PM10,mongodb,PM10
P1.SJVER.ESTE_1900-01-06T00:00:00_pm10,p1.sjver.este,1900-01-06 00:00:00+00:00,23.391666666666666,µg/m³,PM10,mongodb,PM10
P1.SJVER.ESTE_1899-12-31T00:00:00_pm10,p1.sjver.este,1899-12-31 00:00:00+00:00,18.304166666666664,µg/m³,PM10,mongodb,PM10
P1.SJVER.ESTE_1900-01-06T00:00:00_pm10,p1.sjver.este,1900-01-06 00:00:00+00:00,17.56666666666667,µg/m³,PM10,mongodb,PM10
P1.SJVER.ESTE_1899-12-31T00:00:00_pm10,p1.sjver.este,1899-12-31 00:00:00+00:00,16.949999999999996,µg/m³,PM10,mongodb,PM10
P1.SJVER.ESTE_1900-01-06T00:00:00_pm10,p1.sjver.este,1900-01-06 00:00:00+00:00,23.220833333333335,µg/m³,PM10,mongodb,PM10
P1.SJVER.ESTE_1899-12-31T00:00:00_pm10,p1.sjver.este,1899-12-31 00:00:00+00:00,17.120833333333334,µg/m³,PM10,mongodb,PM10
P1.SJVER.ESTE_1900-01-06T00:00:00_pm10,p1.sjver.este,1900-01-06 00:00:00+00:00,71.25,µg/m³,PM10,mongodb,PM10
P1.SJVER.ESTE_1900-01-06T00:00:00_pm10,p1.sjver.este,1900-01-06 00:00:00+00:00,13.954166666666666,µg/m³,PM10,mongodb,PM10
P1.SJVER.ESTE_1899-12-31T00:00:00_pm10,p1.sjver.este,1899-12-31 00:00:00+00:00,19.275,µg/m³,PM10,mongodb,PM10
P1.SJVER.ESTE_1900-01-01T00:00:00_pm10,p1.sjver.este,1900-01-01 00:00:00+00:00,25.119122807017547,µg/m³,PM10,mongodb,PM10
P1.GRIJO.ESTE_1900-01-01T00:00:00_pm10,p1.grijo.este,1900-01-01 00:00:00+00:00,33.40006666666667,µg/m³,PM10,mongodb,PM10
P1.ASANTAS.ESTE_1900-01-05T00:00:00_pm10,p1.asantas.este,1900-01-05 00:00:00+00:00,36.333333333333336,µg/m³,PM10,mongodb,PM10
P1.ASANTAS.ESTE_1900-01-01T00:00:00_pm10,p1.asantas.este,1900-01-01 00:00:00+00:00,71.83333333333333,µg/m³,PM10,mongodb,PM10
P1.ASANTAS.ESTE_1900-01-02T00:00:00_pm10,p1.asantas.este,1900-01-02 00:00:00+00:00,15.333333333333334,µg/m³,PM10,mongodb,PM10
P1.ASANTAS.ESTE_1900-01-03T00:00:00_pm10,p1.asantas.este,1900-01-03 00:00:00+00:00,17.0,µg/m³,PM10,mongodb,PM10
P1.ASANTAS.ESTE_1900-01-04T00:00:00_pm10,p1.asantas.este,1900-01-04 00:00:00+00:00,22.5,µg/m³,PM10,mongodb,PM10
P1.ASANTAS.ESTE_1900-01-01T00:00:00_pm10,p1.asantas.este,1900-01-01 00:00:00+00:00,17.097208333333338,µg/m³,PM10,mongodb,PM10
P1.ASANTAS.ESTE_1900-01-02T00:00:00_pm10,p1.asantas.este,1900-01-02 00:00:00+00:00,44.947333333333326,µg/m³,PM10,mongodb,PM10
P1.ASANTAS.ESTE_1900-01-03T00:00:00_pm10,p1.asantas.este,1900-01-03 00:00:00+00:00,18.767500000000002,µg/m³,PM10,mongodb,PM10
P1.ASANTAS.ESTE_1900-01-04T00:00:00_pm10,p1.asantas.este,1900-01-04 00:00:00+00:00,14.580041666666666,µg/m³,PM10,mongodb,PM10
P1.ASANTAS.ESTE_1900-01-05T00:00:00_pm10,p1.asantas.este,1900-01-05 00:00:00+00:00,19.992916666666666,µg/m³,PM10,mongodb,PM10
P1.ASANTAS.ESTE_1900-01-02T00:00:00_pm10,p1.asantas.este,1900-01-02 00:00:00+00:00,22.416666666666668,µg/m³,PM10,mongodb,PM10
P1.ASANTAS.ESTE_1900-01-03T00:00:00_pm10,p1.asantas.este,1900-01-03 00:00:00+00:00,21.25,µg/m³,PM10,mongodb,PM10
P1.ASANTAS.ESTE_1900-01-04T00:00:00_pm10,p1.asantas.este,1900-01-04 00:00:00+00:00,24.25,µg/m³,PM10,mongodb,PM10
P1.ASANTAS.ESTE_1900-01-05T00:00:00_pm10,p1.asantas.este,1900-01-05 00:00:00+00:00,27.583333333333332,µg/m³,PM10,mongodb,PM10
P1.ASANTAS.ESTE_1900-01-01T00:00:00_pm10,p1.asantas.este,1900-01-01 00:00:00+00:00,31.545454545454547,µg/m³,PM10,mongodb,PM10
P1.ASANTAS.ESTE_1900-01-02T00:00:00_pm10,p1.asantas.este,1900-01-02 00:00:00+00:00,10.413875,µg/m³,PM10,mongodb,PM10
P1.ASANTAS.ESTE_1900-01-03T00:00:00_pm10,p1.asantas.este,1900-01-03 00:00:00+00:00,18.578833333333332,µg/m³,PM10,mongodb,PM10
P1.ASANTAS.ESTE_1900-01-04T00:00:00_pm10,p1.asantas.este,1900-01-04 00:00:00+00:00,9.979987499999998,µg/m³,PM10,mongodb,PM10
P1.ASANTAS.ESTE_1900-01-05T00:00:00_pm10,p1.asantas.este,1900-01-05 00:00:00+00:00,14.700333333333333,µg/m³,PM10,mongodb,PM10
P1.ASANTAS.ESTE_1900-01-01T00:00:00_pm10,p1.asantas.este,1900-01-01 00:00:00+00:00,18.891333333333332,µg/m³,PM10,mongodb,PM10
P1.ASANTAS.ESTE_1900-01-05T00:00:00_pm10,p1.asantas.este,1900-01-05 00:00:00+00:00,7.560227272727272,µg/m³,PM10,mongodb,PM10
P1.ASANTAS.ESTE_1900-01-01T00:00:00_pm10,p1.asantas.este,1900-01-01 00:00:00+00:00,38.30083333333334,µg/m³,PM10,mongodb,PM10
P1.ASANTAS.ESTE_1900-01-02T00:00:00_pm10,p1.asantas.este,1900-01-02 00:00:00+00:00,23.92260869565217,µg/m³,PM10,mongodb,PM10
P1.ASANTAS.ESTE_1900-01-03T00:00:00_pm10,p1.asantas.este,1900-01-03 00:00:00+00:00,24.374583333333334,µg/m³,PM10,mongodb,PM10
P1.ASANTAS.ESTE_1900-01-04T00:00:00_pm10,p1.asantas.este,1900-01-04 00:00:00+00:00,26.95179166666666,µg/m³,PM10,mongodb,PM10
P1.ASANTAS.ESTE_1900-01-05T00:00:00_pm10,p1.asantas.este,1900-01-05 00:00:00+00:00,27.80956521739131,µg/m³,PM10,mongodb,PM10
P1.ASANTAS.ESTE_1900-01-04T00:00:00_pm10,p1.asantas.este,1900-01-04 00:00:00+00:00,32.54208333333333,µg/m³,PM10,mongodb,PM10
P1.ASANTAS.ESTE_1900-01-05T00:00:00_pm10,p1.asantas.este,1900-01-05 00:00:00+00:00,31.00633333333333,µg/m³,PM10,mongodb,PM10
P1.ASANTAS.ESTE_1900-01-01T00:00:00_pm10,p1.asantas.este,1900-01-01 00:00:00+00:00,23.826521739130435,µg/m³,PM10,mongodb,PM10
P1.ASANTAS.ESTE_1900-01-02T00:00:00_pm10,p1.asantas.este,1900-01-02 00:00:00+00:00,27.75458333333333,µg/m³,PM10,mongodb,PM10
P1.ASANTAS.ESTE_1900-01-03T00:00:00_pm10,p1.asantas.este,1900-01-03 00:00:00+00:00,23.706691666666668,µg/m³,PM10,mongodb,PM10
P1.ASANTAS.ESTE_1900-01-04T00:00:00_pm10,p1.asantas.este,1900-01-04 00:00:00+00:00,29.47083333333333,µg/m³,PM10,mongodb,PM10
P1.ASANTAS.ESTE_1900-01-05T00:00:00_pm10,p1.asantas.este,1900-01-05 00:00:00+00:00,24.885741666666664,µg/m³,PM10,mongodb,PM10
P1.ASANTAS.ESTE_1900-01-03T00:00:00_pm10,p1.asantas.este,1900-01-03 00:00:00+00:00,17.452380952380956,µg/m³,PM10,mongodb,PM10
P1.ASANTAS.ESTE_1900-01-04T00:00:00_pm10,p1.asantas.este,1900-01-04 00:00:00+00:00,39.42368197278912,µg/m³,PM10,mongodb,PM10
P1.ASANTAS.ESTE_1900-01-05T00:00:00_pm10,p1.asantas.este,1900-01-05 00:00:00+00:00,25.827965561224485,µg/m³,PM10,mongodb,PM10
P1.ASANTAS.ESTE_1900-01-01T00:00:00_pm10,p1.asantas.este,1900-01-01 00:00:00+00:00,23.382996067176876,µg/m³,PM10,mongodb,PM10
P1.ASANTAS.ESTE_1900-01-01T00:00:00_pm10,p1.asantas.este,1900-01-01 00:00:00+00:00,16.042516847363945,µg/m³,PM10,mongodb,PM10
P1.ASANTAS.ESTE_1900-01-02T00:00:00_pm10,p1.asantas.este,1900-01-02 00:00:00+00:00,16.138103693664966,µg/m³,PM10,mongodb,PM10
P1.ASANTAS.ESTE_1900-01-03T00:00:00_pm10,p1.asantas.este,1900-01-03 00:00:00+00:00,23.127521258503396,µg/m³,PM10,mongodb,PM10
P1.ASANTAS.ESTE_1900-01-04T00:00:00_pm10,p1.asantas.este,1900-01-04 00:00:00+00:00,20.4281482514881,µg/m³,PM10,mongodb,PM10
P1.ASANTAS.ESTE_1900-01-05T00:00:00_pm10,p1.asantas.este,1900-01-05 00:00:00+00:00,7.167942176870749,µg/m³,PM10,mongodb,PM10
P1.ASANTAS.ESTE_1900-01-06T00:00:00_pm10,p1.asantas.este,1900-01-06 00:00:00+00:00,52.0,µg/m³,PM10,mongodb,PM10
P1.ASANTAS.ESTE_1899-12-31T00:00:00_pm10,p1.asantas.este,1899-12-31 00:00:00+00:00,44.5,µg/m³,PM10,mongodb,PM10
P1.ASANTAS.ESTE_1900-01-06T00:00:00_pm10,p1.asantas.este,1900-01-06 00:00:00+00:00,14.559708333333335,µg/m³,PM10,mongodb,PM10
P1.ASANTAS.ESTE_1899-12-31T00:00:00_pm10,p1.asantas.este,1899-12-31 00:00:00+00:00,29.292916666666667,µg/m³,PM10,mongodb,PM10
P1.ASANTAS.ESTE_1900-01-06T00:00:00_pm10,p1.asantas.este,1900-01-06 00:00:00+00:00,17.77958333333333,µg/m³,PM10,mongodb,PM10
P1.ASANTAS.ESTE_1899-12-31T00:00:00_pm10,p1.asantas.este,1899-12-31 00:00:00+00:00,31.53444683908046,µg/m³,PM10,mongodb,PM10
P1.ASANTAS.ESTE_1900-01-06T00:00:00_pm10,p1.asantas.este,1900-01-06 00:00:00+00:00,31.083333333333332,µg/m³,PM10,mongodb,PM10
P1.ASANTAS.ESTE_1899-12-31T00:00:00_pm10,p1.asantas.este,1899-12-31 00:00:00+00:00,35.166666666666664,µg/m³,PM10,mongodb,PM10
P1.ASANTAS.ESTE_1900-01-06T00:00:00_pm10,p1.asantas.este,1900-01-06 00:00:00+00:00,16.017458333333337,µg/m³,PM10,mongodb,PM10
P1.ASANTAS.ESTE_1899-12-31T00:00:00_pm10,p1.asantas.este,1899-12-31 00:00:00+00:00,18.2548875,µg/m³,PM10,mongodb,PM10
P1.ASANTAS.ESTE_1900-01-06T00:00:00_pm10,p1.asantas.este,1900-01-06 00:00:00+00:00,15.622478260869563,µg/m³,PM10,mongodb,PM10
P1.ASANTAS.ESTE_1899-12-31T00:00:00_pm10,p1.asantas.este,1899-12-31 00:00:00+00:00,29.16208333333334,µg/m³,PM10,mongodb,PM10
P1.ASANTAS.ESTE_1900-01-06T00:00:00_pm10,p1.asantas.este,1900-01-06 00:00:00+00:00,20.595909090909085,µg/m³,PM10,mongodb,PM10
P1.ASANTAS.ESTE_1899-12-31T00:00:00_pm10,p1.asantas.este,1899-12-31 00:00:00+00:00,15.284999999999997,µg/m³,PM10,mongodb,PM10
P1.ASANTAS.ESTE_1900-01-06T00:00:00_pm10,p1.asantas.este,1900-01-06 00:00:00+00:00,30.795,µg/m³,PM10,mongodb,PM10
P1.ASANTAS.ESTE_1899-12-31T00:00:00_pm10,p1.asantas.este,1899-12-31 00:00:00+00:00,24.376250000000002,µg/m³,PM10,mongodb,PM10
P1.ASANTAS.ESTE_1900-01-06T00:00:00_pm10,p1.asantas.este,1900-01-06 00:00:00+00:00,21.659654166666666,µg/m³,PM10,mongodb,PM10
P1.ASANTAS.ESTE_1899-12-31T00:00:00_pm10,p1.asantas.este,1899-12-31 00:00:00+00:00,12.793579166666666,µg/m³,PM10,mongodb,PM10
P1.ASANTAS.ESTE_1900-01-06T00:00:00_pm10,p1.asantas.este,1900-01-06 00:00:00+00:00,25.048841411564624,µg/m³,PM10,mongodb,PM10
P1.ASANTAS.ESTE_1899-12-31T00:00:00_pm10,p1.asantas.este,1899-12-31 00:00:00+00:00,13.67362882653061,µg/m³,PM10,mongodb,PM10
P1.ASANTAS.ESTE_1900-01-06T00:00:00_pm10,p1.asantas.este,1900-01-06 00:00:00+00:00,12.233690529336736,µg/m³,PM10,mongodb,PM10
P1.ASANTAS.ESTE_1899-12-31T00:00:00_pm10,p1.asantas.este,1899-12-31 00:00:00+00:00,18.236546035289116,µg/m³,PM10,mongodb,PM10
P1.OVAR.ESTE_1900-01-03T00:00:00_pm10,p1.ovar.este,1900-01-03 00:00:00+00:00,20.535789399827284,µg/m³,PM10,mongodb,PM10
P1.OVAR.ESTE_1900-01-04T00:00:00_pm10,p1.ovar.este,1900-01-04 00:00:00+00:00,11.586289831606218,µg/m³,PM10,mongodb,PM10
P1.OVAR.ESTE_1900-01-05T00:00:00_pm10,p1.ovar.este,1900-01-05 00:00:00+00:00,9.261127428756472,µg/m³,PM10,mongodb,PM10
P1.OVAR.ESTE_1900-01-01T00:00:00_pm10,p1.ovar.este,1900-01-01 00:00:00+00:00,7.752301840457687,µg/m³,PM10,mongodb,PM10
P1.OVAR.ESTE_1900-01-02T00:00:00_pm10,p1.ovar.este,1900-01-02 00:00:00+00:00,9.915953421848016,µg/m³,PM10,mongodb,PM10
P1.OVAR.ESTE_1900-01-05T00:00:00_pm10,p1.ovar.este,1900-01-05 00:00:00+00:00,13.816666666666665,µg/m³,PM10,mongodb,PM10
P1.OVAR.ESTE_1900-01-01T00:00:00_pm10,p1.ovar.este,1900-01-01 00:00:00+00:00,35.208333333333336,µg/m³,PM10,mongodb,PM10
P1.OVAR.ESTE_1900-01-02T00:00:00_pm10,p1.ovar.este,1900-01-02 00:00:00+00:00,8.55,µg/m³,PM10,mongodb,PM10
P1.OVAR.ESTE_1900-01-03T00:00:00_pm10,p1.ovar.este,1900-01-03 00:00:00+00:00,14.30833333333333,µg/m³,PM10,mongodb,PM10
P1.OVAR.ESTE_1900-01-04T00:00:00_pm10,p1.ovar.este,1900-01-04 00:00:00+00:00,11.39583333333333,µg/m³,PM10,mongodb,PM10
P1.OVAR.ESTE_1900-01-04T00:00:00_pm10,p1.ovar.este,1900-01-04 00:00:00+00:00,8.7,µg/m³,PM10,mongodb,PM10
P1.OVAR.ESTE_1900-01-05T00:00:00_pm10,p1.ovar.este,1900-01-05 00:00:00+00:00,10.2875,µg/m³,PM10,mongodb,PM10
P1.OVAR.ESTE_1900-01-01T00:00:00_pm10,p1.ovar.este,1900-01-01 00:00:00+00:00,7.633333333333334,µg/m³,PM10,mongodb,PM10
P1.OVAR.ESTE_1900-01-02T00:00:00_pm10,p1.ovar.este,1900-01-02 00:00:00+00:00,11.641666666666667,µg/m³,PM10,mongodb,PM10
P1.OVAR.ESTE_1900-01-03T00:00:00_pm10,p1.ovar.este,1900-01-03 00:00:00+00:00,19.362499999999997,µg/m³,PM10,mongodb,PM10
P1.OVAR.ESTE_1900-01-03T00:00:00_pm10,p1.ovar.este,1900-01-03 00:00:00+00:00,22.55,µg/m³,PM10,mongodb,PM10
P1.OVAR.ESTE_1900-01-04T00:00:00_pm10,p1.ovar.este,1900-01-04 00:00:00+00:00,21.037500000000005,µg/m³,PM10,mongodb,PM10
P1.OVAR.ESTE_1900-01-05T00:00:00_pm10,p1.ovar.este,1900-01-05 00:00:00+00:00,25.60416666666667,µg/m³,PM10,mongodb,PM10
P1.OVAR.ESTE_1900-01-01T00:00:00_pm10,p1.ovar.este,1900-01-01 00:00:00+00:00,15.233333333333336,µg/m³,PM10,mongodb,PM10
P1.OVAR.ESTE_1900-01-02T00:00:00_pm10,p1.ovar.este,1900-01-02 00:00:00+00:00,18.724999999999998,µg/m³,PM10,mongodb,PM10
P1.OVAR.ESTE_1900-01-06T00:00:00_pm10,p1.ovar.este,1900-01-06 00:00:00+00:00,9.123788833117445,µg/m³,PM10,mongodb,PM10
P1.OVAR.ESTE_1899-12-31T00:00:00_pm10,p1.ovar.este,1899-12-31 00:00:00+00:00,19.165449697754756,µg/m³,PM10,mongodb,PM10
P1.OVAR.ESTE_1900-01-06T00:00:00_pm10,p1.ovar.este,1900-01-06 00:00:00+00:00,18.166666666666668,µg/m³,PM10,mongodb,PM10
P1.OVAR.ESTE_1899-12-31T00:00:00_pm10,p1.ovar.este,1899-12-31 00:00:00+00:00,13.249999999999998,µg/m³,PM10,mongodb,PM10
P1.OVAR.ESTE_1900-01-06T00:00:00_pm10,p1.ovar.este,1900-01-06 00:00:00+00:00,9.829166666666667,µg/m³,PM10,mongodb,PM10
P1.OVAR.ESTE_1899-12-31T00:00:00_pm10,p1.ovar.este,1899-12-31 00:00:00+00:00,9.15,µg/m³,PM10,mongodb,PM10
P1.OVAR.ESTE_1900-01-06T00:00:00_pm10,p1.ovar.este,1900-01-06 00:00:00+00:00,15.808333333333332,µg/m³,PM10,mongodb,PM10
P1.OVAR.ESTE_1899-12-31T00:00:00_pm10,p1.ovar.este,1899-12-31 00:00:00+00:00,14.475000000000001,µg/m³,PM10,mongodb,PM10
P1.OVAR.ESTE_1900-01-01T00:00:00_pm10,p1.ovar.este,1900-01-01 00:00:00+00:00,10.133333333333333,µg/m³,PM10,mongodb,PM10
P1.PQ.NAÇOES_1900-01-01T00:00:00_pm10,p1.pq.naçoes,1900-01-01 00:00:00+00:00,104.125,µg/m³,PM10,mongodb,PM10
P1.SJVER.ESTE_1900-01-03T00:00:00_pm10,p1.sjver.este,1900-01-03 00:00:00+00:00,30.466666666666672,µg/m³,PM10,mongodb,PM10
P1.SJVER.ESTE_1900-01-04T00:00:00_pm10,p1.sjver.este,1900-01-04 00:00:00+00:00,29.170833333333338,µg/m³,PM10,mongodb,PM10
P1.SJVER.ESTE_1900-01-05T00:00:00_pm10,p1.sjver.este,1900-01-05 00:00:00+00:00,40.94166666666667,µg/m³,PM10,mongodb,PM10
P1.SJVER.ESTE_1900-01-01T00:00:00_pm10,p1.sjver.este,1900-01-01 00:00:00+00:00,15.816666666666668,µg/m³,PM10,mongodb,PM10
P1.SJVER.ESTE_1900-01-02T00:00:00_pm10,p1.sjver.este,1900-01-02 00:00:00+00:00,14.770833333333334,µg/m³,PM10,mongodb,PM10
P1.SJVER.ESTE_1900-01-02T00:00:00_pm10,p1.sjver.este,1900-01-02 00:00:00+00:00,28.603571428571428,µg/m³,PM10,mongodb,PM10
P1.SJVER.ESTE_1900-01-03T00:00:00_pm10,p1.sjver.este,1900-01-03 00:00:00+00:00,32.582142857142856,µg/m³,PM10,mongodb,PM10
P1.SJVER.ESTE_1900-01-04T00:00:00_pm10,p1.sjver.este,1900-01-04 00:00:00+00:00,43.04968944099378,µg/m³,PM10,mongodb,PM10
P1.SJVER.ESTE_1900-01-05T00:00:00_pm10,p1.sjver.este,1900-01-05 00:00:00+00:00,20.84285714285714,µg/m³,PM10,mongodb,PM10
P1.SJVER.ESTE_1900-01-01T00:00:00_pm10,p1.sjver.este,1900-01-01 00:00:00+00:00,11.770238095238092,µg/m³,PM10,mongodb,PM10
P1.SJVER.ESTE_1900-01-05T00:00:00_pm10,p1.sjver.este,1900-01-05 00:00:00+00:00,40.5,µg/m³,PM10,mongodb,PM10
P1.SJVER.ESTE_1900-01-01T00:00:00_pm10,p1.sjver.este,1900-01-01 00:00:00+00:00,17.0,µg/m³,PM10,mongodb,PM10
P1.SJVER.ESTE_1900-01-02T00:00:00_pm10,p1.sjver.este,1900-01-02 00:00:00+00:00,27.75,µg/m³,PM10,mongodb,PM10
P1.SJVER.ESTE_1900-01-03T00:00:00_pm10,p1.sjver.este,1900-01-03 00:00:00+00:00,27.666666666666668,µg/m³,PM10,mongodb,PM10
P1.SJVER.ESTE_1900-01-04T00:00:00_pm10,p1.sjver.este,1900-01-04 00:00:00+00:00,26.458333333333332,µg/m³,PM10,mongodb,PM10
P1.SJVER.ESTE_1900-01-03T00:00:00_pm10,p1.sjver.este,1900-01-03 00:00:00+00:00,52.97916666666668,µg/m³,PM10,mongodb,PM10
P1.SJVER.ESTE_1900-01-04T00:00:00_pm10,p1.sjver.este,1900-01-04 00:00:00+00:00,37.57083333333333,µg/m³,PM10,mongodb,PM10
P1.SJVER.ESTE_1900-01-05T00:00:00_pm10,p1.sjver.este,1900-01-05 00:00:00+00:00,26.466666666666672,µg/m³,PM10,mongodb,PM10
P1.SJVER.ESTE_1900-01-01T00:00:00_pm10,p1.sjver.este,1900-01-01 00:00:00+00:00,42.93333333333334,µg/m³,PM10,mongodb,PM10
P1.SJVER.ESTE_1900-01-02T00:00:00_pm10,p1.sjver.este,1900-01-02 00:00:00+00:00,41.80416666666667,µg/m³,PM10,mongodb,PM10
P1.SJVER.ESTE_1900-01-05T00:00:00_pm10,p1.sjver.este,1900-01-05 00:00:00+00:00,62.38491708588174,µg/m³,PM10,mongodb,PM10
P1.SJVER.ESTE_1900-01-02T00:00:00_pm10,p1.sjver.este,1900-01-02 00:00:00+00:00,24.187499999999996,µg/m³,PM10,mongodb,PM10
P1.SJVER.ESTE_1900-01-03T00:00:00_pm10,p1.sjver.este,1900-01-03 00:00:00+00:00,24.575000000000003,µg/m³,PM10,mongodb,PM10
P1.SJVER.ESTE_1900-01-04T00:00:00_pm10,p1.sjver.este,1900-01-04 00:00:00+00:00,42.99130434782609,µg/m³,PM10,mongodb,PM10
P1.SJVER.ESTE_1900-01-05T00:00:00_pm10,p1.sjver.este,1900-01-05 00:00:00+00:00,33.08333333333333,µg/m³,PM10,mongodb,PM10
P1.SJVER.ESTE_1900-01-01T00:00:00_pm10,p1.sjver.este,1900-01-01 00:00:00+00:00,29.225000000000005,µg/m³,PM10,mongodb,PM10
P1.SJVER.ESTE_1900-01-05T00:00:00_pm10,p1.sjver.este,1900-01-05 00:00:00+00:00,24.625000000000004,µg/m³,PM10,mongodb,PM10
P1.SJVER.ESTE_1900-01-01T00:00:00_pm10,p1.sjver.este,1900-01-01 00:00:00+00:00,31.529166666666665,µg/m³,PM10,mongodb,PM10
P1.SJVER.ESTE_1900-01-02T00:00:00_pm10,p1.sjver.este,1900-01-02 00:00:00+00:00,25.820833333333336,µg/m³,PM10,mongodb,PM10
P1.SJVER.ESTE_1900-01-03T00:00:00_pm10,p1.sjver.este,1900-01-03 00:00:00+00:00,24.683333333333334,µg/m³,PM10,mongodb,PM10
P1.SJVER.ESTE_1900-01-04T00:00:00_pm10,p1.sjver.este,1900-01-04 00:00:00+00:00,35.05833333333334,µg/m³,PM10,mongodb,PM10
P1.SJVER.ESTE_1900-01-03T00:00:00_pm10,p1.sjver.este,1900-01-03 00:00:00+00:00,24.92916666666667,µg/m³,PM10,mongodb,PM10
P1.SJVER.ESTE_1900-01-04T00:00:00_pm10,p1.sjver.este,1900-01-04 00:00:00+00:00,27.920833333333334,µg/m³,PM10,mongodb,PM10
P1.SJVER.ESTE_1900-01-05T00:00:00_pm10,p1.sjver.este,1900-01-05 00:00:00+00:00,31.85833333333333,µg/m³,PM10,mongodb,PM10
P1.SJVER.ESTE_1900-01-01T00:00:00_pm10,p1.sjver.este,1900-01-01 00:00:00+00:00,31.737500000000008,µg/m³,PM10,mongodb,PM10
P1.SJVER.ESTE_1900-01-02T00:00:00_pm10,p1.sjver.este,1900-01-02 00:00:00+00:00,24.133333333333336,µg/m³,PM10,mongodb,PM10
P1.SJVER.ESTE_1900-01-05T00:00:00_pm10,p1.sjver.este,1900-01-05 00:00:00+00:00,15.669565217391309,µg/m³,PM10,mongodb,PM10
P1.SJVER.ESTE_1900-01-06T00:00:00_pm10,p1.sjver.este,1900-01-06 00:00:00+00:00,15.341666666666663,µg/m³,PM10,mongodb,PM10
P1.SJVER.ESTE_1899-12-31T00:00:00_pm10,p1.sjver.este,1899-12-31 00:00:00+00:00,7.354166666666669,µg/m³,PM10,mongodb,PM10
P1.SJVER.ESTE_1900-01-06T00:00:00_pm10,p1.sjver.este,1900-01-06 00:00:00+00:00,20.35,µg/m³,PM10,mongodb,PM10
P1.SJVER.ESTE_1899-12-31T00:00:00_pm10,p1.sjver.este,1899-12-31 00:00:00+00:00,20.089285714285715,µg/m³,PM10,mongodb,PM10
P1.SJVER.ESTE_1900-01-06T00:00:00_pm10,p1.sjver.este,1900-01-06 00:00:00+00:00,27.916666666666668,µg/m³,PM10,mongodb,PM10
P1.SJVER.ESTE_1899-12-31T00:00:00_pm10,p1.sjver.este,1899-12-31 00:00:00+00:00,16.375,µg/m³,PM10,mongodb,PM10
P1.SJVER.ESTE_1900-01-06T00:00:00_pm10,p1.sjver.este,1900-01-06 00:00:00+00:00,28.245833333333334,µg/m³,PM10,mongodb,PM10
P1.SJVER.ESTE_1899-12-31T00:00:00_pm10,p1.sjver.este,1899-12-31 00:00:00+00:00,28.162499999999998,µg/m³,PM10,mongodb,PM10
P1.SJVER.ESTE_1900-01-06T00:00:00_pm10,p1.sjver.este,1900-01-06 00:00:00+00:00,33.05681892891981,µg/m³,PM10,mongodb,PM10
P1.SJVER.ESTE_1899-12-31T00:00:00_pm10,p1.sjver.este,1899-12-31 00:00:00+00:00,20.749105241586918,µg/m³,PM10,mongodb,PM10
P1.SJVER.ESTE_1900-01-06T00:00:00_pm10,p1.sjver.este,1900-01-06 00:00:00+00:00,23.391666666666666,µg/m³,PM10,mongodb,PM10
P1.SJVER.ESTE_1899-12-31T00:00:00_pm10,p1.sjver.este,1899-12-31 00:00:00+00:00,18.304166666666664,µg/m³,PM10,mongodb,PM10
P1.SJVER.ESTE_1900-01-06T00:00:00_pm10,p1.sjver.este,1900-01-06 00:00:00+00:00,17.56666666666667,µg/m³,PM10,mongodb,PM10
P1.SJVER.ESTE_1899-12-31T00:00:00_pm10,p1.sjver.este,1899-12-31 00:00:00+00:00,16.949999999999996,µg/m³,PM10,mongodb,PM10
P1.SJVER.ESTE_1900-01-06T00:00:00_pm10,p1.sjver.este,1900-01-06 00:00:00+00:00,23.220833333333335,µg/m³,PM10,mongodb,PM10
P1.SJVER.ESTE_1899-12-31T00:00:00_pm10,p1.sjver.este,1899-12-31 00:00:00+00:00,17.120833333333334,µg/m³,PM10,mongodb,PM10
P1.SJVER.ESTE_1900-01-06T00:00:00_pm10,p1.sjver.este,1900-01-06 00:00:00+00:00,71.25,µg/m³,PM10,mongodb,PM10
P1.SJVER.ESTE_1900-01-06T00:00:00_pm10,p1.sjver.este,1900-01-06 00:00:00+00:00,13.954166666666666,µg/m³,PM10,mongodb,PM10
P1.SJVER.ESTE_1899-12-31T00:00:00_pm10,p1.sjver.este,1899-12-31 00:00:00+00:00,19.275,µg/m³,PM10,mongodb,PM10
P1.SJVER.ESTE_1900-01-01T00:00:00_pm10,p1.sjver.este,1900-01-01 00:00:00+00:00,25.119122807017547,µg/m³,PM10,mongodb,PM10
P1.GRIJO.ESTE_1900-01-01T00:00:00_pm10,p1.grijo.este,1900-01-01 00:00:00+00:00,33.40006666666667,µg/m³,PM10,mongodb,PM10
P1.ASANTAS.ESTE_1900-01-05T00:00:00_pm10,p1.asantas.este,1900-01-05 00:00:00+00:00,36.333333333333336,µg/m³,PM10,mongodb,PM10
P1.ASANTAS.ESTE_1900-01-01T00:00:00_pm10,p1.asantas.este,1900-01-01 00:00:00+00:00,71.83333333333333,µg/m³,PM10,mongodb,PM10
P1.ASANTAS.ESTE_1900-01-02T00:00:00_pm10,p1.asantas.este,1900-01-02 00:00:00+00:00,15.333333333333334,µg/m³,PM10,mongodb,PM10
P1.ASANTAS.ESTE_1900-01-03T00:00:00_pm10,p1.asantas.este,1900-01-03 00:00:00+00:00,17.0,µg/m³,PM10,mongodb,PM10
P1.ASANTAS.ESTE_1900-01-04T00:00:00_pm10,p1.asantas.este,1900-01-04 00:00:00+00:00,22.5,µg/m³,PM10,mongodb,PM10
P1.ASANTAS.ESTE_1900-01-01T00:00:00_pm10,p1.asantas.este,1900-01-01 00:00:00+00:00,17.097208333333338,µg/m³,PM10,mongodb,PM10
P1.ASANTAS.ESTE_1900-01-02T00:00:00_pm10,p1.asantas.este,1900-01-02 00:00:00+00:00,44.947333333333326,µg/m³,PM10,mongodb,PM10
P1.ASANTAS.ESTE_1900-01-03T00:00:00_pm10,p1.asantas.este,1900-01-03 00:00:00+00:00,18.767500000000002,µg/m³,PM10,mongodb,PM10
P1.ASANTAS.ESTE_1900-01-04T00:00:00_pm10,p1.asantas.este,1900-01-04 00:00:00+00:00,14.580041666666666,µg/m³,PM10,mongodb,PM10
P1.ASANTAS.ESTE_1900-01-05T00:00:00_pm10,p1.asantas.este,1900-01-05 00:00:00+00:00,19.992916666666666,µg/m³,PM10,mongodb,PM10
P1.ASANTAS.ESTE_1900-01-02T00:00:00_pm10,p1.asantas.este,1900-01-02 00:00:00+00:00,22.416666666666668,µg/m³,PM10,mongodb,PM10
P1.ASANTAS.ESTE_1900-01-03T00:00:00_pm10,p1.asantas.este,1900-01-03 00:00:00+00:00,21.25,µg/m³,PM10,mongodb,PM10
P1.ASANTAS.ESTE_1900-01-04T00:00:00_pm10,p1.asantas.este,1900-01-04 00:00:00+00:00,24.25,µg/m³,PM10,mongodb,PM10
P1.ASANTAS.ESTE_1900-01-05T00:00:00_pm10,p1.asantas.este,1900-01-05 00:00:00+00:00,27.583333333333332,µg/m³,PM10,mongodb,PM10
P1.ASANTAS.ESTE_1900-01-01T00:00:00_pm10,p1.asantas.este,1900-01-01 00:00:00+00:00,31.545454545454547,µg/m³,PM10,mongodb,PM10
P1.ASANTAS.ESTE_1900-01-02T00:00:00_pm10,p1.asantas.este,1900-01-02 00:00:00+00:00,10.413875,µg/m³,PM10,mongodb,PM10
P1.ASANTAS.ESTE_1900-01-03T00:00:00_pm10,p1.asantas.este,1900-01-03 00:00:00+00:00,18.578833333333332,µg/m³,PM10,mongodb,PM10
P1.ASANTAS.ESTE_1900-01-04T00:00:00_pm10,p1.asantas.este,1900-01-04 00:00:00+00:00,9.979987499999998,µg/m³,PM10,mongodb,PM10
P1.ASANTAS.ESTE_1900-01-05T00:00:00_pm10,p1.asantas.este,1900-01-05 00:00:00+00:00,14.700333333333333,µg/m³,PM10,mongodb,PM10
P1.ASANTAS.ESTE_1900-01-01T00:00:00_pm10,p1.asantas.este,1900-01-01 00:00:00+00:00,18.891333333333332,µg/m³,PM10,mongodb,PM10
P1.ASANTAS.ESTE_1900-01-05T00:00:00_pm10,p1.asantas.este,1900-01-05 00:00:00+00:00,7.560227272727272,µg/m³,PM10,mongodb,PM10
P1.ASANTAS.ESTE_1900-01-01T00:00:00_pm10,p1.asantas.este,1900-01-01 00:00:00+00:00,38.30083333333334,µg/m³,PM10,mongodb,PM10
P1.ASANTAS.ESTE_1900-01-02T00:00:00_pm10,p1.asantas.este,1900-01-02 00:00:00+00:00,23.92260869565217,µg/m³,PM10,mongodb,PM10
P1.ASANTAS.ESTE_1900-01-03T00:00:00_pm10,p1.asantas.este,1900-01-03 00:00:00+00:00,24.374583333333334,µg/m³,PM10,mongodb,PM10
P1.ASANTAS.ESTE_1900-01-04T00:00:00_pm10,p1.asantas.este,1900-01-04 00:00:00+00:00,26.95179166666666,µg/m³,PM10,mongodb,PM10
P1.ASANTAS.ESTE_1900-01-05T00:00:00_pm10,p1.asantas.este,1900-01-05 00:00:00+00:00,27.80956521739131,µg/m³,PM10,mongodb,PM10
P1.ASANTAS.ESTE_1900-01-04T00:00:00_pm10,p1.asantas.este,1900-01-04 00:00:00+00:00,32.54208333333333,µg/m³,PM10,mongodb,PM10
P1.ASANTAS.ESTE_1900-01-05T00:00:00_pm10,p1.asantas.este,1900-01-05 00:00:00+00:00,31.00633333333333,µg/m³,PM10,mongodb,PM10
P1.ASANTAS.ESTE_1900-01-01T00:00:00_pm10,p1.asantas.este,1900-01-01 00:00:00+00:00,23.826521739130435,µg/m³,PM10,mongodb,PM10
P1.ASANTAS.ESTE_1900-01-02T00:00:00_pm10,p1.asantas.este,1900-01-02 00:00:00+00:00,27.75458333333333,µg/m³,PM10,mongodb,PM10
P1.ASANTAS.ESTE_1900-01-03T00:00:00_pm10,p1.asantas.este,1900-01-03 00:00:00+00:00,23.706691666666668,µg/m³,PM10,mongodb,PM10
P1.ASANTAS.ESTE_1900-01-04T00:00:00_pm10,p1.asantas.este,1900-01-04 00:00:00+00:00,29.47083333333333,µg/m³,PM10,mongodb,PM10
P1.ASANTAS.ESTE_1900-01-05T00:00:00_pm10,p1.asantas.este,1900-01-05 00:00:00+00:00,24.885741666666664,µg/m³,PM10,mongodb,PM10
P1.ASANTAS.ESTE_1900-01-03T00:00:00_pm10,p1.asantas.este,1900-01-03 00:00:00+00:00,17.452380952380956,µg/m³,PM10,mongodb,PM10
P1.ASANTAS.ESTE_1900-01-04T00:00:00_pm10,p1.asantas.este,1900-01-04 00:00:00+00:00,39.42368197278912,µg/m³,PM10,mongodb,PM10
P1.ASANTAS.ESTE_1900-01-05T00:00:00_pm10,p1.asantas.este,1900-01-05 00:00:00+00:00,25.827965561224485,µg/m³,PM10,mongodb,PM10
P1.ASANTAS.ESTE_1900-01-01T00:00:00_pm10,p1.asantas.este,1900-01-01 00:00:00+00:00,23.382996067176876,µg/m³,PM10,mongodb,PM10
P1.ASANTAS.ESTE_1900-01-01T00:00:00_pm10,p1.asantas.este,1900-01-01 00:00:00+00:00,16.042516847363945,µg/m³,PM10,mongodb,PM10
P1.ASANTAS.ESTE_1900-01-02T00:00:00_pm10,p1.asantas.este,1900-01-02 00:00:00+00:00,16.138103693664966,µg/m³,PM10,mongodb,PM10
P1.ASANTAS.ESTE_1900-01-03T00:00:00_pm10,p1.asantas.este,1900-01-03 00:00:00+00:00,23.127521258503396,µg/m³,PM10,mongodb,PM10
P1.ASANTAS.ESTE_1900-01-04T00:00:00_pm10,p1.asantas.este,1900-01-04 00:00:00+00:00,20.4281482514881,µg/m³,PM10,mongodb,PM10
P1.ASANTAS.ESTE_1900-01-05T00:00:00_pm10,p1.asantas.este,1900-01-05 00:00:00+00:00,7.167942176870749,µg/m³,PM10,mongodb,PM10
P1.ASANTAS.ESTE_1900-01-06T00:00:00_pm10,p1.asantas.este,1900-01-06 00:00:00+00:00,52.0,µg/m³,PM10,mongodb,PM10
P1.ASANTAS.ESTE_1899-12-31T00:00:00_pm10,p1.asantas.este,1899-12-31 00:00:00+00:00,44.5,µg/m³,PM10,mongodb,PM10
P1.ASANTAS.ESTE_1900-01-06T00:00:00_pm10,p1.asantas.este,1900-01-06 00:00:00+00:00,14.559708333333335,µg/m³,PM10,mongodb,PM10
P1.ASANTAS.ESTE_1899-12-31T00:00:00_pm10,p1.asantas.este,1899-12-31 00:00:00+00:00,29.292916666666667,µg/m³,PM10,mongodb,PM10
P1.ASANTAS.ESTE_1900-01-06T00:00:00_pm10,p1.asantas.este,1900-01-06 00:00:00+00:00,17.77958333333333,µg/m³,PM10,mongodb,PM10
P1.ASANTAS.ESTE_1899-12-31T00:00:00_pm10,p1.asantas.este,1899-12-31 00:00:00+00:00,31.53444683908046,µg/m³,PM10,mongodb,PM10
P1.ASANTAS.ESTE_1900-01-06T00:00:00_pm10,p1.asantas.este,1900-01-06 00:00:00+00:00,31.083333333333332,µg/m³,PM10,mongodb,PM10
P1.ASANTAS.ESTE_1899-12-31T00:00:00_pm10,p1.asantas.este,1899-12-31 00:00:00+00:00,35.166666666666664,µg/m³,PM10,mongodb,PM10
P1.ASANTAS.ESTE_1900-01-06T00:00:00_pm10,p1.asantas.este,1900-01-06 00:00:00+00:00,16.017458333333337,µg/m³,PM10,mongodb,PM10
P1.ASANTAS.ESTE_1899-12-31T00:00:00_pm10,p1.asantas.este,1899-12-31 00:00:00+00:00,18.2548875,µg/m³,PM10,mongodb,PM10
P1.ASANTAS.ESTE_1900-01-06T00:00:00_pm10,p1.asantas.este,1900-01-06 00:00:00+00:00,15.622478260869563,µg/m³,PM10,mongodb,PM10
P1.ASANTAS.ESTE_1899-12-31T00:00:00_pm10,p1.asantas.este,1899-12-31 00:00:00+00:00,29.16208333333334,µg/m³,PM10,mongodb,PM10
P1.ASANTAS.ESTE_1900-01-06T00:00:00_pm10,p1.asantas.este,1900-01-06 00:00:00+00:00,20.595909090909085,µg/m³,PM10,mongodb,PM10
P1.ASANTAS.ESTE_1899-12-31T00:00:00_pm10,p1.asantas.este,1899-12-31 00:00:00+00:00,15.284999999999997,µg/m³,PM10,mongodb,PM10
P1.ASANTAS.ESTE_1900-01-06T00:00:00_pm10,p1.asantas.este,1900-01-06 00:00:00+00:00,30.795,µg/m³,PM10,mongodb,PM10
P1.ASANTAS.ESTE_1899-12-31T00:00:00_pm10,p1.asantas.este,1899-12-31 00:00:00+00:00,24.376250000000002,µg/m³,PM10,mongodb,PM10
P1.ASANTAS.ESTE_1900-01-06T00:00:00_pm10,p1.asantas.este,1900-01-06 00:00:00+00:00,21.659654166666666,µg/m³,PM10,mongodb,PM10
P1.ASANTAS.ESTE_1899-12-31T00:00:00_pm10,p1.asantas.este,1899-12-31 00:00:00+00:00,12.793579166666666,µg/m³,PM10,mongodb,PM10
P1.ASANTAS.ESTE_1900-01-06T00:00:00_pm10,p1.asantas.este,1900-01-06 00:00:00+00:00,25.048841411564624,µg/m³,PM10,mongodb,PM10
P1.ASANTAS.ESTE_1899-12-31T00:00:00_pm10,p1.asantas.este,1899-12-31 00:00:00+00:00,13.67362882653061,µg/m³,PM10,mongodb,PM10
P1.ASANTAS.ESTE_1900-01-06T00:00:00_pm10,p1.asantas.este,1900-01-06 00:00:00+00:00,12.233690529336736,µg/m³,PM10,mongodb,PM10
P1.ASANTAS.ESTE_1899-12-31T00:00:00_pm10,p1.asantas.este,1899-12-31 00:00:00+00:00,18.236546035289116,µg/m³,PM10,mongodb,PM10
P1.PQ.NAÇOES_1900-01-01T00:00:00_temp,p1.pq.naçoes,1900-01-01 00:00:00+00:00,17.855,°C,Temperature,mongodb,Temperature
P1.GRIJO.ESTE_1900-01-01T00:00:00_temp,p1.grijo.este,1900-01-01 00:00:00+00:00,11.26,°C,Temperature,mongodb,Temperature
P1.PQ.NAÇOES_1900-01-01T00:00:00_temp,p1.pq.naçoes,1900-01-01 00:00:00+00:00,17.855,°C,Temperature,mongodb,Temperature
P1.GRIJO.ESTE_1900-01-01T00:00:00_temp,p1.grijo.este,1900-01-01 00:00:00+00:00,11.26,°C,Temperature,mongodb,Temperature
CTSa-gr03,empresa de electricidade dos açores s.a. - central termoeléctrica do pico - grupo 03,1899-12-30 12:00:00+00:00,6.48596618601665,%,O2,mongodb,O2
CTB-gr05,grupo 5,1899-12-30 12:00:00+00:00,5.379381437072234,%,O2,mongodb,O2
CTSb-gr07,grupo 7,1899-12-30 12:00:00+00:00,6.7442606989303675,%,O2,mongodb,O2
CCB-xs13,"coficab portugal - companhia de fios e cabos, lda. - 10549 - extrusora 1",2107-10-18 12:00:00+00:00,0.5,%,O2,mongodb,O2
0.0,mg/Nm³,CTSa-gr03,1899-12-30 12:00:00+00:00,empresa de electricidade dos açores s.a. - central termoeléctrica do pico - grupo 03,Bromides,mongodb,Bromides
0.0,mg/Nm³,CTB-gr05,1899-12-30 12:00:00+00:00,grupo 5,Bromides,mongodb,Bromides
0.0,mg/Nm³,CTSb-gr07,1899-12-30 12:00:00+00:00,grupo 7,Bromides,mongodb,Bromides
0.0,mg/Nm³,CCB-xs13,2107-10-18 12:00:00+00:00,"coficab portugal - companhia de fios e cabos, lda. - 10549 - extrusora 1",Bromides,mongodb,Bromides
0.0,mg/Nm³,CTSa-gr03,1899-12-30 12:00:00+00:00,empresa de electricidade dos açores s.a. - central termoeléctrica do pico - grupo 03,Fluorides,mongodb,Fluorides
0.0,mg/Nm³,CTB-gr05,1899-12-30 12:00:00+00:00,grupo 5,Fluorides,mongodb,Fluorides
0.0,mg/Nm³,CTSb-gr07,1899-12-30 12:00:00+00:00,grupo 7,Fluorides,mongodb,Fluorides
0.0,mg/Nm³,CCB-xs13,2107-10-18 12:00:00+00:00,"coficab portugal - companhia de fios e cabos, lda. - 10549 - extrusora 1",Fluorides,mongodb,Fluorides
0.0,mg/Nm³,CTSa-gr03,1899-12-30 12:00:00+00:00,empresa de electricidade dos açores s.a. - central termoeléctrica do pico - grupo 03,VOC,mongodb,VOC
0.0,mg/Nm³,CTB-gr05,1899-12-30 12:00:00+00:00,grupo 5,VOC,mongodb,VOC
14.096945691443736,mg/Nm³,CTSb-gr07,1899-12-30 12:00:00+00:00,grupo 7,VOC,mongodb,VOC
2.0114018055227336,mg/Nm³,CCB-xs13,2107-10-18 12:00:00+00:00,"coficab portugal - companhia de fios e cabos, lda. - 10549 - extrusora 1",VOC,mongodb,VOC
P1.OVAR.ESTE_1900-01-06T00:00:00_wd,p1.ovar.este,1900-01-06 00:00:00+00:00,0.0,Degree,WindDirection,mongodb,WindDirection
P1.OVAR.ESTE_1899-12-31T00:00:00_wd,p1.ovar.este,1899-12-31 00:00:00+00:00,0.0,Degree,WindDirection,mongodb,WindDirection
P1.OVAR.ESTE_1900-01-06T00:00:00_wd,p1.ovar.este,1900-01-06 00:00:00+00:00,0.0,Degree,WindDirection,mongodb,WindDirection
P1.OVAR.ESTE_1899-12-31T00:00:00_wd,p1.ovar.este,1899-12-31 00:00:00+00:00,0.0,Degree,WindDirection,mongodb,WindDirection
P1.OVAR.ESTE_1900-01-06T00:00:00_wd,p1.ovar.este,1900-01-06 00:00:00+00:00,0.0,Degree,WindDirection,mongodb,WindDirection
P1.OVAR.ESTE_1899-12-31T00:00:00_wd,p1.ovar.este,1899-12-31 00:00:00+00:00,0.0,Degree,WindDirection,mongodb,WindDirection
P1.OVAR.ESTE_1900-01-06T00:00:00_wd,p1.ovar.este,1900-01-06 00:00:00+00:00,0.0,Degree,WindDirection,mongodb,WindDirection
P1.OVAR.ESTE_1899-12-31T00:00:00_wd,p1.ovar.este,1899-12-31 00:00:00+00:00,0.0,Degree,WindDirection,mongodb,WindDirection
P1.OVAR.ESTE_1900-01-01T00:00:00_wd,p1.ovar.este,1900-01-01 00:00:00+00:00,120.2,Degree,WindDirection,mongodb,WindDirection
P1.PQ.NAÇOES_1900-01-01T00:00:00_wd,p1.pq.naçoes,1900-01-01 00:00:00+00:00,227.77333333333334,Degree,WindDirection,mongodb,WindDirection
P1.SJVER.ESTE_1900-01-06T00:00:00_wd,p1.sjver.este,1900-01-06 00:00:00+00:00,0.0,Degree,WindDirection,mongodb,WindDirection
P1.SJVER.ESTE_1899-12-31T00:00:00_wd,p1.sjver.este,1899-12-31 00:00:00+00:00,0.0,Degree,WindDirection,mongodb,WindDirection
P1.SJVER.ESTE_1900-01-06T00:00:00_wd,p1.sjver.este,1900-01-06 00:00:00+00:00,0.0,Degree,WindDirection,mongodb,WindDirection
P1.SJVER.ESTE_1899-12-31T00:00:00_wd,p1.sjver.este,1899-12-31 00:00:00+00:00,0.0,Degree,WindDirection,mongodb,WindDirection
P1.SJVER.ESTE_1900-01-06T00:00:00_wd,p1.sjver.este,1900-01-06 00:00:00+00:00,0.0,Degree,WindDirection,mongodb,WindDirection
P1.SJVER.ESTE_1899-12-31T00:00:00_wd,p1.sjver.este,1899-12-31 00:00:00+00:00,0.0,Degree,WindDirection,mongodb,WindDirection
P1.SJVER.ESTE_1900-01-06T00:00:00_wd,p1.sjver.este,1900-01-06 00:00:00+00:00,0.0,Degree,WindDirection,mongodb,WindDirection
P1.SJVER.ESTE_1899-12-31T00:00:00_wd,p1.sjver.este,1899-12-31 00:00:00+00:00,0.0,Degree,WindDirection,mongodb,WindDirection
P1.SJVER.ESTE_1900-01-06T00:00:00_wd,p1.sjver.este,1900-01-06 00:00:00+00:00,0.0,Degree,WindDirection,mongodb,WindDirection
P1.SJVER.ESTE_1899-12-31T00:00:00_wd,p1.sjver.este,1899-12-31 00:00:00+00:00,0.0,Degree,WindDirection,mongodb,WindDirection
P1.SJVER.ESTE_1900-01-06T00:00:00_wd,p1.sjver.este,1900-01-06 00:00:00+00:00,0.0,Degree,WindDirection,mongodb,WindDirection
P1.SJVER.ESTE_1899-12-31T00:00:00_wd,p1.sjver.este,1899-12-31 00:00:00+00:00,0.0,Degree,WindDirection,mongodb,WindDirection
P1.SJVER.ESTE_1900-01-06T00:00:00_wd,p1.sjver.este,1900-01-06 00:00:00+00:00,0.0,Degree,WindDirection,mongodb,WindDirection
P1.SJVER.ESTE_1899-12-31T00:00:00_wd,p1.sjver.este,1899-12-31 00:00:00+00:00,0.0,Degree,WindDirection,mongodb,WindDirection
P1.SJVER.ESTE_1900-01-06T00:00:00_wd,p1.sjver.este,1900-01-06 00:00:00+00:00,0.0,Degree,WindDirection,mongodb,WindDirection
P1.SJVER.ESTE_1899-12-31T00:00:00_wd,p1.sjver.este,1899-12-31 00:00:00+00:00,0.0,Degree,WindDirection,mongodb,WindDirection
P1.SJVER.ESTE_1900-01-06T00:00:00_wd,p1.sjver.este,1900-01-06 00:00:00+00:00,0.0,Degree,WindDirection,mongodb,WindDirection
P1.SJVER.ESTE_1900-01-06T00:00:00_wd,p1.sjver.este,1900-01-06 00:00:00+00:00,0.0,Degree,WindDirection,mongodb,WindDirection
P1.SJVER.ESTE_1899-12-31T00:00:00_wd,p1.sjver.este,1899-12-31 00:00:00+00:00,0.0,Degree,WindDirection,mongodb,WindDirection
P1.SJVER.ESTE_1900-01-01T00:00:00_wd,p1.sjver.este,1900-01-01 00:00:00+00:00,163.43578333333335,Degree,WindDirection,mongodb,WindDirection
P1.GRIJO.ESTE_1900-01-01T00:00:00_wd,p1.grijo.este,1900-01-01 00:00:00+00:00,119.06666666666666,Degree,WindDirection,mongodb,WindDirection
P1.ASANTAS.ESTE_1900-01-06T00:00:00_wd,p1.asantas.este,1900-01-06 00:00:00+00:00,0.0,Degree,WindDirection,mongodb,WindDirection
P1.ASANTAS.ESTE_1899-12-31T00:00:00_wd,p1.asantas.este,1899-12-31 00:00:00+00:00,0.0,Degree,WindDirection,mongodb,WindDirection
P1.ASANTAS.ESTE_1900-01-06T00:00:00_wd,p1.asantas.este,1900-01-06 00:00:00+00:00,0.0,Degree,WindDirection,mongodb,WindDirection
P1.ASANTAS.ESTE_1899-12-31T00:00:00_wd,p1.asantas.este,1899-12-31 00:00:00+00:00,0.0,Degree,WindDirection,mongodb,WindDirection
P1.ASANTAS.ESTE_1900-01-06T00:00:00_wd,p1.asantas.este,1900-01-06 00:00:00+00:00,0.0,Degree,WindDirection,mongodb,WindDirection
P1.ASANTAS.ESTE_1899-12-31T00:00:00_wd,p1.asantas.este,1899-12-31 00:00:00+00:00,0.0,Degree,WindDirection,mongodb,WindDirection
P1.ASANTAS.ESTE_1900-01-06T00:00:00_wd,p1.asantas.este,1900-01-06 00:00:00+00:00,0.0,Degree,WindDirection,mongodb,WindDirection
P1.ASANTAS.ESTE_1899-12-31T00:00:00_wd,p1.asantas.este,1899-12-31 00:00:00+00:00,0.0,Degree,WindDirection,mongodb,WindDirection
P1.ASANTAS.ESTE_1900-01-06T00:00:00_wd,p1.asantas.este,1900-01-06 00:00:00+00:00,0.0,Degree,WindDirection,mongodb,WindDirection
P1.ASANTAS.ESTE_1899-12-31T00:00:00_wd,p1.asantas.este,1899-12-31 00:00:00+00:00,0.0,Degree,WindDirection,mongodb,WindDirection
P1.ASANTAS.ESTE_1900-01-06T00:00:00_wd,p1.asantas.este,1900-01-06 00:00:00+00:00,0.0,Degree,WindDirection,mongodb,WindDirection
P1.ASANTAS.ESTE_1899-12-31T00:00:00_wd,p1.asantas.este,1899-12-31 00:00:00+00:00,0.0,Degree,WindDirection,mongodb,WindDirection
P1.ASANTAS.ESTE_1900-01-06T00:00:00_wd,p1.asantas.este,1900-01-06 00:00:00+00:00,0.0,Degree,WindDirection,mongodb,WindDirection
P1.ASANTAS.ESTE_1899-12-31T00:00:00_wd,p1.asantas.este,1899-12-31 00:00:00+00:00,0.0,Degree,WindDirection,mongodb,WindDirection
P1.ASANTAS.ESTE_1900-01-06T00:00:00_wd,p1.asantas.este,1900-01-06 00:00:00+00:00,0.0,Degree,WindDirection,mongodb,WindDirection
P1.ASANTAS.ESTE_1899-12-31T00:00:00_wd,p1.asantas.este,1899-12-31 00:00:00+00:00,0.0,Degree,WindDirection,mongodb,WindDirection
P1.ASANTAS.ESTE_1900-01-06T00:00:00_wd,p1.asantas.este,1900-01-06 00:00:00+00:00,0.0,Degree,WindDirection,mongodb,WindDirection
P1.ASANTAS.ESTE_1899-12-31T00:00:00_wd,p1.asantas.este,1899-12-31 00:00:00+00:00,0.0,Degree,WindDirection,mongodb,WindDirection
P1.ASANTAS.ESTE_1900-01-06T00:00:00_wd,p1.asantas.este,1900-01-06 00:00:00+00:00,0.0,Degree,WindDirection,mongodb,WindDirection
P1.ASANTAS.ESTE_1899-12-31T00:00:00_wd,p1.asantas.este,1899-12-31 00:00:00+00:00,0.0,Degree,WindDirection,mongodb,WindDirection
P1.ASANTAS.ESTE_1900-01-06T00:00:00_wd,p1.asantas.este,1900-01-06 00:00:00+00:00,0.0,Degree,WindDirection,mongodb,WindDirection
P1.ASANTAS.ESTE_1899-12-31T00:00:00_wd,p1.asantas.este,1899-12-31 00:00:00+00:00,0.0,Degree,WindDirection,mongodb,WindDirection
P1.OVAR.ESTE_1900-01-06T00:00:00_wd,p1.ovar.este,1900-01-06 00:00:00+00:00,0.0,Degree,WindDirection,mongodb,WindDirection
P1.OVAR.ESTE_1899-12-31T00:00:00_wd,p1.ovar.este,1899-12-31 00:00:00+00:00,0.0,Degree,WindDirection,mongodb,WindDirection
P1.OVAR.ESTE_1900-01-06T00:00:00_wd,p1.ovar.este,1900-01-06 00:00:00+00:00,0.0,Degree,WindDirection,mongodb,WindDirection
P1.OVAR.ESTE_1899-12-31T00:00:00_wd,p1.ovar.este,1899-12-31 00:00:00+00:00,0.0,Degree,WindDirection,mongodb,WindDirection
P1.OVAR.ESTE_1900-01-06T00:00:00_wd,p1.ovar.este,1900-01-06 00:00:00+00:00,0.0,Degree,WindDirection,mongodb,WindDirection
P1.OVAR.ESTE_1899-12-31T00:00:00_wd,p1.ovar.este,1899-12-31 00:00:00+00:00,0.0,Degree,WindDirection,mongodb,WindDirection
P1.OVAR.ESTE_1900-01-06T00:00:00_wd,p1.ovar.este,1900-01-06 00:00:00+00:00,0.0,Degree,WindDirection,mongodb,WindDirection
P1.OVAR.ESTE_1899-12-31T00:00:00_wd,p1.ovar.este,1899-12-31 00:00:00+00:00,0.0,Degree,WindDirection,mongodb,WindDirection
P1.OVAR.ESTE_1900-01-01T00:00:00_wd,p1.ovar.este,1900-01-01 00:00:00+00:00,120.2,Degree,WindDirection,mongodb,WindDirection
P1.PQ.NAÇOES_1900-01-01T00:00:00_wd,p1.pq.naçoes,1900-01-01 00:00:00+00:00,227.77333333333334,Degree,WindDirection,mongodb,WindDirection
P1.SJVER.ESTE_1900-01-06T00:00:00_wd,p1.sjver.este,1900-01-06 00:00:00+00:00,0.0,Degree,WindDirection,mongodb,WindDirection
P1.SJVER.ESTE_1899-12-31T00:00:00_wd,p1.sjver.este,1899-12-31 00:00:00+00:00,0.0,Degree,WindDirection,mongodb,WindDirection
P1.SJVER.ESTE_1900-01-06T00:00:00_wd,p1.sjver.este,1900-01-06 00:00:00+00:00,0.0,Degree,WindDirection,mongodb,WindDirection
P1.SJVER.ESTE_1899-12-31T00:00:00_wd,p1.sjver.este,1899-12-31 00:00:00+00:00,0.0,Degree,WindDirection,mongodb,WindDirection
P1.SJVER.ESTE_1900-01-06T00:00:00_wd,p1.sjver.este,1900-01-06 00:00:00+00:00,0.0,Degree,WindDirection,mongodb,WindDirection
P1.SJVER.ESTE_1899-12-31T00:00:00_wd,p1.sjver.este,1899-12-31 00:00:00+00:00,0.0,Degree,WindDirection,mongodb,WindDirection
P1.SJVER.ESTE_1900-01-06T00:00:00_wd,p1.sjver.este,1900-01-06 00:00:00+00:00,0.0,Degree,WindDirection,mongodb,WindDirection
P1.SJVER.ESTE_1899-12-31T00:00:00_wd,p1.sjver.este,1899-12-31 00:00:00+00:00,0.0,Degree,WindDirection,mongodb,WindDirection
P1.SJVER.ESTE_1900-01-06T00:00:00_wd,p1.sjver.este,1900-01-06 00:00:00+00:00,0.0,Degree,WindDirection,mongodb,WindDirection
P1.SJVER.ESTE_1899-12-31T00:00:00_wd,p1.sjver.este,1899-12-31 00:00:00+00:00,0.0,Degree,WindDirection,mongodb,WindDirection
P1.SJVER.ESTE_1900-01-06T00:00:00_wd,p1.sjver.este,1900-01-06 00:00:00+00:00,0.0,Degree,WindDirection,mongodb,WindDirection
P1.SJVER.ESTE_1899-12-31T00:00:00_wd,p1.sjver.este,1899-12-31 00:00:00+00:00,0.0,Degree,WindDirection,mongodb,WindDirection
P1.SJVER.ESTE_1900-01-06T00:00:00_wd,p1.sjver.este,1900-01-06 00:00:00+00:00,0.0,Degree,WindDirection,mongodb,WindDirection
P1.SJVER.ESTE_1899-12-31T00:00:00_wd,p1.sjver.este,1899-12-31 00:00:00+00:00,0.0,Degree,WindDirection,mongodb,WindDirection
P1.SJVER.ESTE_1900-01-06T00:00:00_wd,p1.sjver.este,1900-01-06 00:00:00+00:00,0.0,Degree,WindDirection,mongodb,WindDirection
P1.SJVER.ESTE_1899-12-31T00:00:00_wd,p1.sjver.este,1899-12-31 00:00:00+00:00,0.0,Degree,WindDirection,mongodb,WindDirection
P1.SJVER.ESTE_1900-01-06T00:00:00_wd,p1.sjver.este,1900-01-06 00:00:00+00:00,0.0,Degree,WindDirection,mongodb,WindDirection
P1.SJVER.ESTE_1900-01-06T00:00:00_wd,p1.sjver.este,1900-01-06 00:00:00+00:00,0.0,Degree,WindDirection,mongodb,WindDirection
P1.SJVER.ESTE_1899-12-31T00:00:00_wd,p1.sjver.este,1899-12-31 00:00:00+00:00,0.0,Degree,WindDirection,mongodb,WindDirection
P1.SJVER.ESTE_1900-01-01T00:00:00_wd,p1.sjver.este,1900-01-01 00:00:00+00:00,163.43578333333335,Degree,WindDirection,mongodb,WindDirection
P1.GRIJO.ESTE_1900-01-01T00:00:00_wd,p1.grijo.este,1900-01-01 00:00:00+00:00,119.06666666666666,Degree,WindDirection,mongodb,WindDirection
P1.ASANTAS.ESTE_1900-01-06T00:00:00_wd,p1.asantas.este,1900-01-06 00:00:00+00:00,0.0,Degree,WindDirection,mongodb,WindDirection
P1.ASANTAS.ESTE_1899-12-31T00:00:00_wd,p1.asantas.este,1899-12-31 00:00:00+00:00,0.0,Degree,WindDirection,mongodb,WindDirection
P1.ASANTAS.ESTE_1900-01-06T00:00:00_wd,p1.asantas.este,1900-01-06 00:00:00+00:00,0.0,Degree,WindDirection,mongodb,WindDirection
P1.ASANTAS.ESTE_1899-12-31T00:00:00_wd,p1.asantas.este,1899-12-31 00:00:00+00:00,0.0,Degree,WindDirection,mongodb,WindDirection
P1.ASANTAS.ESTE_1900-01-06T00:00:00_wd,p1.asantas.este,1900-01-06 00:00:00+00:00,0.0,Degree,WindDirection,mongodb,WindDirection
P1.ASANTAS.ESTE_1899-12-31T00:00:00_wd,p1.asantas.este,1899-12-31 00:00:00+00:00,0.0,Degree,WindDirection,mongodb,WindDirection
P1.ASANTAS.ESTE_1900-01-06T00:00:00_wd,p1.asantas.este,1900-01-06 00:00:00+00:00,0.0,Degree,WindDirection,mongodb,WindDirection
P1.ASANTAS.ESTE_1899-12-31T00:00:00_wd,p1.asantas.este,1899-12-31 00:00:00+00:00,0.0,Degree,WindDirection,mongodb,WindDirection
P1.ASANTAS.ESTE_1900-01-06T00:00:00_wd,p1.asantas.este,1900-01-06 00:00:00+00:00,0.0,Degree,WindDirection,mongodb,WindDirection
P1.ASANTAS.ESTE_1899-12-31T00:00:00_wd,p1.asantas.este,1899-12-31 00:00:00+00:00,0.0,Degree,WindDirection,mongodb,WindDirection
P1.ASANTAS.ESTE_1900-01-06T00:00:00_wd,p1.asantas.este,1900-01-06 00:00:00+00:00,0.0,Degree,WindDirection,mongodb,WindDirection
P1.ASANTAS.ESTE_1899-12-31T00:00:00_wd,p1.asantas.este,1899-12-31 00:00:00+00:00,0.0,Degree,WindDirection,mongodb,WindDirection
P1.ASANTAS.ESTE_1900-01-06T00:00:00_wd,p1.asantas.este,1900-01-06 00:00:00+00:00,0.0,Degree,WindDirection,mongodb,WindDirection
P1.ASANTAS.ESTE_1899-12-31T00:00:00_wd,p1.asantas.este,1899-12-31 00:00:00+00:00,0.0,Degree,WindDirection,mongodb,WindDirection
P1.ASANTAS.ESTE_1900-01-06T00:00:00_wd,p1.asantas.este,1900-01-06 00:00:00+00:00,0.0,Degree,WindDirection,mongodb,WindDirection
P1.ASANTAS.ESTE_1899-12-31T00:00:00_wd,p1.asantas.este,1899-12-31 00:00:00+00:00,0.0,Degree,WindDirection,mongodb,WindDirection
P1.ASANTAS.ESTE_1900-01-06T00:00:00_wd,p1.asantas.este,1900-01-06 00:00:00+00:00,0.0,Degree,WindDirection,mongodb,WindDirection
P1.ASANTAS.ESTE_1899-12-31T00:00:00_wd,p1.asantas.este,1899-12-31 00:00:00+00:00,0.0,Degree,WindDirection,mongodb,WindDirection
P1.ASANTAS.ESTE_1900-01-06T00:00:00_wd,p1.asantas.este,1900-01-06 00:00:00+00:00,0.0,Degree,WindDirection,mongodb,WindDirection
P1.ASANTAS.ESTE_1899-12-31T00:00:00_wd,p1.asantas.este,1899-12-31 00:00:00+00:00,0.0,Degree,WindDirection,mongodb,WindDirection
P1.ASANTAS.ESTE_1900-01-06T00:00:00_wd,p1.asantas.este,1900-01-06 00:00:00+00:00,0.0,Degree,WindDirection,mongodb,WindDirection
P1.ASANTAS.ESTE_1899-12-31T00:00:00_wd,p1.asantas.este,1899-12-31 00:00:00+00:00,0.0,Degree,WindDirection,mongodb,WindDirection
7.0,mg/Nm³,CTSa-gr03,1899-12-30 12:00:00+00:00,empresa de electricidade dos açores s.a. - central termoeléctrica do pico - grupo 03,H2S,mongodb,H2S
0.34375643903077135,mg/Nm³,CTB-gr05,1899-12-30 12:00:00+00:00,grupo 5,H2S,mongodb,H2S
3.0710924898794953,mg/Nm³,CTSb-gr07,1899-12-30 12:00:00+00:00,grupo 7,H2S,mongodb,H2S
7.0,mg/Nm³,CCB-xs13,2107-10-18 12:00:00+00:00,"coficab portugal - companhia de fios e cabos, lda. - 10549 - extrusora 1",H2S,mongodb,H2S
"P1.OVAR.ESTE_1900-01-06T00:00:00_pm2,5",p1.ovar.este,1900-01-06 00:00:00+00:00,0.0,µg/m³,PM25,mongodb,PM25
"P1.OVAR.ESTE_1899-12-31T00:00:00_pm2,5",p1.ovar.este,1899-12-31 00:00:00+00:00,0.0,µg/m³,PM25,mongodb,PM25
"P1.PQ.NAÇOES_1900-01-01T00:00:00_pm2,5",p1.pq.naçoes,1900-01-01 00:00:00+00:00,54.90866666666667,µg/m³,PM25,mongodb,PM25
"P1.GRIJO.ESTE_1900-01-01T00:00:00_pm2,5",p1.grijo.este,1900-01-01 00:00:00+00:00,22.357233333333333,µg/m³,PM25,mongodb,PM25
"P1.OVAR.ESTE_1900-01-06T00:00:00_pm2,5",p1.ovar.este,1900-01-06 00:00:00+00:00,0.0,µg/m³,PM25,mongodb,PM25
"P1.OVAR.ESTE_1899-12-31T00:00:00_pm2,5",p1.ovar.este,1899-12-31 00:00:00+00:00,0.0,µg/m³,PM25,mongodb,PM25
"P1.PQ.NAÇOES_1900-01-01T00:00:00_pm2,5",p1.pq.naçoes,1900-01-01 00:00:00+00:00,54.90866666666667,µg/m³,PM25,mongodb,PM25
"P1.GRIJO.ESTE_1900-01-01T00:00:00_pm2,5",p1.grijo.este,1900-01-01 00:00:00+00:00,22.357233333333333,µg/m³,PM25,mongodb,PM25
CTSa-gr03,empresa de electricidade dos açores s.a. - central termoeléctrica do pico - grupo 03,1899-12-30 12:00:00+00:00,32.35531388911796,mg/Nm³,PM25,mongodb,PM25
CTB-gr05,grupo 5,1899-12-30 12:00:00+00:00,40.8724863947009,mg/Nm³,PM25,mongodb,PM25
CTSb-gr07,grupo 7,1899-12-30 12:00:00+00:00,69.39329007629559,mg/Nm³,PM25,mongodb,PM25
CCB-xs13,"coficab portugal - companhia de fios e cabos, lda. - 10549 - extrusora 1",2107-10-18 12:00:00+00:00,1.0890416491711339,mg/Nm³,PM25,mongodb,PM25
P1.OVAR.ESTE_1900-01-03T00:00:00_no,p1.ovar.este,1900-01-03 00:00:00+00:00,7.135531625704863,µg/m³,NO,mongodb,NO
P1.OVAR.ESTE_1900-01-04T00:00:00_no,p1.ovar.este,1900-01-04 00:00:00+00:00,8.398236168741358,µg/m³,NO,mongodb,NO
P1.OVAR.ESTE_1900-01-05T00:00:00_no,p1.ovar.este,1900-01-05 00:00:00+00:00,3.770070472922652,µg/m³,NO,mongodb,NO
P1.OVAR.ESTE_1900-01-01T00:00:00_no,p1.ovar.este,1900-01-01 00:00:00+00:00,9.723618390254282,µg/m³,NO,mongodb,NO
P1.OVAR.ESTE_1900-01-02T00:00:00_no,p1.ovar.este,1900-01-02 00:00:00+00:00,6.86804412703479,µg/m³,NO,mongodb,NO
P1.OVAR.ESTE_1900-01-05T00:00:00_no,p1.ovar.este,1900-01-05 00:00:00+00:00,19.189620407887627,µg/m³,NO,mongodb,NO
P1.OVAR.ESTE_1900-01-01T00:00:00_no,p1.ovar.este,1900-01-01 00:00:00+00:00,13.530447156942197,µg/m³,NO,mongodb,NO
P1.OVAR.ESTE_1900-01-02T00:00:00_no,p1.ovar.este,1900-01-02 00:00:00+00:00,14.432267152890331,µg/m³,NO,mongodb,NO
P1.OVAR.ESTE_1900-01-03T00:00:00_no,p1.ovar.este,1900-01-03 00:00:00+00:00,15.848816820271223,µg/m³,NO,mongodb,NO
P1.OVAR.ESTE_1900-01-04T00:00:00_no,p1.ovar.este,1900-01-04 00:00:00+00:00,12.474961372231226,µg/m³,NO,mongodb,NO
P1.OVAR.ESTE_1900-01-04T00:00:00_no,p1.ovar.este,1900-01-04 00:00:00+00:00,11.933154994963429,µg/m³,NO,mongodb,NO
P1.OVAR.ESTE_1900-01-05T00:00:00_no,p1.ovar.este,1900-01-05 00:00:00+00:00,17.35380857881137,µg/m³,NO,mongodb,NO
P1.OVAR.ESTE_1900-01-01T00:00:00_no,p1.ovar.este,1900-01-01 00:00:00+00:00,13.730297467700261,µg/m³,NO,mongodb,NO
P1.OVAR.ESTE_1900-01-02T00:00:00_no,p1.ovar.este,1900-01-02 00:00:00+00:00,16.545989457364342,µg/m³,NO,mongodb,NO
P1.OVAR.ESTE_1900-01-03T00:00:00_no,p1.ovar.este,1900-01-03 00:00:00+00:00,14.95417815913749,µg/m³,NO,mongodb,NO
P1.OVAR.ESTE_1900-01-03T00:00:00_no,p1.ovar.este,1900-01-03 00:00:00+00:00,12.981822815774187,µg/m³,NO,mongodb,NO
P1.OVAR.ESTE_1900-01-04T00:00:00_no,p1.ovar.este,1900-01-04 00:00:00+00:00,17.031526200924663,µg/m³,NO,mongodb,NO
P1.OVAR.ESTE_1900-01-05T00:00:00_no,p1.ovar.este,1900-01-05 00:00:00+00:00,19.387053295938184,µg/m³,NO,mongodb,NO
P1.OVAR.ESTE_1900-01-01T00:00:00_no,p1.ovar.este,1900-01-01 00:00:00+00:00,11.52412842823866,µg/m³,NO,mongodb,NO
P1.OVAR.ESTE_1900-01-02T00:00:00_no,p1.ovar.este,1900-01-02 00:00:00+00:00,14.401447389762957,µg/m³,NO,mongodb,NO
P1.OVAR.ESTE_1900-01-06T00:00:00_no,p1.ovar.este,1900-01-06 00:00:00+00:00,3.536006742738589,µg/m³,NO,mongodb,NO
P1.OVAR.ESTE_1899-12-31T00:00:00_no,p1.ovar.este,1899-12-31 00:00:00+00:00,3.9003947760400037,µg/m³,NO,mongodb,NO
P1.OVAR.ESTE_1900-01-06T00:00:00_no,p1.ovar.este,1900-01-06 00:00:00+00:00,13.009226296596433,µg/m³,NO,mongodb,NO
P1.OVAR.ESTE_1899-12-31T00:00:00_no,p1.ovar.este,1899-12-31 00:00:00+00:00,11.39328653430578,µg/m³,NO,mongodb,NO
P1.OVAR.ESTE_1900-01-06T00:00:00_no,p1.ovar.este,1900-01-06 00:00:00+00:00,8.823855297157623,µg/m³,NO,mongodb,NO
P1.OVAR.ESTE_1899-12-31T00:00:00_no,p1.ovar.este,1899-12-31 00:00:00+00:00,7.6632783462532315,µg/m³,NO,mongodb,NO
P1.OVAR.ESTE_1900-01-06T00:00:00_no,p1.ovar.este,1900-01-06 00:00:00+00:00,10.713663175491284,µg/m³,NO,mongodb,NO
P1.OVAR.ESTE_1899-12-31T00:00:00_no,p1.ovar.este,1899-12-31 00:00:00+00:00,7.408341194058973,µg/m³,NO,mongodb,NO
P1.OVAR.ESTE_1900-01-01T00:00:00_no,p1.ovar.este,1900-01-01 00:00:00+00:00,3.019333333333334,µg/m³,NO,mongodb,NO
P1.PQ.NAÇOES_1900-01-01T00:00:00_no,p1.pq.naçoes,1900-01-01 00:00:00+00:00,24.897166666666667,µg/m³,NO,mongodb,NO
P1.SJVER.ESTE_1900-01-03T00:00:00_no,p1.sjver.este,1900-01-03 00:00:00+00:00,18.531016725834967,µg/m³,NO,mongodb,NO
P1.SJVER.ESTE_1900-01-04T00:00:00_no,p1.sjver.este,1900-01-04 00:00:00+00:00,7.463745479773721,µg/m³,NO,mongodb,NO
P1.SJVER.ESTE_1900-01-05T00:00:00_no,p1.sjver.este,1900-01-05 00:00:00+00:00,12.247373268224997,µg/m³,NO,mongodb,NO
P1.SJVER.ESTE_1900-01-01T00:00:00_no,p1.sjver.este,1900-01-01 00:00:00+00:00,15.7060737165119,µg/m³,NO,mongodb,NO
P1.SJVER.ESTE_1900-01-02T00:00:00_no,p1.sjver.este,1900-01-02 00:00:00+00:00,19.400747561105774,µg/m³,NO,mongodb,NO
P1.SJVER.ESTE_1900-01-02T00:00:00_no,p1.sjver.este,1900-01-02 00:00:00+00:00,18.090646721311476,µg/m³,NO,mongodb,NO
P1.SJVER.ESTE_1900-01-03T00:00:00_no,p1.sjver.este,1900-01-03 00:00:00+00:00,16.222900081967214,µg/m³,NO,mongodb,NO
P1.SJVER.ESTE_1900-01-04T00:00:00_no,p1.sjver.este,1900-01-04 00:00:00+00:00,25.19843994535519,µg/m³,NO,mongodb,NO
P1.SJVER.ESTE_1900-01-05T00:00:00_no,p1.sjver.este,1900-01-05 00:00:00+00:00,30.96022841530055,µg/m³,NO,mongodb,NO
P1.SJVER.ESTE_1900-01-01T00:00:00_no,p1.sjver.este,1900-01-01 00:00:00+00:00,17.330740983606557,µg/m³,NO,mongodb,NO
P1.SJVER.ESTE_1900-01-05T00:00:00_no,p1.sjver.este,1900-01-05 00:00:00+00:00,20.937072047461367,µg/m³,NO,mongodb,NO
P1.SJVER.ESTE_1900-01-01T00:00:00_no,p1.sjver.este,1900-01-01 00:00:00+00:00,23.765450441501105,µg/m³,NO,mongodb,NO
P1.SJVER.ESTE_1900-01-02T00:00:00_no,p1.sjver.este,1900-01-02 00:00:00+00:00,20.24177952538632,µg/m³,NO,mongodb,NO
P1.SJVER.ESTE_1900-01-03T00:00:00_no,p1.sjver.este,1900-01-03 00:00:00+00:00,21.667862858719648,µg/m³,NO,mongodb,NO
P1.SJVER.ESTE_1900-01-04T00:00:00_no,p1.sjver.este,1900-01-04 00:00:00+00:00,24.451970198675493,µg/m³,NO,mongodb,NO
P1.SJVER.ESTE_1900-01-04T00:00:00_no,p1.sjver.este,1900-01-04 00:00:00+00:00,11.732203864323965,µg/m³,NO,mongodb,NO
P1.SJVER.ESTE_1900-01-05T00:00:00_no,p1.sjver.este,1900-01-05 00:00:00+00:00,15.360714172123348,µg/m³,NO,mongodb,NO
P1.SJVER.ESTE_1900-01-01T00:00:00_no,p1.sjver.este,1900-01-01 00:00:00+00:00,10.45194074077099,µg/m³,NO,mongodb,NO
P1.SJVER.ESTE_1900-01-02T00:00:00_no,p1.sjver.este,1900-01-02 00:00:00+00:00,15.283674332734398,µg/m³,NO,mongodb,NO
P1.SJVER.ESTE_1900-01-01T00:00:00_no,p1.sjver.este,1900-01-01 00:00:00+00:00,18.75232162340967,µg/m³,NO,mongodb,NO
P1.SJVER.ESTE_1900-01-02T00:00:00_no,p1.sjver.este,1900-01-02 00:00:00+00:00,16.744560427480916,µg/m³,NO,mongodb,NO
P1.SJVER.ESTE_1900-01-03T00:00:00_no,p1.sjver.este,1900-01-03 00:00:00+00:00,18.65791166157761,µg/m³,NO,mongodb,NO
P1.SJVER.ESTE_1900-01-04T00:00:00_no,p1.sjver.este,1900-01-04 00:00:00+00:00,20.471762553435116,µg/m³,NO,mongodb,NO
P1.SJVER.ESTE_1900-01-05T00:00:00_no,p1.sjver.este,1900-01-05 00:00:00+00:00,30.73633270229007,µg/m³,NO,mongodb,NO
P1.SJVER.ESTE_1900-01-02T00:00:00_no,p1.sjver.este,1900-01-02 00:00:00+00:00,11.182174509264357,µg/m³,NO,mongodb,NO
P1.SJVER.ESTE_1900-01-03T00:00:00_no,p1.sjver.este,1900-01-03 00:00:00+00:00,8.802267932489451,µg/m³,NO,mongodb,NO
P1.SJVER.ESTE_1900-01-04T00:00:00_no,p1.sjver.este,1900-01-04 00:00:00+00:00,10.936631044961835,µg/m³,NO,mongodb,NO
P1.SJVER.ESTE_1900-01-05T00:00:00_no,p1.sjver.este,1900-01-05 00:00:00+00:00,11.466854017611448,µg/m³,NO,mongodb,NO
P1.SJVER.ESTE_1900-01-01T00:00:00_no,p1.sjver.este,1900-01-01 00:00:00+00:00,14.641423683727758,µg/m³,NO,mongodb,NO
P1.SJVER.ESTE_1900-01-05T00:00:00_no,p1.sjver.este,1900-01-05 00:00:00+00:00,7.928333333333335,µg/m³,NO,mongodb,NO
P1.SJVER.ESTE_1900-01-01T00:00:00_no,p1.sjver.este,1900-01-01 00:00:00+00:00,11.273333333333332,µg/m³,NO,mongodb,NO
P1.SJVER.ESTE_1900-01-02T00:00:00_no,p1.sjver.este,1900-01-02 00:00:00+00:00,11.17985682819383,µg/m³,NO,mongodb,NO
P1.SJVER.ESTE_1900-01-03T00:00:00_no,p1.sjver.este,1900-01-03 00:00:00+00:00,9.999636563876651,µg/m³,NO,mongodb,NO
P1.SJVER.ESTE_1900-01-04T00:00:00_no,p1.sjver.este,1900-01-04 00:00:00+00:00,9.899691629955944,µg/m³,NO,mongodb,NO
P1.SJVER.ESTE_1900-01-03T00:00:00_no,p1.sjver.este,1900-01-03 00:00:00+00:00,9.515813049655998,µg/m³,NO,mongodb,NO
P1.SJVER.ESTE_1900-01-04T00:00:00_no,p1.sjver.este,1900-01-04 00:00:00+00:00,10.70770710689002,µg/m³,NO,mongodb,NO
P1.SJVER.ESTE_1900-01-05T00:00:00_no,p1.sjver.este,1900-01-05 00:00:00+00:00,12.52097464353375,µg/m³,NO,mongodb,NO
P1.SJVER.ESTE_1900-01-01T00:00:00_no,p1.sjver.este,1900-01-01 00:00:00+00:00,10.487623860803668,µg/m³,NO,mongodb,NO
P1.SJVER.ESTE_1900-01-02T00:00:00_no,p1.sjver.este,1900-01-02 00:00:00+00:00,11.485779459567254,µg/m³,NO,mongodb,NO
P1.SJVER.ESTE_1900-01-05T00:00:00_no,p1.sjver.este,1900-01-05 00:00:00+00:00,7.977334801762113,µg/m³,NO,mongodb,NO
P1.SJVER.ESTE_1900-01-06T00:00:00_no,p1.sjver.este,1900-01-06 00:00:00+00:00,5.89144971715231,µg/m³,NO,mongodb,NO
P1.SJVER.ESTE_1899-12-31T00:00:00_no,p1.sjver.este,1899-12-31 00:00:00+00:00,5.707151926566335,µg/m³,NO,mongodb,NO
P1.SJVER.ESTE_1900-01-06T00:00:00_no,p1.sjver.este,1900-01-06 00:00:00+00:00,11.585527595628415,µg/m³,NO,mongodb,NO
P1.SJVER.ESTE_1899-12-31T00:00:00_no,p1.sjver.este,1899-12-31 00:00:00+00:00,6.098733633879782,µg/m³,NO,mongodb,NO
P1.SJVER.ESTE_1900-01-06T00:00:00_no,p1.sjver.este,1900-01-06 00:00:00+00:00,10.381711644591613,µg/m³,NO,mongodb,NO
P1.SJVER.ESTE_1899-12-31T00:00:00_no,p1.sjver.este,1899-12-31 00:00:00+00:00,5.545583112582782,µg/m³,NO,mongodb,NO
P1.SJVER.ESTE_1900-01-06T00:00:00_no,p1.sjver.este,1900-01-06 00:00:00+00:00,8.39017911739083,µg/m³,NO,mongodb,NO
P1.SJVER.ESTE_1899-12-31T00:00:00_no,p1.sjver.este,1899-12-31 00:00:00+00:00,6.54026110176413,µg/m³,NO,mongodb,NO
P1.SJVER.ESTE_1900-01-06T00:00:00_no,p1.sjver.este,1900-01-06 00:00:00+00:00,14.416141254452926,µg/m³,NO,mongodb,NO
P1.SJVER.ESTE_1899-12-31T00:00:00_no,p1.sjver.este,1899-12-31 00:00:00+00:00,10.922456830788805,µg/m³,NO,mongodb,NO
P1.SJVER.ESTE_1900-01-06T00:00:00_no,p1.sjver.este,1900-01-06 00:00:00+00:00,10.673494221243812,µg/m³,NO,mongodb,NO
P1.SJVER.ESTE_1899-12-31T00:00:00_no,p1.sjver.este,1899-12-31 00:00:00+00:00,11.039928361768483,µg/m³,NO,mongodb,NO
P1.SJVER.ESTE_1900-01-06T00:00:00_no,p1.sjver.este,1900-01-06 00:00:00+00:00,8.75,µg/m³,NO,mongodb,NO
P1.SJVER.ESTE_1899-12-31T00:00:00_no,p1.sjver.este,1899-12-31 00:00:00+00:00,8.235,µg/m³,NO,mongodb,NO
P1.SJVER.ESTE_1900-01-06T00:00:00_no,p1.sjver.este,1900-01-06 00:00:00+00:00,8.608285816133211,µg/m³,NO,mongodb,NO
P1.SJVER.ESTE_1899-12-31T00:00:00_no,p1.sjver.este,1899-12-31 00:00:00+00:00,7.1462170655100214,µg/m³,NO,mongodb,NO
P1.SJVER.ESTE_1900-01-06T00:00:00_no,p1.sjver.este,1900-01-06 00:00:00+00:00,10.159999999999998,µg/m³,NO,mongodb,NO
P1.SJVER.ESTE_1900-01-06T00:00:00_no,p1.sjver.este,1900-01-06 00:00:00+00:00,7.981464757709248,µg/m³,NO,mongodb,NO
P1.SJVER.ESTE_1899-12-31T00:00:00_no,p1.sjver.este,1899-12-31 00:00:00+00:00,8.228436123348018,µg/m³,NO,mongodb,NO
P1.SJVER.ESTE_1900-01-01T00:00:00_no,p1.sjver.este,1900-01-01 00:00:00+00:00,6.804833333333335,µg/m³,NO,mongodb,NO
P1.GRIJO.ESTE_1900-01-01T00:00:00_no,p1.grijo.este,1900-01-01 00:00:00+00:00,6.346666666666667,µg/m³,NO,mongodb,NO
P1.ASANTAS.ESTE_1900-01-05T00:00:00_no,p1.asantas.este,1900-01-05 00:00:00+00:00,65.332575,µg/m³,NO,mongodb,NO
P1.ASANTAS.ESTE_1900-01-01T00:00:00_no,p1.asantas.este,1900-01-01 00:00:00+00:00,73.37310749999999,µg/m³,NO,mongodb,NO
P1.ASANTAS.ESTE_1900-01-02T00:00:00_no,p1.asantas.este,1900-01-02 00:00:00+00:00,10.098742499999998,µg/m³,NO,mongodb,NO
P1.ASANTAS.ESTE_1900-01-03T00:00:00_no,p1.asantas.este,1900-01-03 00:00:00+00:00,12.624727500000004,µg/m³,NO,mongodb,NO
P1.ASANTAS.ESTE_1900-01-04T00:00:00_no,p1.asantas.este,1900-01-04 00:00:00+00:00,17.723475,µg/m³,NO,mongodb,NO
P1.ASANTAS.ESTE_1900-01-01T00:00:00_no,p1.asantas.este,1900-01-01 00:00:00+00:00,16.043666216150402,µg/m³,NO,mongodb,NO
P1.ASANTAS.ESTE_1900-01-02T00:00:00_no,p1.asantas.este,1900-01-02 00:00:00+00:00,19.322164283800895,µg/m³,NO,mongodb,NO
P1.ASANTAS.ESTE_1900-01-03T00:00:00_no,p1.asantas.este,1900-01-03 00:00:00+00:00,31.432746629993073,µg/m³,NO,mongodb,NO
P1.ASANTAS.ESTE_1900-01-04T00:00:00_no,p1.asantas.este,1900-01-04 00:00:00+00:00,7.858128214494447,µg/m³,NO,mongodb,NO
P1.ASANTAS.ESTE_1900-01-05T00:00:00_no,p1.asantas.este,1900-01-05 00:00:00+00:00,36.41477683615819,µg/m³,NO,mongodb,NO
P1.ASANTAS.ESTE_1900-01-02T00:00:00_no,p1.asantas.este,1900-01-02 00:00:00+00:00,15.603749999999998,µg/m³,NO,mongodb,NO
P1.ASANTAS.ESTE_1900-01-03T00:00:00_no,p1.asantas.este,1900-01-03 00:00:00+00:00,17.940416666666668,µg/m³,NO,mongodb,NO
P1.ASANTAS.ESTE_1900-01-04T00:00:00_no,p1.asantas.este,1900-01-04 00:00:00+00:00,19.637916666666662,µg/m³,NO,mongodb,NO
P1.ASANTAS.ESTE_1900-01-05T00:00:00_no,p1.asantas.este,1900-01-05 00:00:00+00:00,17.140000000000004,µg/m³,NO,mongodb,NO
P1.ASANTAS.ESTE_1900-01-01T00:00:00_no,p1.asantas.este,1900-01-01 00:00:00+00:00,17.967083333333335,µg/m³,NO,mongodb,NO
P1.ASANTAS.ESTE_1900-01-05T00:00:00_no,p1.asantas.este,1900-01-05 00:00:00+00:00,11.381473636363637,µg/m³,NO,mongodb,NO
P1.ASANTAS.ESTE_1900-01-01T00:00:00_no,p1.asantas.este,1900-01-01 00:00:00+00:00,10.451689166666666,µg/m³,NO,mongodb,NO
P1.ASANTAS.ESTE_1900-01-02T00:00:00_no,p1.asantas.este,1900-01-02 00:00:00+00:00,7.513838260869565,µg/m³,NO,mongodb,NO
P1.ASANTAS.ESTE_1900-01-03T00:00:00_no,p1.asantas.este,1900-01-03 00:00:00+00:00,15.830547500000003,µg/m³,NO,mongodb,NO
P1.ASANTAS.ESTE_1900-01-04T00:00:00_no,p1.asantas.este,1900-01-04 00:00:00+00:00,17.354452500000004,µg/m³,NO,mongodb,NO
P1.ASANTAS.ESTE_1900-01-05T00:00:00_no,p1.asantas.este,1900-01-05 00:00:00+00:00,12.91326260869565,µg/m³,NO,mongodb,NO
P1.ASANTAS.ESTE_1900-01-04T00:00:00_no,p1.asantas.este,1900-01-04 00:00:00+00:00,28.893124999999998,µg/m³,NO,mongodb,NO
P1.ASANTAS.ESTE_1900-01-05T00:00:00_no,p1.asantas.este,1900-01-05 00:00:00+00:00,42.79208333333333,µg/m³,NO,mongodb,NO
P1.ASANTAS.ESTE_1900-01-01T00:00:00_no,p1.asantas.este,1900-01-01 00:00:00+00:00,78.43447826086957,µg/m³,NO,mongodb,NO
P1.ASANTAS.ESTE_1900-01-02T00:00:00_no,p1.asantas.este,1900-01-02 00:00:00+00:00,49.237125,µg/m³,NO,mongodb,NO
P1.ASANTAS.ESTE_1900-01-03T00:00:00_no,p1.asantas.este,1900-01-03 00:00:00+00:00,90.70016666666668,µg/m³,NO,mongodb,NO
P1.ASANTAS.ESTE_1900-01-04T00:00:00_no,p1.asantas.este,1900-01-04 00:00:00+00:00,87.895625,µg/m³,NO,mongodb,NO
P1.ASANTAS.ESTE_1900-01-05T00:00:00_no,p1.asantas.este,1900-01-05 00:00:00+00:00,53.59524999999999,µg/m³,NO,mongodb,NO
P1.ASANTAS.ESTE_1900-01-02T00:00:00_no,p1.asantas.este,1900-01-02 00:00:00+00:00,35.051939999999995,µg/m³,NO,mongodb,NO
P1.ASANTAS.ESTE_1900-01-03T00:00:00_no,p1.asantas.este,1900-01-03 00:00:00+00:00,10.956330000000001,µg/m³,NO,mongodb,NO
P1.ASANTAS.ESTE_1900-01-04T00:00:00_no,p1.asantas.este,1900-01-04 00:00:00+00:00,46.29933,µg/m³,NO,mongodb,NO
P1.ASANTAS.ESTE_1900-01-05T00:00:00_no,p1.asantas.este,1900-01-05 00:00:00+00:00,22.9053825,µg/m³,NO,mongodb,NO
P1.ASANTAS.ESTE_1900-01-01T00:00:00_no,p1.asantas.este,1900-01-01 00:00:00+00:00,38.92210000000001,µg/m³,NO,mongodb,NO
P1.ASANTAS.ESTE_1900-01-01T00:00:00_no,p1.asantas.este,1900-01-01 00:00:00+00:00,21.08559375,µg/m³,NO,mongodb,NO
P1.ASANTAS.ESTE_1900-01-02T00:00:00_no,p1.asantas.este,1900-01-02 00:00:00+00:00,28.96195958333334,µg/m³,NO,mongodb,NO
P1.ASANTAS.ESTE_1900-01-03T00:00:00_no,p1.asantas.este,1900-01-03 00:00:00+00:00,28.233947391304355,µg/m³,NO,mongodb,NO
P1.ASANTAS.ESTE_1900-01-04T00:00:00_no,p1.asantas.este,1900-01-04 00:00:00+00:00,13.013972833333334,µg/m³,NO,mongodb,NO
P1.ASANTAS.ESTE_1900-01-05T00:00:00_no,p1.asantas.este,1900-01-05 00:00:00+00:00,3.5369049166666664,µg/m³,NO,mongodb,NO
P1.ASANTAS.ESTE_1900-01-06T00:00:00_no,p1.asantas.este,1900-01-06 00:00:00+00:00,47.2816575,µg/m³,NO,mongodb,NO
P1.ASANTAS.ESTE_1899-12-31T00:00:00_no,p1.asantas.este,1899-12-31 00:00:00+00:00,47.182905000000005,µg/m³,NO,mongodb,NO
P1.ASANTAS.ESTE_1900-01-06T00:00:00_no,p1.asantas.este,1900-01-06 00:00:00+00:00,11.187996468926555,µg/m³,NO,mongodb,NO
P1.ASANTAS.ESTE_1899-12-31T00:00:00_no,p1.asantas.este,1899-12-31 00:00:00+00:00,8.638421829339567,µg/m³,NO,mongodb,NO
P1.ASANTAS.ESTE_1900-01-06T00:00:00_no,p1.asantas.este,1900-01-06 00:00:00+00:00,13.603304704850963,µg/m³,NO,mongodb,NO
P1.ASANTAS.ESTE_1899-12-31T00:00:00_no,p1.asantas.este,1899-12-31 00:00:00+00:00,10.262317991428015,µg/m³,NO,mongodb,NO
P1.ASANTAS.ESTE_1900-01-06T00:00:00_no,p1.asantas.este,1900-01-06 00:00:00+00:00,18.58458333333333,µg/m³,NO,mongodb,NO
P1.ASANTAS.ESTE_1899-12-31T00:00:00_no,p1.asantas.este,1899-12-31 00:00:00+00:00,19.354999999999997,µg/m³,NO,mongodb,NO
P1.ASANTAS.ESTE_1900-01-06T00:00:00_no,p1.asantas.este,1900-01-06 00:00:00+00:00,6.162068695652175,µg/m³,NO,mongodb,NO
P1.ASANTAS.ESTE_1899-12-31T00:00:00_no,p1.asantas.este,1899-12-31 00:00:00+00:00,9.729905833333333,µg/m³,NO,mongodb,NO
P1.ASANTAS.ESTE_1900-01-06T00:00:00_no,p1.asantas.este,1900-01-06 00:00:00+00:00,9.758809999999999,µg/m³,NO,mongodb,NO
P1.ASANTAS.ESTE_1899-12-31T00:00:00_no,p1.asantas.este,1899-12-31 00:00:00+00:00,12.155496363636361,µg/m³,NO,mongodb,NO
P1.ASANTAS.ESTE_1900-01-06T00:00:00_no,p1.asantas.este,1900-01-06 00:00:00+00:00,18.905041666666666,µg/m³,NO,mongodb,NO
P1.ASANTAS.ESTE_1899-12-31T00:00:00_no,p1.asantas.este,1899-12-31 00:00:00+00:00,16.970166666666668,µg/m³,NO,mongodb,NO
P1.ASANTAS.ESTE_1900-01-06T00:00:00_no,p1.asantas.este,1900-01-06 00:00:00+00:00,29.507708333333326,µg/m³,NO,mongodb,NO
P1.ASANTAS.ESTE_1899-12-31T00:00:00_no,p1.asantas.este,1899-12-31 00:00:00+00:00,70.50679166666667,µg/m³,NO,mongodb,NO
P1.ASANTAS.ESTE_1900-01-06T00:00:00_no,p1.asantas.este,1900-01-06 00:00:00+00:00,3.3264,µg/m³,NO,mongodb,NO
P1.ASANTAS.ESTE_1899-12-31T00:00:00_no,p1.asantas.este,1899-12-31 00:00:00+00:00,11.182479999999998,µg/m³,NO,mongodb,NO
P1.ASANTAS.ESTE_1900-01-06T00:00:00_no,p1.asantas.este,1900-01-06 00:00:00+00:00,2.9594058333333333,µg/m³,NO,mongodb,NO
P1.ASANTAS.ESTE_1899-12-31T00:00:00_no,p1.asantas.este,1899-12-31 00:00:00+00:00,29.240072499999997,µg/m³,NO,mongodb,NO
P1.OVAR.ESTE_1900-01-03T00:00:00_no,p1.ovar.este,1900-01-03 00:00:00+00:00,7.135531625704863,µg/m³,NO,mongodb,NO
P1.OVAR.ESTE_1900-01-04T00:00:00_no,p1.ovar.este,1900-01-04 00:00:00+00:00,8.398236168741358,µg/m³,NO,mongodb,NO
P1.OVAR.ESTE_1900-01-05T00:00:00_no,p1.ovar.este,1900-01-05 00:00:00+00:00,3.770070472922652,µg/m³,NO,mongodb,NO
P1.OVAR.ESTE_1900-01-01T00:00:00_no,p1.ovar.este,1900-01-01 00:00:00+00:00,9.723618390254282,µg/m³,NO,mongodb,NO
P1.OVAR.ESTE_1900-01-02T00:00:00_no,p1.ovar.este,1900-01-02 00:00:00+00:00,6.86804412703479,µg/m³,NO,mongodb,NO
P1.OVAR.ESTE_1900-01-05T00:00:00_no,p1.ovar.este,1900-01-05 00:00:00+00:00,19.189620407887627,µg/m³,NO,mongodb,NO
P1.OVAR.ESTE_1900-01-01T00:00:00_no,p1.ovar.este,1900-01-01 00:00:00+00:00,13.530447156942197,µg/m³,NO,mongodb,NO
P1.OVAR.ESTE_1900-01-02T00:00:00_no,p1.ovar.este,1900-01-02 00:00:00+00:00,14.432267152890331,µg/m³,NO,mongodb,NO
P1.OVAR.ESTE_1900-01-03T00:00:00_no,p1.ovar.este,1900-01-03 00:00:00+00:00,15.848816820271223,µg/m³,NO,mongodb,NO
P1.OVAR.ESTE_1900-01-04T00:00:00_no,p1.ovar.este,1900-01-04 00:00:00+00:00,12.474961372231226,µg/m³,NO,mongodb,NO
P1.OVAR.ESTE_1900-01-04T00:00:00_no,p1.ovar.este,1900-01-04 00:00:00+00:00,11.933154994963429,µg/m³,NO,mongodb,NO
P1.OVAR.ESTE_1900-01-05T00:00:00_no,p1.ovar.este,1900-01-05 00:00:00+00:00,17.35380857881137,µg/m³,NO,mongodb,NO
P1.OVAR.ESTE_1900-01-01T00:00:00_no,p1.ovar.este,1900-01-01 00:00:00+00:00,13.730297467700261,µg/m³,NO,mongodb,NO
P1.OVAR.ESTE_1900-01-02T00:00:00_no,p1.ovar.este,1900-01-02 00:00:00+00:00,16.545989457364342,µg/m³,NO,mongodb,NO
P1.OVAR.ESTE_1900-01-03T00:00:00_no,p1.ovar.este,1900-01-03 00:00:00+00:00,14.95417815913749,µg/m³,NO,mongodb,NO
P1.OVAR.ESTE_1900-01-03T00:00:00_no,p1.ovar.este,1900-01-03 00:00:00+00:00,12.981822815774187,µg/m³,NO,mongodb,NO
P1.OVAR.ESTE_1900-01-04T00:00:00_no,p1.ovar.este,1900-01-04 00:00:00+00:00,17.031526200924663,µg/m³,NO,mongodb,NO
P1.OVAR.ESTE_1900-01-05T00:00:00_no,p1.ovar.este,1900-01-05 00:00:00+00:00,19.387053295938184,µg/m³,NO,mongodb,NO
P1.OVAR.ESTE_1900-01-01T00:00:00_no,p1.ovar.este,1900-01-01 00:00:00+00:00,11.52412842823866,µg/m³,NO,mongodb,NO
P1.OVAR.ESTE_1900-01-02T00:00:00_no,p1.ovar.este,1900-01-02 00:00:00+00:00,14.401447389762957,µg/m³,NO,mongodb,NO
P1.OVAR.ESTE_1900-01-06T00:00:00_no,p1.ovar.este,1900-01-06 00:00:00+00:00,3.536006742738589,µg/m³,NO,mongodb,NO
P1.OVAR.ESTE_1899-12-31T00:00:00_no,p1.ovar.este,1899-12-31 00:00:00+00:00,3.9003947760400037,µg/m³,NO,mongodb,NO
P1.OVAR.ESTE_1900-01-06T00:00:00_no,p1.ovar.este,1900-01-06 00:00:00+00:00,13.009226296596433,µg/m³,NO,mongodb,NO
P1.OVAR.ESTE_1899-12-31T00:00:00_no,p1.ovar.este,1899-12-31 00:00:00+00:00,11.39328653430578,µg/m³,NO,mongodb,NO
P1.OVAR.ESTE_1900-01-06T00:00:00_no,p1.ovar.este,1900-01-06 00:00:00+00:00,8.823855297157623,µg/m³,NO,mongodb,NO
P1.OVAR.ESTE_1899-12-31T00:00:00_no,p1.ovar.este,1899-12-31 00:00:00+00:00,7.6632783462532315,µg/m³,NO,mongodb,NO
P1.OVAR.ESTE_1900-01-06T00:00:00_no,p1.ovar.este,1900-01-06 00:00:00+00:00,10.713663175491284,µg/m³,NO,mongodb,NO
P1.OVAR.ESTE_1899-12-31T00:00:00_no,p1.ovar.este,1899-12-31 00:00:00+00:00,7.408341194058973,µg/m³,NO,mongodb,NO
P1.OVAR.ESTE_1900-01-01T00:00:00_no,p1.ovar.este,1900-01-01 00:00:00+00:00,3.019333333333334,µg/m³,NO,mongodb,NO
P1.PQ.NAÇOES_1900-01-01T00:00:00_no,p1.pq.naçoes,1900-01-01 00:00:00+00:00,24.897166666666667,µg/m³,NO,mongodb,NO
P1.SJVER.ESTE_1900-01-03T00:00:00_no,p1.sjver.este,1900-01-03 00:00:00+00:00,18.531016725834967,µg/m³,NO,mongodb,NO
P1.SJVER.ESTE_1900-01-04T00:00:00_no,p1.sjver.este,1900-01-04 00:00:00+00:00,7.463745479773721,µg/m³,NO,mongodb,NO
P1.SJVER.ESTE_1900-01-05T00:00:00_no,p1.sjver.este,1900-01-05 00:00:00+00:00,12.247373268224997,µg/m³,NO,mongodb,NO
P1.SJVER.ESTE_1900-01-01T00:00:00_no,p1.sjver.este,1900-01-01 00:00:00+00:00,15.7060737165119,µg/m³,NO,mongodb,NO
P1.SJVER.ESTE_1900-01-02T00:00:00_no,p1.sjver.este,1900-01-02 00:00:00+00:00,19.400747561105774,µg/m³,NO,mongodb,NO
P1.SJVER.ESTE_1900-01-02T00:00:00_no,p1.sjver.este,1900-01-02 00:00:00+00:00,18.090646721311476,µg/m³,NO,mongodb,NO
P1.SJVER.ESTE_1900-01-03T00:00:00_no,p1.sjver.este,1900-01-03 00:00:00+00:00,16.222900081967214,µg/m³,NO,mongodb,NO
P1.SJVER.ESTE_1900-01-04T00:00:00_no,p1.sjver.este,1900-01-04 00:00:00+00:00,25.19843994535519,µg/m³,NO,mongodb,NO
P1.SJVER.ESTE_1900-01-05T00:00:00_no,p1.sjver.este,1900-01-05 00:00:00+00:00,30.96022841530055,µg/m³,NO,mongodb,NO
P1.SJVER.ESTE_1900-01-01T00:00:00_no,p1.sjver.este,1900-01-01 00:00:00+00:00,17.330740983606557,µg/m³,NO,mongodb,NO
P1.SJVER.ESTE_1900-01-05T00:00:00_no,p1.sjver.este,1900-01-05 00:00:00+00:00,20.937072047461367,µg/m³,NO,mongodb,NO
P1.SJVER.ESTE_1900-01-01T00:00:00_no,p1.sjver.este,1900-01-01 00:00:00+00:00,23.765450441501105,µg/m³,NO,mongodb,NO
P1.SJVER.ESTE_1900-01-02T00:00:00_no,p1.sjver.este,1900-01-02 00:00:00+00:00,20.24177952538632,µg/m³,NO,mongodb,NO
P1.SJVER.ESTE_1900-01-03T00:00:00_no,p1.sjver.este,1900-01-03 00:00:00+00:00,21.667862858719648,µg/m³,NO,mongodb,NO
P1.SJVER.ESTE_1900-01-04T00:00:00_no,p1.sjver.este,1900-01-04 00:00:00+00:00,24.451970198675493,µg/m³,NO,mongodb,NO
P1.SJVER.ESTE_1900-01-04T00:00:00_no,p1.sjver.este,1900-01-04 00:00:00+00:00,11.732203864323965,µg/m³,NO,mongodb,NO
P1.SJVER.ESTE_1900-01-05T00:00:00_no,p1.sjver.este,1900-01-05 00:00:00+00:00,15.360714172123348,µg/m³,NO,mongodb,NO
P1.SJVER.ESTE_1900-01-01T00:00:00_no,p1.sjver.este,1900-01-01 00:00:00+00:00,10.45194074077099,µg/m³,NO,mongodb,NO
P1.SJVER.ESTE_1900-01-02T00:00:00_no,p1.sjver.este,1900-01-02 00:00:00+00:00,15.283674332734398,µg/m³,NO,mongodb,NO
P1.SJVER.ESTE_1900-01-01T00:00:00_no,p1.sjver.este,1900-01-01 00:00:00+00:00,18.75232162340967,µg/m³,NO,mongodb,NO
P1.SJVER.ESTE_1900-01-02T00:00:00_no,p1.sjver.este,1900-01-02 00:00:00+00:00,16.744560427480916,µg/m³,NO,mongodb,NO
P1.SJVER.ESTE_1900-01-03T00:00:00_no,p1.sjver.este,1900-01-03 00:00:00+00:00,18.65791166157761,µg/m³,NO,mongodb,NO
P1.SJVER.ESTE_1900-01-04T00:00:00_no,p1.sjver.este,1900-01-04 00:00:00+00:00,20.471762553435116,µg/m³,NO,mongodb,NO
P1.SJVER.ESTE_1900-01-05T00:00:00_no,p1.sjver.este,1900-01-05 00:00:00+00:00,30.73633270229007,µg/m³,NO,mongodb,NO
P1.SJVER.ESTE_1900-01-02T00:00:00_no,p1.sjver.este,1900-01-02 00:00:00+00:00,11.182174509264357,µg/m³,NO,mongodb,NO
P1.SJVER.ESTE_1900-01-03T00:00:00_no,p1.sjver.este,1900-01-03 00:00:00+00:00,8.802267932489451,µg/m³,NO,mongodb,NO
P1.SJVER.ESTE_1900-01-04T00:00:00_no,p1.sjver.este,1900-01-04 00:00:00+00:00,10.936631044961835,µg/m³,NO,mongodb,NO
P1.SJVER.ESTE_1900-01-05T00:00:00_no,p1.sjver.este,1900-01-05 00:00:00+00:00,11.466854017611448,µg/m³,NO,mongodb,NO
P1.SJVER.ESTE_1900-01-01T00:00:00_no,p1.sjver.este,1900-01-01 00:00:00+00:00,14.641423683727758,µg/m³,NO,mongodb,NO
P1.SJVER.ESTE_1900-01-05T00:00:00_no,p1.sjver.este,1900-01-05 00:00:00+00:00,7.928333333333335,µg/m³,NO,mongodb,NO
P1.SJVER.ESTE_1900-01-01T00:00:00_no,p1.sjver.este,1900-01-01 00:00:00+00:00,11.273333333333332,µg/m³,NO,mongodb,NO
P1.SJVER.ESTE_1900-01-02T00:00:00_no,p1.sjver.este,1900-01-02 00:00:00+00:00,11.17985682819383,µg/m³,NO,mongodb,NO
P1.SJVER.ESTE_1900-01-03T00:00:00_no,p1.sjver.este,1900-01-03 00:00:00+00:00,9.999636563876651,µg/m³,NO,mongodb,NO
P1.SJVER.ESTE_1900-01-04T00:00:00_no,p1.sjver.este,1900-01-04 00:00:00+00:00,9.899691629955944,µg/m³,NO,mongodb,NO
P1.SJVER.ESTE_1900-01-03T00:00:00_no,p1.sjver.este,1900-01-03 00:00:00+00:00,9.515813049655998,µg/m³,NO,mongodb,NO
P1.SJVER.ESTE_1900-01-04T00:00:00_no,p1.sjver.este,1900-01-04 00:00:00+00:00,10.70770710689002,µg/m³,NO,mongodb,NO
P1.SJVER.ESTE_1900-01-05T00:00:00_no,p1.sjver.este,1900-01-05 00:00:00+00:00,12.52097464353375,µg/m³,NO,mongodb,NO
P1.SJVER.ESTE_1900-01-01T00:00:00_no,p1.sjver.este,1900-01-01 00:00:00+00:00,10.487623860803668,µg/m³,NO,mongodb,NO
P1.SJVER.ESTE_1900-01-02T00:00:00_no,p1.sjver.este,1900-01-02 00:00:00+00:00,11.485779459567254,µg/m³,NO,mongodb,NO
P1.SJVER.ESTE_1900-01-05T00:00:00_no,p1.sjver.este,1900-01-05 00:00:00+00:00,7.977334801762113,µg/m³,NO,mongodb,NO
P1.SJVER.ESTE_1900-01-06T00:00:00_no,p1.sjver.este,1900-01-06 00:00:00+00:00,5.89144971715231,µg/m³,NO,mongodb,NO
P1.SJVER.ESTE_1899-12-31T00:00:00_no,p1.sjver.este,1899-12-31 00:00:00+00:00,5.707151926566335,µg/m³,NO,mongodb,NO
P1.SJVER.ESTE_1900-01-06T00:00:00_no,p1.sjver.este,1900-01-06 00:00:00+00:00,11.585527595628415,µg/m³,NO,mongodb,NO
P1.SJVER.ESTE_1899-12-31T00:00:00_no,p1.sjver.este,1899-12-31 00:00:00+00:00,6.098733633879782,µg/m³,NO,mongodb,NO
P1.SJVER.ESTE_1900-01-06T00:00:00_no,p1.sjver.este,1900-01-06 00:00:00+00:00,10.381711644591613,µg/m³,NO,mongodb,NO
P1.SJVER.ESTE_1899-12-31T00:00:00_no,p1.sjver.este,1899-12-31 00:00:00+00:00,5.545583112582782,µg/m³,NO,mongodb,NO
P1.SJVER.ESTE_1900-01-06T00:00:00_no,p1.sjver.este,1900-01-06 00:00:00+00:00,8.39017911739083,µg/m³,NO,mongodb,NO
P1.SJVER.ESTE_1899-12-31T00:00:00_no,p1.sjver.este,1899-12-31 00:00:00+00:00,6.54026110176413,µg/m³,NO,mongodb,NO
P1.SJVER.ESTE_1900-01-06T00:00:00_no,p1.sjver.este,1900-01-06 00:00:00+00:00,14.416141254452926,µg/m³,NO,mongodb,NO
P1.SJVER.ESTE_1899-12-31T00:00:00_no,p1.sjver.este,1899-12-31 00:00:00+00:00,10.922456830788805,µg/m³,NO,mongodb,NO
P1.SJVER.ESTE_1900-01-06T00:00:00_no,p1.sjver.este,1900-01-06 00:00:00+00:00,10.673494221243812,µg/m³,NO,mongodb,NO
P1.SJVER.ESTE_1899-12-31T00:00:00_no,p1.sjver.este,1899-12-31 00:00:00+00:00,11.039928361768483,µg/m³,NO,mongodb,NO
P1.SJVER.ESTE_1900-01-06T00:00:00_no,p1.sjver.este,1900-01-06 00:00:00+00:00,8.75,µg/m³,NO,mongodb,NO
P1.SJVER.ESTE_1899-12-31T00:00:00_no,p1.sjver.este,1899-12-31 00:00:00+00:00,8.235,µg/m³,NO,mongodb,NO
P1.SJVER.ESTE_1900-01-06T00:00:00_no,p1.sjver.este,1900-01-06 00:00:00+00:00,8.608285816133211,µg/m³,NO,mongodb,NO
P1.SJVER.ESTE_1899-12-31T00:00:00_no,p1.sjver.este,1899-12-31 00:00:00+00:00,7.1462170655100214,µg/m³,NO,mongodb,NO
P1.SJVER.ESTE_1900-01-06T00:00:00_no,p1.sjver.este,1900-01-06 00:00:00+00:00,10.159999999999998,µg/m³,NO,mongodb,NO
P1.SJVER.ESTE_1900-01-06T00:00:00_no,p1.sjver.este,1900-01-06 00:00:00+00:00,7.981464757709248,µg/m³,NO,mongodb,NO
P1.SJVER.ESTE_1899-12-31T00:00:00_no,p1.sjver.este,1899-12-31 00:00:00+00:00,8.228436123348018,µg/m³,NO,mongodb,NO
P1.SJVER.ESTE_1900-01-01T00:00:00_no,p1.sjver.este,1900-01-01 00:00:00+00:00,6.804833333333335,µg/m³,NO,mongodb,NO
P1.GRIJO.ESTE_1900-01-01T00:00:00_no,p1.grijo.este,1900-01-01 00:00:00+00:00,6.346666666666667,µg/m³,NO,mongodb,NO
P1.ASANTAS.ESTE_1900-01-05T00:00:00_no,p1.asantas.este,1900-01-05 00:00:00+00:00,65.332575,µg/m³,NO,mongodb,NO
P1.ASANTAS.ESTE_1900-01-01T00:00:00_no,p1.asantas.este,1900-01-01 00:00:00+00:00,73.37310749999999,µg/m³,NO,mongodb,NO
P1.ASANTAS.ESTE_1900-01-02T00:00:00_no,p1.asantas.este,1900-01-02 00:00:00+00:00,10.098742499999998,µg/m³,NO,mongodb,NO
P1.ASANTAS.ESTE_1900-01-03T00:00:00_no,p1.asantas.este,1900-01-03 00:00:00+00:00,12.624727500000004,µg/m³,NO,mongodb,NO
P1.ASANTAS.ESTE_1900-01-04T00:00:00_no,p1.asantas.este,1900-01-04 00:00:00+00:00,17.723475,µg/m³,NO,mongodb,NO
P1.ASANTAS.ESTE_1900-01-01T00:00:00_no,p1.asantas.este,1900-01-01 00:00:00+00:00,16.043666216150402,µg/m³,NO,mongodb,NO
P1.ASANTAS.ESTE_1900-01-02T00:00:00_no,p1.asantas.este,1900-01-02 00:00:00+00:00,19.322164283800895,µg/m³,NO,mongodb,NO
P1.ASANTAS.ESTE_1900-01-03T00:00:00_no,p1.asantas.este,1900-01-03 00:00:00+00:00,31.432746629993073,µg/m³,NO,mongodb,NO
P1.ASANTAS.ESTE_1900-01-04T00:00:00_no,p1.asantas.este,1900-01-04 00:00:00+00:00,7.858128214494447,µg/m³,NO,mongodb,NO
P1.ASANTAS.ESTE_1900-01-05T00:00:00_no,p1.asantas.este,1900-01-05 00:00:00+00:00,36.41477683615819,µg/m³,NO,mongodb,NO
P1.ASANTAS.ESTE_1900-01-02T00:00:00_no,p1.asantas.este,1900-01-02 00:00:00+00:00,15.603749999999998,µg/m³,NO,mongodb,NO
P1.ASANTAS.ESTE_1900-01-03T00:00:00_no,p1.asantas.este,1900-01-03 00:00:00+00:00,17.940416666666668,µg/m³,NO,mongodb,NO
P1.ASANTAS.ESTE_1900-01-04T00:00:00_no,p1.asantas.este,1900-01-04 00:00:00+00:00,19.637916666666662,µg/m³,NO,mongodb,NO
P1.ASANTAS.ESTE_1900-01-05T00:00:00_no,p1.asantas.este,1900-01-05 00:00:00+00:00,17.140000000000004,µg/m³,NO,mongodb,NO
P1.ASANTAS.ESTE_1900-01-01T00:00:00_no,p1.asantas.este,1900-01-01 00:00:00+00:00,17.967083333333335,µg/m³,NO,mongodb,NO
P1.ASANTAS.ESTE_1900-01-05T00:00:00_no,p1.asantas.este,1900-01-05 00:00:00+00:00,11.381473636363637,µg/m³,NO,mongodb,NO
P1.ASANTAS.ESTE_1900-01-01T00:00:00_no,p1.asantas.este,1900-01-01 00:00:00+00:00,10.451689166666666,µg/m³,NO,mongodb,NO
P1.ASANTAS.ESTE_1900-01-02T00:00:00_no,p1.asantas.este,1900-01-02 00:00:00+00:00,7.513838260869565,µg/m³,NO,mongodb,NO
P1.ASANTAS.ESTE_1900-01-03T00:00:00_no,p1.asantas.este,1900-01-03 00:00:00+00:00,15.830547500000003,µg/m³,NO,mongodb,NO
P1.ASANTAS.ESTE_1900-01-04T00:00:00_no,p1.asantas.este,1900-01-04 00:00:00+00:00,17.354452500000004,µg/m³,NO,mongodb,NO
P1.ASANTAS.ESTE_1900-01-05T00:00:00_no,p1.asantas.este,1900-01-05 00:00:00+00:00,12.91326260869565,µg/m³,NO,mongodb,NO
P1.ASANTAS.ESTE_1900-01-04T00:00:00_no,p1.asantas.este,1900-01-04 00:00:00+00:00,28.893124999999998,µg/m³,NO,mongodb,NO
P1.ASANTAS.ESTE_1900-01-05T00:00:00_no,p1.asantas.este,1900-01-05 00:00:00+00:00,42.79208333333333,µg/m³,NO,mongodb,NO
P1.ASANTAS.ESTE_1900-01-01T00:00:00_no,p1.asantas.este,1900-01-01 00:00:00+00:00,78.43447826086957,µg/m³,NO,mongodb,NO
P1.ASANTAS.ESTE_1900-01-02T00:00:00_no,p1.asantas.este,1900-01-02 00:00:00+00:00,49.237125,µg/m³,NO,mongodb,NO
P1.ASANTAS.ESTE_1900-01-03T00:00:00_no,p1.asantas.este,1900-01-03 00:00:00+00:00,90.70016666666668,µg/m³,NO,mongodb,NO
P1.ASANTAS.ESTE_1900-01-04T00:00:00_no,p1.asantas.este,1900-01-04 00:00:00+00:00,87.895625,µg/m³,NO,mongodb,NO
P1.ASANTAS.ESTE_1900-01-05T00:00:00_no,p1.asantas.este,1900-01-05 00:00:00+00:00,53.59524999999999,µg/m³,NO,mongodb,NO
P1.ASANTAS.ESTE_1900-01-02T00:00:00_no,p1.asantas.este,1900-01-02 00:00:00+00:00,35.051939999999995,µg/m³,NO,mongodb,NO
P1.ASANTAS.ESTE_1900-01-03T00:00:00_no,p1.asantas.este,1900-01-03 00:00:00+00:00,10.956330000000001,µg/m³,NO,mongodb,NO
P1.ASANTAS.ESTE_1900-01-04T00:00:00_no,p1.asantas.este,1900-01-04 00:00:00+00:00,46.29933,µg/m³,NO,mongodb,NO
P1.ASANTAS.ESTE_1900-01-05T00:00:00_no,p1.asantas.este,1900-01-05 00:00:00+00:00,22.9053825,µg/m³,NO,mongodb,NO
P1.ASANTAS.ESTE_1900-01-01T00:00:00_no,p1.asantas.este,1900-01-01 00:00:00+00:00,38.92210000000001,µg/m³,NO,mongodb,NO
P1.ASANTAS.ESTE_1900-01-01T00:00:00_no,p1.asantas.este,1900-01-01 00:00:00+00:00,21.08559375,µg/m³,NO,mongodb,NO
P1.ASANTAS.ESTE_1900-01-02T00:00:00_no,p1.asantas.este,1900-01-02 00:00:00+00:00,28.96195958333334,µg/m³,NO,mongodb,NO
P1.ASANTAS.ESTE_1900-01-03T00:00:00_no,p1.asantas.este,1900-01-03 00:00:00+00:00,28.233947391304355,µg/m³,NO,mongodb,NO
P1.ASANTAS.ESTE_1900-01-04T00:00:00_no,p1.asantas.este,1900-01-04 00:00:00+00:00,13.013972833333334,µg/m³,NO,mongodb,NO
P1.ASANTAS.ESTE_1900-01-05T00:00:00_no,p1.asantas.este,1900-01-05 00:00:00+00:00,3.5369049166666664,µg/m³,NO,mongodb,NO
P1.ASANTAS.ESTE_1900-01-06T00:00:00_no,p1.asantas.este,1900-01-06 00:00:00+00:00,47.2816575,µg/m³,NO,mongodb,NO
P1.ASANTAS.ESTE_1899-12-31T00:00:00_no,p1.asantas.este,1899-12-31 00:00:00+00:00,47.182905000000005,µg/m³,NO,mongodb,NO
P1.ASANTAS.ESTE_1900-01-06T00:00:00_no,p1.asantas.este,1900-01-06 00:00:00+00:00,11.187996468926555,µg/m³,NO,mongodb,NO
P1.ASANTAS.ESTE_1899-12-31T00:00:00_no,p1.asantas.este,1899-12-31 00:00:00+00:00,8.638421829339567,µg/m³,NO,mongodb,NO
P1.ASANTAS.ESTE_1900-01-06T00:00:00_no,p1.asantas.este,1900-01-06 00:00:00+00:00,13.603304704850963,µg/m³,NO,mongodb,NO
P1.ASANTAS.ESTE_1899-12-31T00:00:00_no,p1.asantas.este,1899-12-31 00:00:00+00:00,10.262317991428015,µg/m³,NO,mongodb,NO
P1.ASANTAS.ESTE_1900-01-06T00:00:00_no,p1.asantas.este,1900-01-06 00:00:00+00:00,18.58458333333333,µg/m³,NO,mongodb,NO
P1.ASANTAS.ESTE_1899-12-31T00:00:00_no,p1.asantas.este,1899-12-31 00:00:00+00:00,19.354999999999997,µg/m³,NO,mongodb,NO
P1.ASANTAS.ESTE_1900-01-06T00:00:00_no,p1.asantas.este,1900-01-06 00:00:00+00:00,6.162068695652175,µg/m³,NO,mongodb,NO
P1.ASANTAS.ESTE_1899-12-31T00:00:00_no,p1.asantas.este,1899-12-31 00:00:00+00:00,9.729905833333333,µg/m³,NO,mongodb,NO
P1.ASANTAS.ESTE_1900-01-06T00:00:00_no,p1.asantas.este,1900-01-06 00:00:00+00:00,9.758809999999999,µg/m³,NO,mongodb,NO
P1.ASANTAS.ESTE_1899-12-31T00:00:00_no,p1.asantas.este,1899-12-31 00:00:00+00:00,12.155496363636361,µg/m³,NO,mongodb,NO
P1.ASANTAS.ESTE_1900-01-06T00:00:00_no,p1.asantas.este,1900-01-06 00:00:00+00:00,18.905041666666666,µg/m³,NO,mongodb,NO
P1.ASANTAS.ESTE_1899-12-31T00:00:00_no,p1.asantas.este,1899-12-31 00:00:00+00:00,16.970166666666668,µg/m³,NO,mongodb,NO
P1.ASANTAS.ESTE_1900-01-06T00:00:00_no,p1.asantas.este,1900-01-06 00:00:00+00:00,29.507708333333326,µg/m³,NO,mongodb,NO
P1.ASANTAS.ESTE_1899-12-31T00:00:00_no,p1.asantas.este,1899-12-31 00:00:00+00:00,70.50679166666667,µg/m³,NO,mongodb,NO
P1.ASANTAS.ESTE_1900-01-06T00:00:00_no,p1.asantas.este,1900-01-06 00:00:00+00:00,3.3264,µg/m³,NO,mongodb,NO
P1.ASANTAS.ESTE_1899-12-31T00:00:00_no,p1.asantas.este,1899-12-31 00:00:00+00:00,11.182479999999998,µg/m³,NO,mongodb,NO
P1.ASANTAS.ESTE_1900-01-06T00:00:00_no,p1.asantas.este,1900-01-06 00:00:00+00:00,2.9594058333333333,µg/m³,NO,mongodb,NO
P1.ASANTAS.ESTE_1899-12-31T00:00:00_no,p1.asantas.este,1899-12-31 00:00:00+00:00,29.240072499999997,µg/m³,NO,mongodb,NO
7.0,mg/Nm³,CTSa-gr03,1899-12-30 12:00:00+00:00,empresa de electricidade dos açores s.a. - central termoeléctrica do pico - grupo 03,Chlorides,mongodb,Chlorides
7.0,mg/Nm³,CTB-gr05,1899-12-30 12:00:00+00:00,grupo 5,Chlorides,mongodb,Chlorides
0.5813939333398618,mg/Nm³,CTSb-gr07,1899-12-30 12:00:00+00:00,grupo 7,Chlorides,mongodb,Chlorides
7.0,mg/Nm³,CCB-xs13,2107-10-18 12:00:00+00:00,"coficab portugal - companhia de fios e cabos, lda. - 10549 - extrusora 1",Chlorides,mongodb,Chlorides
"P1.OVAR.ESTE_1900-01-06T00:00:00_pm2,5",p1.ovar.este,1900-01-06 00:00:00+00:00,0.0,µg/m³,Particles,mongodb,Particles
"P1.OVAR.ESTE_1899-12-31T00:00:00_pm2,5",p1.ovar.este,1899-12-31 00:00:00+00:00,0.0,µg/m³,Particles,mongodb,Particles
"P1.PQ.NAÇOES_1900-01-01T00:00:00_pm2,5",p1.pq.naçoes,1900-01-01 00:00:00+00:00,54.90866666666667,µg/m³,Particles,mongodb,Particles
"P1.GRIJO.ESTE_1900-01-01T00:00:00_pm2,5",p1.grijo.este,1900-01-01 00:00:00+00:00,22.357233333333333,µg/m³,Particles,mongodb,Particles
"P1.OVAR.ESTE_1900-01-06T00:00:00_pm2,5",p1.ovar.este,1900-01-06 00:00:00+00:00,0.0,µg/m³,Particles,mongodb,Particles
"P1.OVAR.ESTE_1899-12-31T00:00:00_pm2,5",p1.ovar.este,1899-12-31 00:00:00+00:00,0.0,µg/m³,Particles,mongodb,Particles
"P1.PQ.NAÇOES_1900-01-01T00:00:00_pm2,5",p1.pq.naçoes,1900-01-01 00:00:00+00:00,54.90866666666667,µg/m³,Particles,mongodb,Particles
"P1.GRIJO.ESTE_1900-01-01T00:00:00_pm2,5",p1.grijo.este,1900-01-01 00:00:00+00:00,22.357233333333333,µg/m³,Particles,mongodb,Particles
CTSa-gr03,empresa de electricidade dos açores s.a. - central termoeléctrica do pico - grupo 03,1899-12-30 12:00:00+00:00,32.35531388911796,mg/Nm³,Particles,mongodb,Particles
CTB-gr05,grupo 5,1899-12-30 12:00:00+00:00,40.8724863947009,mg/Nm³,Particles,mongodb,Particles
CTSb-gr07,grupo 7,1899-12-30 12:00:00+00:00,69.39329007629559,mg/Nm³,Particles,mongodb,Particles
CCB-xs13,"coficab portugal - companhia de fios e cabos, lda. - 10549 - extrusora 1",2107-10-18 12:00:00+00:00,1.0890416491711339,mg/Nm³,Particles,mongodb,Particles
P1.OVAR.ESTE_1900-01-06T00:00:00_radiação global,p1.ovar.este,1900-01-06 00:00:00+00:00,0.0,(W/m2),Radiation,mongodb,Radiation
P1.OVAR.ESTE_1899-12-31T00:00:00_radiação global,p1.ovar.este,1899-12-31 00:00:00+00:00,0.0,(W/m2),Radiation,mongodb,Radiation
P1.OVAR.ESTE_1900-01-06T00:00:00_radiação global,p1.ovar.este,1900-01-06 00:00:00+00:00,0.0,(W/m2),Radiation,mongodb,Radiation
P1.OVAR.ESTE_1899-12-31T00:00:00_radiação global,p1.ovar.este,1899-12-31 00:00:00+00:00,0.0,(W/m2),Radiation,mongodb,Radiation
P1.OVAR.ESTE_1900-01-06T00:00:00_radiação global,p1.ovar.este,1900-01-06 00:00:00+00:00,0.0,(W/m2),Radiation,mongodb,Radiation
P1.OVAR.ESTE_1899-12-31T00:00:00_radiação global,p1.ovar.este,1899-12-31 00:00:00+00:00,0.0,(W/m2),Radiation,mongodb,Radiation
P1.OVAR.ESTE_1900-01-06T00:00:00_radiação global,p1.ovar.este,1900-01-06 00:00:00+00:00,0.0,(W/m2),Radiation,mongodb,Radiation
P1.OVAR.ESTE_1899-12-31T00:00:00_radiação global,p1.ovar.este,1899-12-31 00:00:00+00:00,0.0,(W/m2),Radiation,mongodb,Radiation
P1.PQ.NAÇOES_1900-01-01T00:00:00_radiação global,p1.pq.naçoes,1900-01-01 00:00:00+00:00,-1.0991333333333333,(W/m2),Radiation,mongodb,Radiation
P1.SJVER.ESTE_1900-01-06T00:00:00_radiação global,p1.sjver.este,1900-01-06 00:00:00+00:00,0.0,(W/m2),Radiation,mongodb,Radiation
P1.SJVER.ESTE_1899-12-31T00:00:00_radiação global,p1.sjver.este,1899-12-31 00:00:00+00:00,0.0,(W/m2),Radiation,mongodb,Radiation
P1.SJVER.ESTE_1900-01-06T00:00:00_radiação global,p1.sjver.este,1900-01-06 00:00:00+00:00,0.0,(W/m2),Radiation,mongodb,Radiation
P1.SJVER.ESTE_1899-12-31T00:00:00_radiação global,p1.sjver.este,1899-12-31 00:00:00+00:00,0.0,(W/m2),Radiation,mongodb,Radiation
P1.SJVER.ESTE_1900-01-06T00:00:00_radiação global,p1.sjver.este,1900-01-06 00:00:00+00:00,0.0,(W/m2),Radiation,mongodb,Radiation
P1.SJVER.ESTE_1899-12-31T00:00:00_radiação global,p1.sjver.este,1899-12-31 00:00:00+00:00,0.0,(W/m2),Radiation,mongodb,Radiation
P1.SJVER.ESTE_1900-01-06T00:00:00_radiação global,p1.sjver.este,1900-01-06 00:00:00+00:00,0.0,(W/m2),Radiation,mongodb,Radiation
P1.SJVER.ESTE_1899-12-31T00:00:00_radiação global,p1.sjver.este,1899-12-31 00:00:00+00:00,0.0,(W/m2),Radiation,mongodb,Radiation
P1.SJVER.ESTE_1900-01-06T00:00:00_radiação global,p1.sjver.este,1900-01-06 00:00:00+00:00,0.0,(W/m2),Radiation,mongodb,Radiation
P1.SJVER.ESTE_1899-12-31T00:00:00_radiação global,p1.sjver.este,1899-12-31 00:00:00+00:00,0.0,(W/m2),Radiation,mongodb,Radiation
P1.SJVER.ESTE_1900-01-06T00:00:00_radiação global,p1.sjver.este,1900-01-06 00:00:00+00:00,0.0,(W/m2),Radiation,mongodb,Radiation
P1.SJVER.ESTE_1899-12-31T00:00:00_radiação global,p1.sjver.este,1899-12-31 00:00:00+00:00,0.0,(W/m2),Radiation,mongodb,Radiation
P1.SJVER.ESTE_1900-01-06T00:00:00_radiação global,p1.sjver.este,1900-01-06 00:00:00+00:00,0.0,(W/m2),Radiation,mongodb,Radiation
P1.SJVER.ESTE_1899-12-31T00:00:00_radiação global,p1.sjver.este,1899-12-31 00:00:00+00:00,0.0,(W/m2),Radiation,mongodb,Radiation
P1.SJVER.ESTE_1900-01-06T00:00:00_radiação global,p1.sjver.este,1900-01-06 00:00:00+00:00,0.0,(W/m2),Radiation,mongodb,Radiation
P1.SJVER.ESTE_1899-12-31T00:00:00_radiação global,p1.sjver.este,1899-12-31 00:00:00+00:00,0.0,(W/m2),Radiation,mongodb,Radiation
P1.SJVER.ESTE_1900-01-06T00:00:00_radiação global,p1.sjver.este,1900-01-06 00:00:00+00:00,0.0,(W/m2),Radiation,mongodb,Radiation
P1.SJVER.ESTE_1900-01-06T00:00:00_radiação global,p1.sjver.este,1900-01-06 00:00:00+00:00,0.0,(W/m2),Radiation,mongodb,Radiation
P1.SJVER.ESTE_1899-12-31T00:00:00_radiação global,p1.sjver.este,1899-12-31 00:00:00+00:00,0.0,(W/m2),Radiation,mongodb,Radiation
P1.ASANTAS.ESTE_1900-01-06T00:00:00_radiação global,p1.asantas.este,1900-01-06 00:00:00+00:00,0.0,(W/m2),Radiation,mongodb,Radiation
P1.ASANTAS.ESTE_1899-12-31T00:00:00_radiação global,p1.asantas.este,1899-12-31 00:00:00+00:00,0.0,(W/m2),Radiation,mongodb,Radiation
P1.ASANTAS.ESTE_1900-01-06T00:00:00_radiação global,p1.asantas.este,1900-01-06 00:00:00+00:00,0.0,(W/m2),Radiation,mongodb,Radiation
P1.ASANTAS.ESTE_1899-12-31T00:00:00_radiação global,p1.asantas.este,1899-12-31 00:00:00+00:00,0.0,(W/m2),Radiation,mongodb,Radiation
P1.ASANTAS.ESTE_1900-01-06T00:00:00_radiação global,p1.asantas.este,1900-01-06 00:00:00+00:00,0.0,(W/m2),Radiation,mongodb,Radiation
P1.ASANTAS.ESTE_1899-12-31T00:00:00_radiação global,p1.asantas.este,1899-12-31 00:00:00+00:00,0.0,(W/m2),Radiation,mongodb,Radiation
P1.ASANTAS.ESTE_1900-01-06T00:00:00_radiação global,p1.asantas.este,1900-01-06 00:00:00+00:00,0.0,(W/m2),Radiation,mongodb,Radiation
P1.ASANTAS.ESTE_1899-12-31T00:00:00_radiação global,p1.asantas.este,1899-12-31 00:00:00+00:00,0.0,(W/m2),Radiation,mongodb,Radiation
P1.ASANTAS.ESTE_1900-01-06T00:00:00_radiação global,p1.asantas.este,1900-01-06 00:00:00+00:00,0.0,(W/m2),Radiation,mongodb,Radiation
P1.ASANTAS.ESTE_1899-12-31T00:00:00_radiação global,p1.asantas.este,1899-12-31 00:00:00+00:00,0.0,(W/m2),Radiation,mongodb,Radiation
P1.ASANTAS.ESTE_1900-01-06T00:00:00_radiação global,p1.asantas.este,1900-01-06 00:00:00+00:00,0.0,(W/m2),Radiation,mongodb,Radiation
P1.ASANTAS.ESTE_1899-12-31T00:00:00_radiação global,p1.asantas.este,1899-12-31 00:00:00+00:00,0.0,(W/m2),Radiation,mongodb,Radiation
P1.ASANTAS.ESTE_1900-01-06T00:00:00_radiação global,p1.asantas.este,1900-01-06 00:00:00+00:00,0.0,(W/m2),Radiation,mongodb,Radiation
P1.ASANTAS.ESTE_1899-12-31T00:00:00_radiação global,p1.asantas.este,1899-12-31 00:00:00+00:00,0.0,(W/m2),Radiation,mongodb,Radiation
P1.ASANTAS.ESTE_1900-01-06T00:00:00_radiação global,p1.asantas.este,1900-01-06 00:00:00+00:00,0.0,(W/m2),Radiation,mongodb,Radiation
P1.ASANTAS.ESTE_1899-12-31T00:00:00_radiação global,p1.asantas.este,1899-12-31 00:00:00+00:00,0.0,(W/m2),Radiation,mongodb,Radiation
P1.ASANTAS.ESTE_1900-01-06T00:00:00_radiação global,p1.asantas.este,1900-01-06 00:00:00+00:00,0.0,(W/m2),Radiation,mongodb,Radiation
P1.ASANTAS.ESTE_1899-12-31T00:00:00_radiação global,p1.asantas.este,1899-12-31 00:00:00+00:00,0.0,(W/m2),Radiation,mongodb,Radiation
P1.ASANTAS.ESTE_1900-01-06T00:00:00_radiação global,p1.asantas.este,1900-01-06 00:00:00+00:00,0.0,(W/m2),Radiation,mongodb,Radiation
P1.ASANTAS.ESTE_1899-12-31T00:00:00_radiação global,p1.asantas.este,1899-12-31 00:00:00+00:00,0.0,(W/m2),Radiation,mongodb,Radiation
P1.ASANTAS.ESTE_1900-01-06T00:00:00_radiação global,p1.asantas.este,1900-01-06 00:00:00+00:00,0.0,(W/m2),Radiation,mongodb,Radiation
P1.ASANTAS.ESTE_1899-12-31T00:00:00_radiação global,p1.asantas.este,1899-12-31 00:00:00+00:00,0.0,(W/m2),Radiation,mongodb,Radiation
P1.OVAR.ESTE_1900-01-06T00:00:00_radiação global,p1.ovar.este,1900-01-06 00:00:00+00:00,0.0,(W/m2),Radiation,mongodb,Radiation
P1.OVAR.ESTE_1899-12-31T00:00:00_radiação global,p1.ovar.este,1899-12-31 00:00:00+00:00,0.0,(W/m2),Radiation,mongodb,Radiation
P1.OVAR.ESTE_1900-01-06T00:00:00_radiação global,p1.ovar.este,1900-01-06 00:00:00+00:00,0.0,(W/m2),Radiation,mongodb,Radiation
P1.OVAR.ESTE_1899-12-31T00:00:00_radiação global,p1.ovar.este,1899-12-31 00:00:00+00:00,0.0,(W/m2),Radiation,mongodb,Radiation
P1.OVAR.ESTE_1900-01-06T00:00:00_radiação global,p1.ovar.este,1900-01-06 00:00:00+00:00,0.0,(W/m2),Radiation,mongodb,Radiation
P1.OVAR.ESTE_1899-12-31T00:00:00_radiação global,p1.ovar.este,1899-12-31 00:00:00+00:00,0.0,(W/m2),Radiation,mongodb,Radiation
P1.OVAR.ESTE_1900-01-06T00:00:00_radiação global,p1.ovar.este,1900-01-06 00:00:00+00:00,0.0,(W/m2),Radiation,mongodb,Radiation
P1.OVAR.ESTE_1899-12-31T00:00:00_radiação global,p1.ovar.este,1899-12-31 00:00:00+00:00,0.0,(W/m2),Radiation,mongodb,Radiation
P1.PQ.NAÇOES_1900-01-01T00:00:00_radiação global,p1.pq.naçoes,1900-01-01 00:00:00+00:00,-1.0991333333333333,(W/m2),Radiation,mongodb,Radiation
P1.SJVER.ESTE_1900-01-06T00:00:00_radiação global,p1.sjver.este,1900-01-06 00:00:00+00:00,0.0,(W/m2),Radiation,mongodb,Radiation
P1.SJVER.ESTE_1899-12-31T00:00:00_radiação global,p1.sjver.este,1899-12-31 00:00:00+00:00,0.0,(W/m2),Radiation,mongodb,Radiation
P1.SJVER.ESTE_1900-01-06T00:00:00_radiação global,p1.sjver.este,1900-01-06 00:00:00+00:00,0.0,(W/m2),Radiation,mongodb,Radiation
P1.SJVER.ESTE_1899-12-31T00:00:00_radiação global,p1.sjver.este,1899-12-31 00:00:00+00:00,0.0,(W/m2),Radiation,mongodb,Radiation
P1.SJVER.ESTE_1900-01-06T00:00:00_radiação global,p1.sjver.este,1900-01-06 00:00:00+00:00,0.0,(W/m2),Radiation,mongodb,Radiation
P1.SJVER.ESTE_1899-12-31T00:00:00_radiação global,p1.sjver.este,1899-12-31 00:00:00+00:00,0.0,(W/m2),Radiation,mongodb,Radiation
P1.SJVER.ESTE_1900-01-06T00:00:00_radiação global,p1.sjver.este,1900-01-06 00:00:00+00:00,0.0,(W/m2),Radiation,mongodb,Radiation
P1.SJVER.ESTE_1899-12-31T00:00:00_radiação global,p1.sjver.este,1899-12-31 00:00:00+00:00,0.0,(W/m2),Radiation,mongodb,Radiation
P1.SJVER.ESTE_1900-01-06T00:00:00_radiação global,p1.sjver.este,1900-01-06 00:00:00+00:00,0.0,(W/m2),Radiation,mongodb,Radiation
P1.SJVER.ESTE_1899-12-31T00:00:00_radiação global,p1.sjver.este,1899-12-31 00:00:00+00:00,0.0,(W/m2),Radiation,mongodb,Radiation
P1.SJVER.ESTE_1900-01-06T00:00:00_radiação global,p1.sjver.este,1900-01-06 00:00:00+00:00,0.0,(W/m2),Radiation,mongodb,Radiation
P1.SJVER.ESTE_1899-12-31T00:00:00_radiação global,p1.sjver.este,1899-12-31 00:00:00+00:00,0.0,(W/m2),Radiation,mongodb,Radiation
P1.SJVER.ESTE_1900-01-06T00:00:00_radiação global,p1.sjver.este,1900-01-06 00:00:00+00:00,0.0,(W/m2),Radiation,mongodb,Radiation
P1.SJVER.ESTE_1899-12-31T00:00:00_radiação global,p1.sjver.este,1899-12-31 00:00:00+00:00,0.0,(W/m2),Radiation,mongodb,Radiation
P1.SJVER.ESTE_1900-01-06T00:00:00_radiação global,p1.sjver.este,1900-01-06 00:00:00+00:00,0.0,(W/m2),Radiation,mongodb,Radiation
P1.SJVER.ESTE_1899-12-31T00:00:00_radiação global,p1.sjver.este,1899-12-31 00:00:00+00:00,0.0,(W/m2),Radiation,mongodb,Radiation
P1.SJVER.ESTE_1900-01-06T00:00:00_radiação global,p1.sjver.este,1900-01-06 00:00:00+00:00,0.0,(W/m2),Radiation,mongodb,Radiation
P1.SJVER.ESTE_1900-01-06T00:00:00_radiação global,p1.sjver.este,1900-01-06 00:00:00+00:00,0.0,(W/m2),Radiation,mongodb,Radiation
P1.SJVER.ESTE_1899-12-31T00:00:00_radiação global,p1.sjver.este,1899-12-31 00:00:00+00:00,0.0,(W/m2),Radiation,mongodb,Radiation
P1.ASANTAS.ESTE_1900-01-06T00:00:00_radiação global,p1.asantas.este,1900-01-06 00:00:00+00:00,0.0,(W/m2),Radiation,mongodb,Radiation
P1.ASANTAS.ESTE_1899-12-31T00:00:00_radiação global,p1.asantas.este,1899-12-31 00:00:00+00:00,0.0,(W/m2),Radiation,mongodb,Radiation
P1.ASANTAS.ESTE_1900-01-06T00:00:00_radiação global,p1.asantas.este,1900-01-06 00:00:00+00:00,0.0,(W/m2),Radiation,mongodb,Radiation
P1.ASANTAS.ESTE_1899-12-31T00:00:00_radiação global,p1.asantas.este,1899-12-31 00:00:00+00:00,0.0,(W/m2),Radiation,mongodb,Radiation
P1.ASANTAS.ESTE_1900-01-06T00:00:00_radiação global,p1.asantas.este,1900-01-06 00:00:00+00:00,0.0,(W/m2),Radiation,mongodb,Radiation
P1.ASANTAS.ESTE_1899-12-31T00:00:00_radiação global,p1.asantas.este,1899-12-31 00:00:00+00:00,0.0,(W/m2),Radiation,mongodb,Radiation
P1.ASANTAS.ESTE_1900-01-06T00:00:00_radiação global,p1.asantas.este,1900-01-06 00:00:00+00:00,0.0,(W/m2),Radiation,mongodb,Radiation
P1.ASANTAS.ESTE_1899-12-31T00:00:00_radiação global,p1.asantas.este,1899-12-31 00:00:00+00:00,0.0,(W/m2),Radiation,mongodb,Radiation
P1.ASANTAS.ESTE_1900-01-06T00:00:00_radiação global,p1.asantas.este,1900-01-06 00:00:00+00:00,0.0,(W/m2),Radiation,mongodb,Radiation
P1.ASANTAS.ESTE_1899-12-31T00:00:00_radiação global,p1.asantas.este,1899-12-31 00:00:00+00:00,0.0,(W/m2),Radiation,mongodb,Radiation
P1.ASANTAS.ESTE_1900-01-06T00:00:00_radiação global,p1.asantas.este,1900-01-06 00:00:00+00:00,0.0,(W/m2),Radiation,mongodb,Radiation
P1.ASANTAS.ESTE_1899-12-31T00:00:00_radiação global,p1.asantas.este,1899-12-31 00:00:00+00:00,0.0,(W/m2),Radiation,mongodb,Radiation
P1.ASANTAS.ESTE_1900-01-06T00:00:00_radiação global,p1.asantas.este,1900-01-06 00:00:00+00:00,0.0,(W/m2),Radiation,mongodb,Radiation
P1.ASANTAS.ESTE_1899-12-31T00:00:00_radiação global,p1.asantas.este,1899-12-31 00:00:00+00:00,0.0,(W/m2),Radiation,mongodb,Radiation
P1.ASANTAS.ESTE_1900-01-06T00:00:00_radiação global,p1.asantas.este,1900-01-06 00:00:00+00:00,0.0,(W/m2),Radiation,mongodb,Radiation
P1.ASANTAS.ESTE_1899-12-31T00:00:00_radiação global,p1.asantas.este,1899-12-31 00:00:00+00:00,0.0,(W/m2),Radiation,mongodb,Radiation
P1.ASANTAS.ESTE_1900-01-06T00:00:00_radiação global,p1.asantas.este,1900-01-06 00:00:00+00:00,0.0,(W/m2),Radiation,mongodb,Radiation
P1.ASANTAS.ESTE_1899-12-31T00:00:00_radiação global,p1.asantas.este,1899-12-31 00:00:00+00:00,0.0,(W/m2),Radiation,mongodb,Radiation
P1.ASANTAS.ESTE_1900-01-06T00:00:00_radiação global,p1.asantas.este,1900-01-06 00:00:00+00:00,0.0,(W/m2),Radiation,mongodb,Radiation
P1.ASANTAS.ESTE_1899-12-31T00:00:00_radiação global,p1.asantas.este,1899-12-31 00:00:00+00:00,0.0,(W/m2),Radiation,mongodb,Radiation
P1.ASANTAS.ESTE_1900-01-06T00:00:00_radiação global,p1.asantas.este,1900-01-06 00:00:00+00:00,0.0,(W/m2),Radiation,mongodb,Radiation
P1.ASANTAS.ESTE_1899-12-31T00:00:00_radiação global,p1.asantas.este,1899-12-31 00:00:00+00:00,0.0,(W/m2),Radiation,mongodb,Radiation
P1.OVAR.ESTE_1900-01-01T00:00:00_so2,p1.ovar.este,1900-01-01 00:00:00+00:00,0.5286666666666666,µg/m³,SO2,mongodb,SO2
P1.PQ.NAÇOES_1900-01-01T00:00:00_so2,p1.pq.naçoes,1900-01-01 00:00:00+00:00,2.5686666666666667,µg/m³,SO2,mongodb,SO2
P1.GRIJO.ESTE_1900-01-01T00:00:00_so2,p1.grijo.este,1900-01-01 00:00:00+00:00,2.8733333333333335,µg/m³,SO2,mongodb,SO2
P1.OVAR.ESTE_1900-01-01T00:00:00_so2,p1.ovar.este,1900-01-01 00:00:00+00:00,0.5286666666666666,µg/m³,SO2,mongodb,SO2
P1.PQ.NAÇOES_1900-01-01T00:00:00_so2,p1.pq.naçoes,1900-01-01 00:00:00+00:00,2.5686666666666667,µg/m³,SO2,mongodb,SO2
P1.GRIJO.ESTE_1900-01-01T00:00:00_so2,p1.grijo.este,1900-01-01 00:00:00+00:00,2.8733333333333335,µg/m³,SO2,mongodb,SO2
CTSa-gr03,empresa de electricidade dos açores s.a. - central termoeléctrica do pico - grupo 03,1899-12-30 12:00:00+00:00,175.0977478305995,mg/Nm³,SO2,mongodb,SO2
CTB-gr05,grupo 5,1899-12-30 12:00:00+00:00,674.7918774779903,mg/Nm³,SO2,mongodb,SO2
CTSb-gr07,grupo 7,1899-12-30 12:00:00+00:00,518.3289200924236,mg/Nm³,SO2,mongodb,SO2
CCB-xs13,"coficab portugal - companhia de fios e cabos, lda. - 10549 - extrusora 1",2107-10-18 12:00:00+00:00,7.0,mg/Nm³,SO2,mongodb,SO2
P1.OVAR.ESTE_1900-01-03T00:00:00_nox,p1.ovar.este,1900-01-03 00:00:00+00:00,30.94307870370371,µg/m³,NOx,mongodb,NOx
P1.OVAR.ESTE_1900-01-04T00:00:00_nox,p1.ovar.este,1900-01-04 00:00:00+00:00,36.67789351851852,µg/m³,NOx,mongodb,NOx
P1.OVAR.ESTE_1900-01-05T00:00:00_nox,p1.ovar.este,1900-01-05 00:00:00+00:00,18.874600694444442,µg/m³,NOx,mongodb,NOx
P1.OVAR.ESTE_1900-01-01T00:00:00_nox,p1.ovar.este,1900-01-01 00:00:00+00:00,32.33777199074075,µg/m³,NOx,mongodb,NOx
P1.OVAR.ESTE_1900-01-02T00:00:00_nox,p1.ovar.este,1900-01-02 00:00:00+00:00,26.788935185185192,µg/m³,NOx,mongodb,NOx
P1.OVAR.ESTE_1900-01-05T00:00:00_nox,p1.ovar.este,1900-01-05 00:00:00+00:00,49.43493318718029,µg/m³,NOx,mongodb,NOx
P1.OVAR.ESTE_1900-01-01T00:00:00_nox,p1.ovar.este,1900-01-01 00:00:00+00:00,36.58869601384975,µg/m³,NOx,mongodb,NOx
P1.OVAR.ESTE_1900-01-02T00:00:00_nox,p1.ovar.este,1900-01-02 00:00:00+00:00,36.25218629293246,µg/m³,NOx,mongodb,NOx
P1.OVAR.ESTE_1900-01-03T00:00:00_nox,p1.ovar.este,1900-01-03 00:00:00+00:00,44.367594502366096,µg/m³,NOx,mongodb,NOx
P1.OVAR.ESTE_1900-01-04T00:00:00_nox,p1.ovar.este,1900-01-04 00:00:00+00:00,29.560362224658103,µg/m³,NOx,mongodb,NOx
P1.OVAR.ESTE_1900-01-04T00:00:00_nox,p1.ovar.este,1900-01-04 00:00:00+00:00,32.27399575503562,µg/m³,NOx,mongodb,NOx
P1.OVAR.ESTE_1900-01-05T00:00:00_nox,p1.ovar.este,1900-01-05 00:00:00+00:00,43.13024607487922,µg/m³,NOx,mongodb,NOx
P1.OVAR.ESTE_1900-01-01T00:00:00_nox,p1.ovar.este,1900-01-01 00:00:00+00:00,33.32992904589372,µg/m³,NOx,mongodb,NOx
P1.OVAR.ESTE_1900-01-02T00:00:00_nox,p1.ovar.este,1900-01-02 00:00:00+00:00,41.44066274154589,µg/m³,NOx,mongodb,NOx
P1.OVAR.ESTE_1900-01-03T00:00:00_nox,p1.ovar.este,1900-01-03 00:00:00+00:00,39.320804636744136,µg/m³,NOx,mongodb,NOx
P1.OVAR.ESTE_1900-01-03T00:00:00_nox,p1.ovar.este,1900-01-03 00:00:00+00:00,34.40082531453188,µg/m³,NOx,mongodb,NOx
P1.OVAR.ESTE_1900-01-04T00:00:00_nox,p1.ovar.este,1900-01-04 00:00:00+00:00,45.650244855618816,µg/m³,NOx,mongodb,NOx
P1.OVAR.ESTE_1900-01-05T00:00:00_nox,p1.ovar.este,1900-01-05 00:00:00+00:00,52.0177960312511,µg/m³,NOx,mongodb,NOx
P1.OVAR.ESTE_1900-01-01T00:00:00_nox,p1.ovar.este,1900-01-01 00:00:00+00:00,30.039622461425285,µg/m³,NOx,mongodb,NOx
P1.OVAR.ESTE_1900-01-02T00:00:00_nox,p1.ovar.este,1900-01-02 00:00:00+00:00,40.653072783456025,µg/m³,NOx,mongodb,NOx
P1.OVAR.ESTE_1900-01-06T00:00:00_nox,p1.ovar.este,1900-01-06 00:00:00+00:00,16.08561921296296,µg/m³,NOx,mongodb,NOx
P1.OVAR.ESTE_1899-12-31T00:00:00_nox,p1.ovar.este,1899-12-31 00:00:00+00:00,18.995196759259255,µg/m³,NOx,mongodb,NOx
P1.OVAR.ESTE_1900-01-06T00:00:00_nox,p1.ovar.este,1900-01-06 00:00:00+00:00,35.72619245223927,µg/m³,NOx,mongodb,NOx
P1.OVAR.ESTE_1899-12-31T00:00:00_nox,p1.ovar.este,1899-12-31 00:00:00+00:00,32.823763649650274,µg/m³,NOx,mongodb,NOx
P1.OVAR.ESTE_1900-01-06T00:00:00_nox,p1.ovar.este,1900-01-06 00:00:00+00:00,22.331095259661833,µg/m³,NOx,mongodb,NOx
P1.OVAR.ESTE_1899-12-31T00:00:00_nox,p1.ovar.este,1899-12-31 00:00:00+00:00,20.72452445652174,µg/m³,NOx,mongodb,NOx
P1.OVAR.ESTE_1900-01-06T00:00:00_nox,p1.ovar.este,1900-01-06 00:00:00+00:00,27.92223554620342,µg/m³,NOx,mongodb,NOx
P1.OVAR.ESTE_1899-12-31T00:00:00_nox,p1.ovar.este,1899-12-31 00:00:00+00:00,22.372329370805062,µg/m³,NOx,mongodb,NOx
P1.OVAR.ESTE_1900-01-01T00:00:00_nox,p1.ovar.este,1900-01-01 00:00:00+00:00,10.505333333333333,µg/m³,NOx,mongodb,NOx
P1.PQ.NAÇOES_1900-01-01T00:00:00_nox,p1.pq.naçoes,1900-01-01 00:00:00+00:00,78.45,µg/m³,NOx,mongodb,NOx
P1.SJVER.ESTE_1900-01-03T00:00:00_nox,p1.sjver.este,1900-01-03 00:00:00+00:00,80.93879730401635,µg/m³,NOx,mongodb,NOx
P1.SJVER.ESTE_1900-01-04T00:00:00_nox,p1.sjver.este,1900-01-04 00:00:00+00:00,40.73803473104616,µg/m³,NOx,mongodb,NOx
P1.SJVER.ESTE_1900-01-05T00:00:00_nox,p1.sjver.este,1900-01-05 00:00:00+00:00,53.66144430326133,µg/m³,NOx,mongodb,NOx
P1.SJVER.ESTE_1900-01-01T00:00:00_nox,p1.sjver.este,1900-01-01 00:00:00+00:00,63.16302626005929,µg/m³,NOx,mongodb,NOx
P1.SJVER.ESTE_1900-01-02T00:00:00_nox,p1.sjver.este,1900-01-02 00:00:00+00:00,68.53521865734858,µg/m³,NOx,mongodb,NOx
P1.SJVER.ESTE_1900-01-02T00:00:00_nox,p1.sjver.este,1900-01-02 00:00:00+00:00,59.21990967461095,µg/m³,NOx,mongodb,NOx
P1.SJVER.ESTE_1900-01-03T00:00:00_nox,p1.sjver.este,1900-01-03 00:00:00+00:00,52.613535749265424,µg/m³,NOx,mongodb,NOx
P1.SJVER.ESTE_1900-01-04T00:00:00_nox,p1.sjver.este,1900-01-04 00:00:00+00:00,76.10200076178039,µg/m³,NOx,mongodb,NOx
P1.SJVER.ESTE_1900-01-05T00:00:00_nox,p1.sjver.este,1900-01-05 00:00:00+00:00,89.29046142126454,µg/m³,NOx,mongodb,NOx
P1.SJVER.ESTE_1900-01-01T00:00:00_nox,p1.sjver.este,1900-01-01 00:00:00+00:00,57.22019262161279,µg/m³,NOx,mongodb,NOx
P1.SJVER.ESTE_1900-01-05T00:00:00_nox,p1.sjver.este,1900-01-05 00:00:00+00:00,63.173606189851256,µg/m³,NOx,mongodb,NOx
P1.SJVER.ESTE_1900-01-01T00:00:00_nox,p1.sjver.este,1900-01-01 00:00:00+00:00,67.85693077427821,µg/m³,NOx,mongodb,NOx
P1.SJVER.ESTE_1900-01-02T00:00:00_nox,p1.sjver.este,1900-01-02 00:00:00+00:00,55.05070592738408,µg/m³,NOx,mongodb,NOx
P1.SJVER.ESTE_1900-01-03T00:00:00_nox,p1.sjver.este,1900-01-03 00:00:00+00:00,68.22475940507435,µg/m³,NOx,mongodb,NOx
P1.SJVER.ESTE_1900-01-04T00:00:00_nox,p1.sjver.este,1900-01-04 00:00:00+00:00,72.04300634295713,µg/m³,NOx,mongodb,NOx
P1.SJVER.ESTE_1900-01-04T00:00:00_nox,p1.sjver.este,1900-01-04 00:00:00+00:00,52.12111406300571,µg/m³,NOx,mongodb,NOx
P1.SJVER.ESTE_1900-01-05T00:00:00_nox,p1.sjver.este,1900-01-05 00:00:00+00:00,64.62088750134859,µg/m³,NOx,mongodb,NOx
P1.SJVER.ESTE_1900-01-01T00:00:00_nox,p1.sjver.este,1900-01-01 00:00:00+00:00,47.99534325889166,µg/m³,NOx,mongodb,NOx
P1.SJVER.ESTE_1900-01-02T00:00:00_nox,p1.sjver.este,1900-01-02 00:00:00+00:00,66.01685380479735,µg/m³,NOx,mongodb,NOx
P1.SJVER.ESTE_1900-01-01T00:00:00_nox,p1.sjver.este,1900-01-01 00:00:00+00:00,70.20911410491935,µg/m³,NOx,mongodb,NOx
P1.SJVER.ESTE_1900-01-02T00:00:00_nox,p1.sjver.este,1900-01-02 00:00:00+00:00,83.48093743621146,µg/m³,NOx,mongodb,NOx
P1.SJVER.ESTE_1900-01-03T00:00:00_nox,p1.sjver.este,1900-01-03 00:00:00+00:00,82.06354613186365,µg/m³,NOx,mongodb,NOx
P1.SJVER.ESTE_1900-01-04T00:00:00_nox,p1.sjver.este,1900-01-04 00:00:00+00:00,66.55109665237804,µg/m³,NOx,mongodb,NOx
P1.SJVER.ESTE_1900-01-05T00:00:00_nox,p1.sjver.este,1900-01-05 00:00:00+00:00,84.09688711982038,µg/m³,NOx,mongodb,NOx
P1.SJVER.ESTE_1900-01-02T00:00:00_nox,p1.sjver.este,1900-01-02 00:00:00+00:00,36.94596134282807,µg/m³,NOx,mongodb,NOx
P1.SJVER.ESTE_1900-01-03T00:00:00_nox,p1.sjver.este,1900-01-03 00:00:00+00:00,23.902723804679553,µg/m³,NOx,mongodb,NOx
P1.SJVER.ESTE_1900-01-04T00:00:00_nox,p1.sjver.este,1900-01-04 00:00:00+00:00,33.45963952408333,µg/m³,NOx,mongodb,NOx
P1.SJVER.ESTE_1900-01-05T00:00:00_nox,p1.sjver.este,1900-01-05 00:00:00+00:00,40.71259240420482,µg/m³,NOx,mongodb,NOx
P1.SJVER.ESTE_1900-01-01T00:00:00_nox,p1.sjver.este,1900-01-01 00:00:00+00:00,57.8268480840963,µg/m³,NOx,mongodb,NOx
P1.SJVER.ESTE_1900-01-05T00:00:00_nox,p1.sjver.este,1900-01-05 00:00:00+00:00,28.278333333333332,µg/m³,NOx,mongodb,NOx
P1.SJVER.ESTE_1900-01-01T00:00:00_nox,p1.sjver.este,1900-01-01 00:00:00+00:00,55.74458333333333,µg/m³,NOx,mongodb,NOx
P1.SJVER.ESTE_1900-01-02T00:00:00_nox,p1.sjver.este,1900-01-02 00:00:00+00:00,48.1746555772994,µg/m³,NOx,mongodb,NOx
P1.SJVER.ESTE_1900-01-03T00:00:00_nox,p1.sjver.este,1900-01-03 00:00:00+00:00,34.61423679060665,µg/m³,NOx,mongodb,NOx
P1.SJVER.ESTE_1900-01-04T00:00:00_nox,p1.sjver.este,1900-01-04 00:00:00+00:00,36.40949119373777,µg/m³,NOx,mongodb,NOx
P1.SJVER.ESTE_1900-01-03T00:00:00_nox,p1.sjver.este,1900-01-03 00:00:00+00:00,24.73370943733254,µg/m³,NOx,mongodb,NOx
P1.SJVER.ESTE_1900-01-04T00:00:00_nox,p1.sjver.este,1900-01-04 00:00:00+00:00,28.53370348317952,µg/m³,NOx,mongodb,NOx
P1.SJVER.ESTE_1900-01-05T00:00:00_nox,p1.sjver.este,1900-01-05 00:00:00+00:00,39.87466507889253,µg/m³,NOx,mongodb,NOx
P1.SJVER.ESTE_1900-01-01T00:00:00_nox,p1.sjver.este,1900-01-01 00:00:00+00:00,33.922994938969936,µg/m³,NOx,mongodb,NOx
P1.SJVER.ESTE_1900-01-02T00:00:00_nox,p1.sjver.este,1900-01-02 00:00:00+00:00,37.20267936885978,µg/m³,NOx,mongodb,NOx
P1.SJVER.ESTE_1900-01-05T00:00:00_nox,p1.sjver.este,1900-01-05 00:00:00+00:00,25.42367906066536,µg/m³,NOx,mongodb,NOx
P1.SJVER.ESTE_1900-01-06T00:00:00_nox,p1.sjver.este,1900-01-06 00:00:00+00:00,32.31521601016519,µg/m³,NOx,mongodb,NOx
P1.SJVER.ESTE_1899-12-31T00:00:00_nox,p1.sjver.este,1899-12-31 00:00:00+00:00,32.520411901736544,µg/m³,NOx,mongodb,NOx
P1.SJVER.ESTE_1900-01-06T00:00:00_nox,p1.sjver.este,1900-01-06 00:00:00+00:00,45.6281096963761,µg/m³,NOx,mongodb,NOx
P1.SJVER.ESTE_1899-12-31T00:00:00_nox,p1.sjver.este,1899-12-31 00:00:00+00:00,26.57925726412014,µg/m³,NOx,mongodb,NOx
P1.SJVER.ESTE_1900-01-06T00:00:00_nox,p1.sjver.este,1900-01-06 00:00:00+00:00,39.11035651793526,µg/m³,NOx,mongodb,NOx
P1.SJVER.ESTE_1899-12-31T00:00:00_nox,p1.sjver.este,1899-12-31 00:00:00+00:00,21.37129702537183,µg/m³,NOx,mongodb,NOx
P1.SJVER.ESTE_1900-01-06T00:00:00_nox,p1.sjver.este,1900-01-06 00:00:00+00:00,54.87683519437552,µg/m³,NOx,mongodb,NOx
P1.SJVER.ESTE_1899-12-31T00:00:00_nox,p1.sjver.este,1899-12-31 00:00:00+00:00,40.29497518610422,µg/m³,NOx,mongodb,NOx
P1.SJVER.ESTE_1900-01-06T00:00:00_nox,p1.sjver.este,1900-01-06 00:00:00+00:00,43.4109359052868,µg/m³,NOx,mongodb,NOx
P1.SJVER.ESTE_1899-12-31T00:00:00_nox,p1.sjver.este,1899-12-31 00:00:00+00:00,37.63494156970811,µg/m³,NOx,mongodb,NOx
P1.SJVER.ESTE_1900-01-06T00:00:00_nox,p1.sjver.este,1900-01-06 00:00:00+00:00,36.0615979993218,µg/m³,NOx,mongodb,NOx
P1.SJVER.ESTE_1899-12-31T00:00:00_nox,p1.sjver.este,1899-12-31 00:00:00+00:00,38.1869498134961,µg/m³,NOx,mongodb,NOx
P1.SJVER.ESTE_1900-01-06T00:00:00_nox,p1.sjver.este,1900-01-06 00:00:00+00:00,32.38416666666667,µg/m³,NOx,mongodb,NOx
P1.SJVER.ESTE_1899-12-31T00:00:00_nox,p1.sjver.este,1899-12-31 00:00:00+00:00,27.935833333333335,µg/m³,NOx,mongodb,NOx
P1.SJVER.ESTE_1900-01-06T00:00:00_nox,p1.sjver.este,1900-01-06 00:00:00+00:00,23.742551354569823,µg/m³,NOx,mongodb,NOx
P1.SJVER.ESTE_1899-12-31T00:00:00_nox,p1.sjver.este,1899-12-31 00:00:00+00:00,23.379217028877648,µg/m³,NOx,mongodb,NOx
P1.SJVER.ESTE_1900-01-06T00:00:00_nox,p1.sjver.este,1900-01-06 00:00:00+00:00,51.09541666666666,µg/m³,NOx,mongodb,NOx
P1.SJVER.ESTE_1900-01-06T00:00:00_nox,p1.sjver.este,1900-01-06 00:00:00+00:00,26.106653620352247,µg/m³,NOx,mongodb,NOx
P1.SJVER.ESTE_1899-12-31T00:00:00_nox,p1.sjver.este,1899-12-31 00:00:00+00:00,28.463551859099805,µg/m³,NOx,mongodb,NOx
P1.SJVER.ESTE_1900-01-01T00:00:00_nox,p1.sjver.este,1900-01-01 00:00:00+00:00,33.05433333333333,µg/m³,NOx,mongodb,NOx
P1.GRIJO.ESTE_1900-01-01T00:00:00_nox,p1.grijo.este,1900-01-01 00:00:00+00:00,28.79333333333333,µg/m³,NOx,mongodb,NOx
P1.ASANTAS.ESTE_1900-01-05T00:00:00_nox,p1.asantas.este,1900-01-05 00:00:00+00:00,162.92906250000004,µg/m³,NOx,mongodb,NOx
P1.ASANTAS.ESTE_1900-01-01T00:00:00_nox,p1.asantas.este,1900-01-01 00:00:00+00:00,184.93875,µg/m³,NOx,mongodb,NOx
P1.ASANTAS.ESTE_1900-01-02T00:00:00_nox,p1.asantas.este,1900-01-02 00:00:00+00:00,46.67296875000002,µg/m³,NOx,mongodb,NOx
P1.ASANTAS.ESTE_1900-01-03T00:00:00_nox,p1.asantas.este,1900-01-03 00:00:00+00:00,53.1834375,µg/m³,NOx,mongodb,NOx
P1.ASANTAS.ESTE_1900-01-04T00:00:00_nox,p1.asantas.este,1900-01-04 00:00:00+00:00,64.9771875,µg/m³,NOx,mongodb,NOx
P1.ASANTAS.ESTE_1900-01-01T00:00:00_nox,p1.asantas.este,1900-01-01 00:00:00+00:00,59.52624839275276,µg/m³,NOx,mongodb,NOx
P1.ASANTAS.ESTE_1900-01-02T00:00:00_nox,p1.asantas.este,1900-01-02 00:00:00+00:00,72.44777574030782,µg/m³,NOx,mongodb,NOx
P1.ASANTAS.ESTE_1900-01-03T00:00:00_nox,p1.asantas.este,1900-01-03 00:00:00+00:00,103.35376201803946,µg/m³,NOx,mongodb,NOx
P1.ASANTAS.ESTE_1900-01-04T00:00:00_nox,p1.asantas.este,1900-01-04 00:00:00+00:00,34.2018014562634,µg/m³,NOx,mongodb,NOx
P1.ASANTAS.ESTE_1900-01-05T00:00:00_nox,p1.asantas.este,1900-01-05 00:00:00+00:00,108.21735875706213,µg/m³,NOx,mongodb,NOx
P1.ASANTAS.ESTE_1900-01-02T00:00:00_nox,p1.asantas.este,1900-01-02 00:00:00+00:00,60.09250000000001,µg/m³,NOx,mongodb,NOx
P1.ASANTAS.ESTE_1900-01-03T00:00:00_nox,p1.asantas.este,1900-01-03 00:00:00+00:00,74.85083333333331,µg/m³,NOx,mongodb,NOx
P1.ASANTAS.ESTE_1900-01-04T00:00:00_nox,p1.asantas.este,1900-01-04 00:00:00+00:00,81.22374999999998,µg/m³,NOx,mongodb,NOx
P1.ASANTAS.ESTE_1900-01-05T00:00:00_nox,p1.asantas.este,1900-01-05 00:00:00+00:00,66.29750000000001,µg/m³,NOx,mongodb,NOx
P1.ASANTAS.ESTE_1900-01-01T00:00:00_nox,p1.asantas.este,1900-01-01 00:00:00+00:00,66.17083333333333,µg/m³,NOx,mongodb,NOx
P1.ASANTAS.ESTE_1900-01-05T00:00:00_nox,p1.asantas.este,1900-01-05 00:00:00+00:00,47.55322727272728,µg/m³,NOx,mongodb,NOx
P1.ASANTAS.ESTE_1900-01-01T00:00:00_nox,p1.asantas.este,1900-01-01 00:00:00+00:00,47.66341666666668,µg/m³,NOx,mongodb,NOx
P1.ASANTAS.ESTE_1900-01-02T00:00:00_nox,p1.asantas.este,1900-01-02 00:00:00+00:00,37.63743478260869,µg/m³,NOx,mongodb,NOx
P1.ASANTAS.ESTE_1900-01-03T00:00:00_nox,p1.asantas.este,1900-01-03 00:00:00+00:00,67.8164875,µg/m³,NOx,mongodb,NOx
P1.ASANTAS.ESTE_1900-01-04T00:00:00_nox,p1.asantas.este,1900-01-04 00:00:00+00:00,61.853437500000005,µg/m³,NOx,mongodb,NOx
P1.ASANTAS.ESTE_1900-01-05T00:00:00_nox,p1.asantas.este,1900-01-05 00:00:00+00:00,46.96282608695652,µg/m³,NOx,mongodb,NOx
P1.ASANTAS.ESTE_1900-01-04T00:00:00_nox,p1.asantas.este,1900-01-04 00:00:00+00:00,79.10875,µg/m³,NOx,mongodb,NOx
P1.ASANTAS.ESTE_1900-01-05T00:00:00_nox,p1.asantas.este,1900-01-05 00:00:00+00:00,101.7652083333333,µg/m³,NOx,mongodb,NOx
P1.ASANTAS.ESTE_1900-01-01T00:00:00_nox,p1.asantas.este,1900-01-01 00:00:00+00:00,166.75521739130434,µg/m³,NOx,mongodb,NOx
P1.ASANTAS.ESTE_1900-01-02T00:00:00_nox,p1.asantas.este,1900-01-02 00:00:00+00:00,116.80064583333332,µg/m³,NOx,mongodb,NOx
P1.ASANTAS.ESTE_1900-01-03T00:00:00_nox,p1.asantas.este,1900-01-03 00:00:00+00:00,226.82427083333332,µg/m³,NOx,mongodb,NOx
P1.ASANTAS.ESTE_1900-01-04T00:00:00_nox,p1.asantas.este,1900-01-04 00:00:00+00:00,234.71666666666667,µg/m³,NOx,mongodb,NOx
P1.ASANTAS.ESTE_1900-01-05T00:00:00_nox,p1.asantas.este,1900-01-05 00:00:00+00:00,157.10291666666663,µg/m³,NOx,mongodb,NOx
P1.ASANTAS.ESTE_1900-01-02T00:00:00_nox,p1.asantas.este,1900-01-02 00:00:00+00:00,82.85109375,µg/m³,NOx,mongodb,NOx
P1.ASANTAS.ESTE_1900-01-03T00:00:00_nox,p1.asantas.este,1900-01-03 00:00:00+00:00,38.43328125,µg/m³,NOx,mongodb,NOx
P1.ASANTAS.ESTE_1900-01-04T00:00:00_nox,p1.asantas.este,1900-01-04 00:00:00+00:00,104.95640625,µg/m³,NOx,mongodb,NOx
P1.ASANTAS.ESTE_1900-01-05T00:00:00_nox,p1.asantas.este,1900-01-05 00:00:00+00:00,68.80218749999999,µg/m³,NOx,mongodb,NOx
P1.ASANTAS.ESTE_1900-01-01T00:00:00_nox,p1.asantas.este,1900-01-01 00:00:00+00:00,100.82333333333332,µg/m³,NOx,mongodb,NOx
P1.ASANTAS.ESTE_1900-01-01T00:00:00_nox,p1.asantas.este,1900-01-01 00:00:00+00:00,70.17041666666665,µg/m³,NOx,mongodb,NOx
P1.ASANTAS.ESTE_1900-01-02T00:00:00_nox,p1.asantas.este,1900-01-02 00:00:00+00:00,86.47583333333334,µg/m³,NOx,mongodb,NOx
P1.ASANTAS.ESTE_1900-01-03T00:00:00_nox,p1.asantas.este,1900-01-03 00:00:00+00:00,94.55217391304349,µg/m³,NOx,mongodb,NOx
P1.ASANTAS.ESTE_1900-01-04T00:00:00_nox,p1.asantas.este,1900-01-04 00:00:00+00:00,52.076249999999995,µg/m³,NOx,mongodb,NOx
P1.ASANTAS.ESTE_1900-01-05T00:00:00_nox,p1.asantas.este,1900-01-05 00:00:00+00:00,23.29307291666667,µg/m³,NOx,mongodb,NOx
P1.ASANTAS.ESTE_1900-01-06T00:00:00_nox,p1.asantas.este,1900-01-06 00:00:00+00:00,136.22578125,µg/m³,NOx,mongodb,NOx
P1.ASANTAS.ESTE_1899-12-31T00:00:00_nox,p1.asantas.este,1899-12-31 00:00:00+00:00,139.2778125,µg/m³,NOx,mongodb,NOx
P1.ASANTAS.ESTE_1900-01-06T00:00:00_nox,p1.asantas.este,1900-01-06 00:00:00+00:00,41.279501412429376,µg/m³,NOx,mongodb,NOx
P1.ASANTAS.ESTE_1899-12-31T00:00:00_nox,p1.asantas.este,1899-12-31 00:00:00+00:00,40.477510909799335,µg/m³,NOx,mongodb,NOx
P1.ASANTAS.ESTE_1900-01-06T00:00:00_nox,p1.asantas.este,1900-01-06 00:00:00+00:00,42.11556090492889,µg/m³,NOx,mongodb,NOx
P1.ASANTAS.ESTE_1899-12-31T00:00:00_nox,p1.asantas.este,1899-12-31 00:00:00+00:00,35.234507135203586,µg/m³,NOx,mongodb,NOx
P1.ASANTAS.ESTE_1900-01-06T00:00:00_nox,p1.asantas.este,1900-01-06 00:00:00+00:00,71.32666666666667,µg/m³,NOx,mongodb,NOx
P1.ASANTAS.ESTE_1899-12-31T00:00:00_nox,p1.asantas.este,1899-12-31 00:00:00+00:00,69.82666666666665,µg/m³,NOx,mongodb,NOx
P1.ASANTAS.ESTE_1900-01-06T00:00:00_nox,p1.asantas.este,1900-01-06 00:00:00+00:00,31.462434782608693,µg/m³,NOx,mongodb,NOx
P1.ASANTAS.ESTE_1899-12-31T00:00:00_nox,p1.asantas.este,1899-12-31 00:00:00+00:00,41.158458333333336,µg/m³,NOx,mongodb,NOx
P1.ASANTAS.ESTE_1900-01-06T00:00:00_nox,p1.asantas.este,1900-01-06 00:00:00+00:00,38.18677272727273,µg/m³,NOx,mongodb,NOx
P1.ASANTAS.ESTE_1899-12-31T00:00:00_nox,p1.asantas.este,1899-12-31 00:00:00+00:00,38.77490909090909,µg/m³,NOx,mongodb,NOx
P1.ASANTAS.ESTE_1900-01-06T00:00:00_nox,p1.asantas.este,1900-01-06 00:00:00+00:00,56.62166666666667,µg/m³,NOx,mongodb,NOx
P1.ASANTAS.ESTE_1899-12-31T00:00:00_nox,p1.asantas.este,1899-12-31 00:00:00+00:00,47.592854166666676,µg/m³,NOx,mongodb,NOx
P1.ASANTAS.ESTE_1900-01-06T00:00:00_nox,p1.asantas.este,1900-01-06 00:00:00+00:00,81.59791666666668,µg/m³,NOx,mongodb,NOx
P1.ASANTAS.ESTE_1899-12-31T00:00:00_nox,p1.asantas.este,1899-12-31 00:00:00+00:00,162.675,µg/m³,NOx,mongodb,NOx
P1.ASANTAS.ESTE_1900-01-06T00:00:00_nox,p1.asantas.este,1900-01-06 00:00:00+00:00,24.24890625,µg/m³,NOx,mongodb,NOx
P1.ASANTAS.ESTE_1899-12-31T00:00:00_nox,p1.asantas.este,1899-12-31 00:00:00+00:00,37.29940217391305,µg/m³,NOx,mongodb,NOx
P1.ASANTAS.ESTE_1900-01-06T00:00:00_nox,p1.asantas.este,1900-01-06 00:00:00+00:00,15.675400000000002,µg/m³,NOx,mongodb,NOx
P1.ASANTAS.ESTE_1899-12-31T00:00:00_nox,p1.asantas.este,1899-12-31 00:00:00+00:00,82.36285833333334,µg/m³,NOx,mongodb,NOx
P1.OVAR.ESTE_1900-01-03T00:00:00_nox,p1.ovar.este,1900-01-03 00:00:00+00:00,30.94307870370371,µg/m³,NOx,mongodb,NOx
P1.OVAR.ESTE_1900-01-04T00:00:00_nox,p1.ovar.este,1900-01-04 00:00:00+00:00,36.67789351851852,µg/m³,NOx,mongodb,NOx
P1.OVAR.ESTE_1900-01-05T00:00:00_nox,p1.ovar.este,1900-01-05 00:00:00+00:00,18.874600694444442,µg/m³,NOx,mongodb,NOx
P1.OVAR.ESTE_1900-01-01T00:00:00_nox,p1.ovar.este,1900-01-01 00:00:00+00:00,32.33777199074075,µg/m³,NOx,mongodb,NOx
P1.OVAR.ESTE_1900-01-02T00:00:00_nox,p1.ovar.este,1900-01-02 00:00:00+00:00,26.788935185185192,µg/m³,NOx,mongodb,NOx
P1.OVAR.ESTE_1900-01-05T00:00:00_nox,p1.ovar.este,1900-01-05 00:00:00+00:00,49.43493318718029,µg/m³,NOx,mongodb,NOx
P1.OVAR.ESTE_1900-01-01T00:00:00_nox,p1.ovar.este,1900-01-01 00:00:00+00:00,36.58869601384975,µg/m³,NOx,mongodb,NOx
P1.OVAR.ESTE_1900-01-02T00:00:00_nox,p1.ovar.este,1900-01-02 00:00:00+00:00,36.25218629293246,µg/m³,NOx,mongodb,NOx
P1.OVAR.ESTE_1900-01-03T00:00:00_nox,p1.ovar.este,1900-01-03 00:00:00+00:00,44.367594502366096,µg/m³,NOx,mongodb,NOx
P1.OVAR.ESTE_1900-01-04T00:00:00_nox,p1.ovar.este,1900-01-04 00:00:00+00:00,29.560362224658103,µg/m³,NOx,mongodb,NOx
P1.OVAR.ESTE_1900-01-04T00:00:00_nox,p1.ovar.este,1900-01-04 00:00:00+00:00,32.27399575503562,µg/m³,NOx,mongodb,NOx
P1.OVAR.ESTE_1900-01-05T00:00:00_nox,p1.ovar.este,1900-01-05 00:00:00+00:00,43.13024607487922,µg/m³,NOx,mongodb,NOx
P1.OVAR.ESTE_1900-01-01T00:00:00_nox,p1.ovar.este,1900-01-01 00:00:00+00:00,33.32992904589372,µg/m³,NOx,mongodb,NOx
P1.OVAR.ESTE_1900-01-02T00:00:00_nox,p1.ovar.este,1900-01-02 00:00:00+00:00,41.44066274154589,µg/m³,NOx,mongodb,NOx
P1.OVAR.ESTE_1900-01-03T00:00:00_nox,p1.ovar.este,1900-01-03 00:00:00+00:00,39.320804636744136,µg/m³,NOx,mongodb,NOx
P1.OVAR.ESTE_1900-01-03T00:00:00_nox,p1.ovar.este,1900-01-03 00:00:00+00:00,34.40082531453188,µg/m³,NOx,mongodb,NOx
P1.OVAR.ESTE_1900-01-04T00:00:00_nox,p1.ovar.este,1900-01-04 00:00:00+00:00,45.650244855618816,µg/m³,NOx,mongodb,NOx
P1.OVAR.ESTE_1900-01-05T00:00:00_nox,p1.ovar.este,1900-01-05 00:00:00+00:00,52.0177960312511,µg/m³,NOx,mongodb,NOx
P1.OVAR.ESTE_1900-01-01T00:00:00_nox,p1.ovar.este,1900-01-01 00:00:00+00:00,30.039622461425285,µg/m³,NOx,mongodb,NOx
P1.OVAR.ESTE_1900-01-02T00:00:00_nox,p1.ovar.este,1900-01-02 00:00:00+00:00,40.653072783456025,µg/m³,NOx,mongodb,NOx
P1.OVAR.ESTE_1900-01-06T00:00:00_nox,p1.ovar.este,1900-01-06 00:00:00+00:00,16.08561921296296,µg/m³,NOx,mongodb,NOx
P1.OVAR.ESTE_1899-12-31T00:00:00_nox,p1.ovar.este,1899-12-31 00:00:00+00:00,18.995196759259255,µg/m³,NOx,mongodb,NOx
P1.OVAR.ESTE_1900-01-06T00:00:00_nox,p1.ovar.este,1900-01-06 00:00:00+00:00,35.72619245223927,µg/m³,NOx,mongodb,NOx
P1.OVAR.ESTE_1899-12-31T00:00:00_nox,p1.ovar.este,1899-12-31 00:00:00+00:00,32.823763649650274,µg/m³,NOx,mongodb,NOx
P1.OVAR.ESTE_1900-01-06T00:00:00_nox,p1.ovar.este,1900-01-06 00:00:00+00:00,22.331095259661833,µg/m³,NOx,mongodb,NOx
P1.OVAR.ESTE_1899-12-31T00:00:00_nox,p1.ovar.este,1899-12-31 00:00:00+00:00,20.72452445652174,µg/m³,NOx,mongodb,NOx
P1.OVAR.ESTE_1900-01-06T00:00:00_nox,p1.ovar.este,1900-01-06 00:00:00+00:00,27.92223554620342,µg/m³,NOx,mongodb,NOx
P1.OVAR.ESTE_1899-12-31T00:00:00_nox,p1.ovar.este,1899-12-31 00:00:00+00:00,22.372329370805062,µg/m³,NOx,mongodb,NOx
P1.OVAR.ESTE_1900-01-01T00:00:00_nox,p1.ovar.este,1900-01-01 00:00:00+00:00,10.505333333333333,µg/m³,NOx,mongodb,NOx
P1.PQ.NAÇOES_1900-01-01T00:00:00_nox,p1.pq.naçoes,1900-01-01 00:00:00+00:00,78.45,µg/m³,NOx,mongodb,NOx
P1.SJVER.ESTE_1900-01-03T00:00:00_nox,p1.sjver.este,1900-01-03 00:00:00+00:00,80.93879730401635,µg/m³,NOx,mongodb,NOx
P1.SJVER.ESTE_1900-01-04T00:00:00_nox,p1.sjver.este,1900-01-04 00:00:00+00:00,40.73803473104616,µg/m³,NOx,mongodb,NOx
P1.SJVER.ESTE_1900-01-05T00:00:00_nox,p1.sjver.este,1900-01-05 00:00:00+00:00,53.66144430326133,µg/m³,NOx,mongodb,NOx
P1.SJVER.ESTE_1900-01-01T00:00:00_nox,p1.sjver.este,1900-01-01 00:00:00+00:00,63.16302626005929,µg/m³,NOx,mongodb,NOx
P1.SJVER.ESTE_1900-01-02T00:00:00_nox,p1.sjver.este,1900-01-02 00:00:00+00:00,68.53521865734858,µg/m³,NOx,mongodb,NOx
P1.SJVER.ESTE_1900-01-02T00:00:00_nox,p1.sjver.este,1900-01-02 00:00:00+00:00,59.21990967461095,µg/m³,NOx,mongodb,NOx
P1.SJVER.ESTE_1900-01-03T00:00:00_nox,p1.sjver.este,1900-01-03 00:00:00+00:00,52.613535749265424,µg/m³,NOx,mongodb,NOx
P1.SJVER.ESTE_1900-01-04T00:00:00_nox,p1.sjver.este,1900-01-04 00:00:00+00:00,76.10200076178039,µg/m³,NOx,mongodb,NOx
P1.SJVER.ESTE_1900-01-05T00:00:00_nox,p1.sjver.este,1900-01-05 00:00:00+00:00,89.29046142126454,µg/m³,NOx,mongodb,NOx
P1.SJVER.ESTE_1900-01-01T00:00:00_nox,p1.sjver.este,1900-01-01 00:00:00+00:00,57.22019262161279,µg/m³,NOx,mongodb,NOx
P1.SJVER.ESTE_1900-01-05T00:00:00_nox,p1.sjver.este,1900-01-05 00:00:00+00:00,63.173606189851256,µg/m³,NOx,mongodb,NOx
P1.SJVER.ESTE_1900-01-01T00:00:00_nox,p1.sjver.este,1900-01-01 00:00:00+00:00,67.85693077427821,µg/m³,NOx,mongodb,NOx
P1.SJVER.ESTE_1900-01-02T00:00:00_nox,p1.sjver.este,1900-01-02 00:00:00+00:00,55.05070592738408,µg/m³,NOx,mongodb,NOx
P1.SJVER.ESTE_1900-01-03T00:00:00_nox,p1.sjver.este,1900-01-03 00:00:00+00:00,68.22475940507435,µg/m³,NOx,mongodb,NOx
P1.SJVER.ESTE_1900-01-04T00:00:00_nox,p1.sjver.este,1900-01-04 00:00:00+00:00,72.04300634295713,µg/m³,NOx,mongodb,NOx
P1.SJVER.ESTE_1900-01-04T00:00:00_nox,p1.sjver.este,1900-01-04 00:00:00+00:00,52.12111406300571,µg/m³,NOx,mongodb,NOx
P1.SJVER.ESTE_1900-01-05T00:00:00_nox,p1.sjver.este,1900-01-05 00:00:00+00:00,64.62088750134859,µg/m³,NOx,mongodb,NOx
P1.SJVER.ESTE_1900-01-01T00:00:00_nox,p1.sjver.este,1900-01-01 00:00:00+00:00,47.99534325889166,µg/m³,NOx,mongodb,NOx
P1.SJVER.ESTE_1900-01-02T00:00:00_nox,p1.sjver.este,1900-01-02 00:00:00+00:00,66.01685380479735,µg/m³,NOx,mongodb,NOx
P1.SJVER.ESTE_1900-01-01T00:00:00_nox,p1.sjver.este,1900-01-01 00:00:00+00:00,70.20911410491935,µg/m³,NOx,mongodb,NOx
P1.SJVER.ESTE_1900-01-02T00:00:00_nox,p1.sjver.este,1900-01-02 00:00:00+00:00,83.48093743621146,µg/m³,NOx,mongodb,NOx
P1.SJVER.ESTE_1900-01-03T00:00:00_nox,p1.sjver.este,1900-01-03 00:00:00+00:00,82.06354613186365,µg/m³,NOx,mongodb,NOx
P1.SJVER.ESTE_1900-01-04T00:00:00_nox,p1.sjver.este,1900-01-04 00:00:00+00:00,66.55109665237804,µg/m³,NOx,mongodb,NOx
P1.SJVER.ESTE_1900-01-05T00:00:00_nox,p1.sjver.este,1900-01-05 00:00:00+00:00,84.09688711982038,µg/m³,NOx,mongodb,NOx
P1.SJVER.ESTE_1900-01-02T00:00:00_nox,p1.sjver.este,1900-01-02 00:00:00+00:00,36.94596134282807,µg/m³,NOx,mongodb,NOx
P1.SJVER.ESTE_1900-01-03T00:00:00_nox,p1.sjver.este,1900-01-03 00:00:00+00:00,23.902723804679553,µg/m³,NOx,mongodb,NOx
P1.SJVER.ESTE_1900-01-04T00:00:00_nox,p1.sjver.este,1900-01-04 00:00:00+00:00,33.45963952408333,µg/m³,NOx,mongodb,NOx
P1.SJVER.ESTE_1900-01-05T00:00:00_nox,p1.sjver.este,1900-01-05 00:00:00+00:00,40.71259240420482,µg/m³,NOx,mongodb,NOx
P1.SJVER.ESTE_1900-01-01T00:00:00_nox,p1.sjver.este,1900-01-01 00:00:00+00:00,57.8268480840963,µg/m³,NOx,mongodb,NOx
P1.SJVER.ESTE_1900-01-05T00:00:00_nox,p1.sjver.este,1900-01-05 00:00:00+00:00,28.278333333333332,µg/m³,NOx,mongodb,NOx
P1.SJVER.ESTE_1900-01-01T00:00:00_nox,p1.sjver.este,1900-01-01 00:00:00+00:00,55.74458333333333,µg/m³,NOx,mongodb,NOx
P1.SJVER.ESTE_1900-01-02T00:00:00_nox,p1.sjver.este,1900-01-02 00:00:00+00:00,48.1746555772994,µg/m³,NOx,mongodb,NOx
P1.SJVER.ESTE_1900-01-03T00:00:00_nox,p1.sjver.este,1900-01-03 00:00:00+00:00,34.61423679060665,µg/m³,NOx,mongodb,NOx
P1.SJVER.ESTE_1900-01-04T00:00:00_nox,p1.sjver.este,1900-01-04 00:00:00+00:00,36.40949119373777,µg/m³,NOx,mongodb,NOx
P1.SJVER.ESTE_1900-01-03T00:00:00_nox,p1.sjver.este,1900-01-03 00:00:00+00:00,24.73370943733254,µg/m³,NOx,mongodb,NOx
P1.SJVER.ESTE_1900-01-04T00:00:00_nox,p1.sjver.este,1900-01-04 00:00:00+00:00,28.53370348317952,µg/m³,NOx,mongodb,NOx
P1.SJVER.ESTE_1900-01-05T00:00:00_nox,p1.sjver.este,1900-01-05 00:00:00+00:00,39.87466507889253,µg/m³,NOx,mongodb,NOx
P1.SJVER.ESTE_1900-01-01T00:00:00_nox,p1.sjver.este,1900-01-01 00:00:00+00:00,33.922994938969936,µg/m³,NOx,mongodb,NOx
P1.SJVER.ESTE_1900-01-02T00:00:00_nox,p1.sjver.este,1900-01-02 00:00:00+00:00,37.20267936885978,µg/m³,NOx,mongodb,NOx
P1.SJVER.ESTE_1900-01-05T00:00:00_nox,p1.sjver.este,1900-01-05 00:00:00+00:00,25.42367906066536,µg/m³,NOx,mongodb,NOx
P1.SJVER.ESTE_1900-01-06T00:00:00_nox,p1.sjver.este,1900-01-06 00:00:00+00:00,32.31521601016519,µg/m³,NOx,mongodb,NOx
P1.SJVER.ESTE_1899-12-31T00:00:00_nox,p1.sjver.este,1899-12-31 00:00:00+00:00,32.520411901736544,µg/m³,NOx,mongodb,NOx
P1.SJVER.ESTE_1900-01-06T00:00:00_nox,p1.sjver.este,1900-01-06 00:00:00+00:00,45.6281096963761,µg/m³,NOx,mongodb,NOx
P1.SJVER.ESTE_1899-12-31T00:00:00_nox,p1.sjver.este,1899-12-31 00:00:00+00:00,26.57925726412014,µg/m³,NOx,mongodb,NOx
P1.SJVER.ESTE_1900-01-06T00:00:00_nox,p1.sjver.este,1900-01-06 00:00:00+00:00,39.11035651793526,µg/m³,NOx,mongodb,NOx
P1.SJVER.ESTE_1899-12-31T00:00:00_nox,p1.sjver.este,1899-12-31 00:00:00+00:00,21.37129702537183,µg/m³,NOx,mongodb,NOx
P1.SJVER.ESTE_1900-01-06T00:00:00_nox,p1.sjver.este,1900-01-06 00:00:00+00:00,54.87683519437552,µg/m³,NOx,mongodb,NOx
P1.SJVER.ESTE_1899-12-31T00:00:00_nox,p1.sjver.este,1899-12-31 00:00:00+00:00,40.29497518610422,µg/m³,NOx,mongodb,NOx
P1.SJVER.ESTE_1900-01-06T00:00:00_nox,p1.sjver.este,1900-01-06 00:00:00+00:00,43.4109359052868,µg/m³,NOx,mongodb,NOx
P1.SJVER.ESTE_1899-12-31T00:00:00_nox,p1.sjver.este,1899-12-31 00:00:00+00:00,37.63494156970811,µg/m³,NOx,mongodb,NOx
P1.SJVER.ESTE_1900-01-06T00:00:00_nox,p1.sjver.este,1900-01-06 00:00:00+00:00,36.0615979993218,µg/m³,NOx,mongodb,NOx
P1.SJVER.ESTE_1899-12-31T00:00:00_nox,p1.sjver.este,1899-12-31 00:00:00+00:00,38.1869498134961,µg/m³,NOx,mongodb,NOx
P1.SJVER.ESTE_1900-01-06T00:00:00_nox,p1.sjver.este,1900-01-06 00:00:00+00:00,32.38416666666667,µg/m³,NOx,mongodb,NOx
P1.SJVER.ESTE_1899-12-31T00:00:00_nox,p1.sjver.este,1899-12-31 00:00:00+00:00,27.935833333333335,µg/m³,NOx,mongodb,NOx
P1.SJVER.ESTE_1900-01-06T00:00:00_nox,p1.sjver.este,1900-01-06 00:00:00+00:00,23.742551354569823,µg/m³,NOx,mongodb,NOx
P1.SJVER.ESTE_1899-12-31T00:00:00_nox,p1.sjver.este,1899-12-31 00:00:00+00:00,23.379217028877648,µg/m³,NOx,mongodb,NOx
P1.SJVER.ESTE_1900-01-06T00:00:00_nox,p1.sjver.este,1900-01-06 00:00:00+00:00,51.09541666666666,µg/m³,NOx,mongodb,NOx
P1.SJVER.ESTE_1900-01-06T00:00:00_nox,p1.sjver.este,1900-01-06 00:00:00+00:00,26.106653620352247,µg/m³,NOx,mongodb,NOx
P1.SJVER.ESTE_1899-12-31T00:00:00_nox,p1.sjver.este,1899-12-31 00:00:00+00:00,28.463551859099805,µg/m³,NOx,mongodb,NOx
P1.SJVER.ESTE_1900-01-01T00:00:00_nox,p1.sjver.este,1900-01-01 00:00:00+00:00,33.05433333333333,µg/m³,NOx,mongodb,NOx
P1.GRIJO.ESTE_1900-01-01T00:00:00_nox,p1.grijo.este,1900-01-01 00:00:00+00:00,28.79333333333333,µg/m³,NOx,mongodb,NOx
P1.ASANTAS.ESTE_1900-01-05T00:00:00_nox,p1.asantas.este,1900-01-05 00:00:00+00:00,162.92906250000004,µg/m³,NOx,mongodb,NOx
P1.ASANTAS.ESTE_1900-01-01T00:00:00_nox,p1.asantas.este,1900-01-01 00:00:00+00:00,184.93875,µg/m³,NOx,mongodb,NOx
P1.ASANTAS.ESTE_1900-01-02T00:00:00_nox,p1.asantas.este,1900-01-02 00:00:00+00:00,46.67296875000002,µg/m³,NOx,mongodb,NOx
P1.ASANTAS.ESTE_1900-01-03T00:00:00_nox,p1.asantas.este,1900-01-03 00:00:00+00:00,53.1834375,µg/m³,NOx,mongodb,NOx
P1.ASANTAS.ESTE_1900-01-04T00:00:00_nox,p1.asantas.este,1900-01-04 00:00:00+00:00,64.9771875,µg/m³,NOx,mongodb,NOx
P1.ASANTAS.ESTE_1900-01-01T00:00:00_nox,p1.asantas.este,1900-01-01 00:00:00+00:00,59.52624839275276,µg/m³,NOx,mongodb,NOx
P1.ASANTAS.ESTE_1900-01-02T00:00:00_nox,p1.asantas.este,1900-01-02 00:00:00+00:00,72.44777574030782,µg/m³,NOx,mongodb,NOx
P1.ASANTAS.ESTE_1900-01-03T00:00:00_nox,p1.asantas.este,1900-01-03 00:00:00+00:00,103.35376201803946,µg/m³,NOx,mongodb,NOx
P1.ASANTAS.ESTE_1900-01-04T00:00:00_nox,p1.asantas.este,1900-01-04 00:00:00+00:00,34.2018014562634,µg/m³,NOx,mongodb,NOx
P1.ASANTAS.ESTE_1900-01-05T00:00:00_nox,p1.asantas.este,1900-01-05 00:00:00+00:00,108.21735875706213,µg/m³,NOx,mongodb,NOx
P1.ASANTAS.ESTE_1900-01-02T00:00:00_nox,p1.asantas.este,1900-01-02 00:00:00+00:00,60.09250000000001,µg/m³,NOx,mongodb,NOx
P1.ASANTAS.ESTE_1900-01-03T00:00:00_nox,p1.asantas.este,1900-01-03 00:00:00+00:00,74.85083333333331,µg/m³,NOx,mongodb,NOx
P1.ASANTAS.ESTE_1900-01-04T00:00:00_nox,p1.asantas.este,1900-01-04 00:00:00+00:00,81.22374999999998,µg/m³,NOx,mongodb,NOx
P1.ASANTAS.ESTE_1900-01-05T00:00:00_nox,p1.asantas.este,1900-01-05 00:00:00+00:00,66.29750000000001,µg/m³,NOx,mongodb,NOx
P1.ASANTAS.ESTE_1900-01-01T00:00:00_nox,p1.asantas.este,1900-01-01 00:00:00+00:00,66.17083333333333,µg/m³,NOx,mongodb,NOx
P1.ASANTAS.ESTE_1900-01-05T00:00:00_nox,p1.asantas.este,1900-01-05 00:00:00+00:00,47.55322727272728,µg/m³,NOx,mongodb,NOx
P1.ASANTAS.ESTE_1900-01-01T00:00:00_nox,p1.asantas.este,1900-01-01 00:00:00+00:00,47.66341666666668,µg/m³,NOx,mongodb,NOx
P1.ASANTAS.ESTE_1900-01-02T00:00:00_nox,p1.asantas.este,1900-01-02 00:00:00+00:00,37.63743478260869,µg/m³,NOx,mongodb,NOx
P1.ASANTAS.ESTE_1900-01-03T00:00:00_nox,p1.asantas.este,1900-01-03 00:00:00+00:00,67.8164875,µg/m³,NOx,mongodb,NOx
P1.ASANTAS.ESTE_1900-01-04T00:00:00_nox,p1.asantas.este,1900-01-04 00:00:00+00:00,61.853437500000005,µg/m³,NOx,mongodb,NOx
P1.ASANTAS.ESTE_1900-01-05T00:00:00_nox,p1.asantas.este,1900-01-05 00:00:00+00:00,46.96282608695652,µg/m³,NOx,mongodb,NOx
P1.ASANTAS.ESTE_1900-01-04T00:00:00_nox,p1.asantas.este,1900-01-04 00:00:00+00:00,79.10875,µg/m³,NOx,mongodb,NOx
P1.ASANTAS.ESTE_1900-01-05T00:00:00_nox,p1.asantas.este,1900-01-05 00:00:00+00:00,101.7652083333333,µg/m³,NOx,mongodb,NOx
P1.ASANTAS.ESTE_1900-01-01T00:00:00_nox,p1.asantas.este,1900-01-01 00:00:00+00:00,166.75521739130434,µg/m³,NOx,mongodb,NOx
P1.ASANTAS.ESTE_1900-01-02T00:00:00_nox,p1.asantas.este,1900-01-02 00:00:00+00:00,116.80064583333332,µg/m³,NOx,mongodb,NOx
P1.ASANTAS.ESTE_1900-01-03T00:00:00_nox,p1.asantas.este,1900-01-03 00:00:00+00:00,226.82427083333332,µg/m³,NOx,mongodb,NOx
P1.ASANTAS.ESTE_1900-01-04T00:00:00_nox,p1.asantas.este,1900-01-04 00:00:00+00:00,234.71666666666667,µg/m³,NOx,mongodb,NOx
P1.ASANTAS.ESTE_1900-01-05T00:00:00_nox,p1.asantas.este,1900-01-05 00:00:00+00:00,157.10291666666663,µg/m³,NOx,mongodb,NOx
P1.ASANTAS.ESTE_1900-01-02T00:00:00_nox,p1.asantas.este,1900-01-02 00:00:00+00:00,82.85109375,µg/m³,NOx,mongodb,NOx
P1.ASANTAS.ESTE_1900-01-03T00:00:00_nox,p1.asantas.este,1900-01-03 00:00:00+00:00,38.43328125,µg/m³,NOx,mongodb,NOx
P1.ASANTAS.ESTE_1900-01-04T00:00:00_nox,p1.asantas.este,1900-01-04 00:00:00+00:00,104.95640625,µg/m³,NOx,mongodb,NOx
P1.ASANTAS.ESTE_1900-01-05T00:00:00_nox,p1.asantas.este,1900-01-05 00:00:00+00:00,68.80218749999999,µg/m³,NOx,mongodb,NOx
P1.ASANTAS.ESTE_1900-01-01T00:00:00_nox,p1.asantas.este,1900-01-01 00:00:00+00:00,100.82333333333332,µg/m³,NOx,mongodb,NOx
P1.ASANTAS.ESTE_1900-01-01T00:00:00_nox,p1.asantas.este,1900-01-01 00:00:00+00:00,70.17041666666665,µg/m³,NOx,mongodb,NOx
P1.ASANTAS.ESTE_1900-01-02T00:00:00_nox,p1.asantas.este,1900-01-02 00:00:00+00:00,86.47583333333334,µg/m³,NOx,mongodb,NOx
P1.ASANTAS.ESTE_1900-01-03T00:00:00_nox,p1.asantas.este,1900-01-03 00:00:00+00:00,94.55217391304349,µg/m³,NOx,mongodb,NOx
P1.ASANTAS.ESTE_1900-01-04T00:00:00_nox,p1.asantas.este,1900-01-04 00:00:00+00:00,52.076249999999995,µg/m³,NOx,mongodb,NOx
P1.ASANTAS.ESTE_1900-01-05T00:00:00_nox,p1.asantas.este,1900-01-05 00:00:00+00:00,23.29307291666667,µg/m³,NOx,mongodb,NOx
P1.ASANTAS.ESTE_1900-01-06T00:00:00_nox,p1.asantas.este,1900-01-06 00:00:00+00:00,136.22578125,µg/m³,NOx,mongodb,NOx
P1.ASANTAS.ESTE_1899-12-31T00:00:00_nox,p1.asantas.este,1899-12-31 00:00:00+00:00,139.2778125,µg/m³,NOx,mongodb,NOx
P1.ASANTAS.ESTE_1900-01-06T00:00:00_nox,p1.asantas.este,1900-01-06 00:00:00+00:00,41.279501412429376,µg/m³,NOx,mongodb,NOx
P1.ASANTAS.ESTE_1899-12-31T00:00:00_nox,p1.asantas.este,1899-12-31 00:00:00+00:00,40.477510909799335,µg/m³,NOx,mongodb,NOx
P1.ASANTAS.ESTE_1900-01-06T00:00:00_nox,p1.asantas.este,1900-01-06 00:00:00+00:00,42.11556090492889,µg/m³,NOx,mongodb,NOx
P1.ASANTAS.ESTE_1899-12-31T00:00:00_nox,p1.asantas.este,1899-12-31 00:00:00+00:00,35.234507135203586,µg/m³,NOx,mongodb,NOx
P1.ASANTAS.ESTE_1900-01-06T00:00:00_nox,p1.asantas.este,1900-01-06 00:00:00+00:00,71.32666666666667,µg/m³,NOx,mongodb,NOx
P1.ASANTAS.ESTE_1899-12-31T00:00:00_nox,p1.asantas.este,1899-12-31 00:00:00+00:00,69.82666666666665,µg/m³,NOx,mongodb,NOx
P1.ASANTAS.ESTE_1900-01-06T00:00:00_nox,p1.asantas.este,1900-01-06 00:00:00+00:00,31.462434782608693,µg/m³,NOx,mongodb,NOx
P1.ASANTAS.ESTE_1899-12-31T00:00:00_nox,p1.asantas.este,1899-12-31 00:00:00+00:00,41.158458333333336,µg/m³,NOx,mongodb,NOx
P1.ASANTAS.ESTE_1900-01-06T00:00:00_nox,p1.asantas.este,1900-01-06 00:00:00+00:00,38.18677272727273,µg/m³,NOx,mongodb,NOx
P1.ASANTAS.ESTE_1899-12-31T00:00:00_nox,p1.asantas.este,1899-12-31 00:00:00+00:00,38.77490909090909,µg/m³,NOx,mongodb,NOx
P1.ASANTAS.ESTE_1900-01-06T00:00:00_nox,p1.asantas.este,1900-01-06 00:00:00+00:00,56.62166666666667,µg/m³,NOx,mongodb,NOx
P1.ASANTAS.ESTE_1899-12-31T00:00:00_nox,p1.asantas.este,1899-12-31 00:00:00+00:00,47.592854166666676,µg/m³,NOx,mongodb,NOx
P1.ASANTAS.ESTE_1900-01-06T00:00:00_nox,p1.asantas.este,1900-01-06 00:00:00+00:00,81.59791666666668,µg/m³,NOx,mongodb,NOx
P1.ASANTAS.ESTE_1899-12-31T00:00:00_nox,p1.asantas.este,1899-12-31 00:00:00+00:00,162.675,µg/m³,NOx,mongodb,NOx
P1.ASANTAS.ESTE_1900-01-06T00:00:00_nox,p1.asantas.este,1900-01-06 00:00:00+00:00,24.24890625,µg/m³,NOx,mongodb,NOx
P1.ASANTAS.ESTE_1899-12-31T00:00:00_nox,p1.asantas.este,1899-12-31 00:00:00+00:00,37.29940217391305,µg/m³,NOx,mongodb,NOx
P1.ASANTAS.ESTE_1900-01-06T00:00:00_nox,p1.asantas.este,1900-01-06 00:00:00+00:00,15.675400000000002,µg/m³,NOx,mongodb,NOx
P1.ASANTAS.ESTE_1899-12-31T00:00:00_nox,p1.asantas.este,1899-12-31 00:00:00+00:00,82.36285833333334,µg/m³,NOx,mongodb,NOx
CTSa-gr03,empresa de electricidade dos açores s.a. - central termoeléctrica do pico - grupo 03,1899-12-30 12:00:00+00:00,2334.943873007246,mg/Nm³,NOx,mongodb,NOx
CTB-gr05,grupo 5,1899-12-30 12:00:00+00:00,2606.7229904317023,mg/Nm³,NOx,mongodb,NOx
CTSb-gr07,grupo 7,1899-12-30 12:00:00+00:00,2189.3630663768827,mg/Nm³,NOx,mongodb,NOx
CCB-xs13,"coficab portugal - companhia de fios e cabos, lda. - 10549 - extrusora 1",2107-10-18 12:00:00+00:00,0.8623636728937665,mg/Nm³,NOx,mongodb,NOx
P1.OVAR.ESTE_1900-01-03T00:00:00_co,p1.ovar.este,1900-01-03 00:00:00+00:00,0.2673820646341464,mg/m³,CO,mongodb,CO
P1.OVAR.ESTE_1900-01-04T00:00:00_co,p1.ovar.este,1900-01-04 00:00:00+00:00,0.3277539548780488,mg/m³,CO,mongodb,CO
P1.OVAR.ESTE_1900-01-05T00:00:00_co,p1.ovar.este,1900-01-05 00:00:00+00:00,0.2845112414634147,mg/m³,CO,mongodb,CO
P1.OVAR.ESTE_1900-01-01T00:00:00_co,p1.ovar.este,1900-01-01 00:00:00+00:00,0.24767160731707324,mg/m³,CO,mongodb,CO
P1.OVAR.ESTE_1900-01-02T00:00:00_co,p1.ovar.este,1900-01-02 00:00:00+00:00,0.19113404634146344,mg/m³,CO,mongodb,CO
P1.OVAR.ESTE_1900-01-05T00:00:00_co,p1.ovar.este,1900-01-05 00:00:00+00:00,0.24244822780373834,mg/m³,CO,mongodb,CO
P1.OVAR.ESTE_1900-01-01T00:00:00_co,p1.ovar.este,1900-01-01 00:00:00+00:00,0.30813140537383177,mg/m³,CO,mongodb,CO
P1.OVAR.ESTE_1900-01-02T00:00:00_co,p1.ovar.este,1900-01-02 00:00:00+00:00,0.21528429672897198,mg/m³,CO,mongodb,CO
P1.OVAR.ESTE_1900-01-03T00:00:00_co,p1.ovar.este,1900-01-03 00:00:00+00:00,0.22849466224457468,mg/m³,CO,mongodb,CO
P1.OVAR.ESTE_1900-01-04T00:00:00_co,p1.ovar.este,1900-01-04 00:00:00+00:00,0.26194191939252337,mg/m³,CO,mongodb,CO
P1.OVAR.ESTE_1900-01-04T00:00:00_co,p1.ovar.este,1900-01-04 00:00:00+00:00,0.22911894087403603,mg/m³,CO,mongodb,CO
P1.OVAR.ESTE_1900-01-05T00:00:00_co,p1.ovar.este,1900-01-05 00:00:00+00:00,0.21885274550128533,mg/m³,CO,mongodb,CO
P1.OVAR.ESTE_1900-01-01T00:00:00_co,p1.ovar.este,1900-01-01 00:00:00+00:00,0.21615852956298204,mg/m³,CO,mongodb,CO
P1.OVAR.ESTE_1900-01-02T00:00:00_co,p1.ovar.este,1900-01-02 00:00:00+00:00,0.1943934910025707,mg/m³,CO,mongodb,CO
P1.OVAR.ESTE_1900-01-03T00:00:00_co,p1.ovar.este,1900-01-03 00:00:00+00:00,0.1900616143958869,mg/m³,CO,mongodb,CO
P1.OVAR.ESTE_1900-01-03T00:00:00_co,p1.ovar.este,1900-01-03 00:00:00+00:00,0.20310866413181242,mg/m³,CO,mongodb,CO
P1.OVAR.ESTE_1900-01-04T00:00:00_co,p1.ovar.este,1900-01-04 00:00:00+00:00,0.21766382889733837,mg/m³,CO,mongodb,CO
P1.OVAR.ESTE_1900-01-05T00:00:00_co,p1.ovar.este,1900-01-05 00:00:00+00:00,0.23855242205323196,mg/m³,CO,mongodb,CO
P1.OVAR.ESTE_1900-01-01T00:00:00_co,p1.ovar.este,1900-01-01 00:00:00+00:00,0.21039709885931562,mg/m³,CO,mongodb,CO
P1.OVAR.ESTE_1900-01-02T00:00:00_co,p1.ovar.este,1900-01-02 00:00:00+00:00,0.2664342661596958,mg/m³,CO,mongodb,CO
P1.OVAR.ESTE_1900-01-06T00:00:00_co,p1.ovar.este,1900-01-06 00:00:00+00:00,0.23520377195121955,mg/m³,CO,mongodb,CO
P1.OVAR.ESTE_1899-12-31T00:00:00_co,p1.ovar.este,1899-12-31 00:00:00+00:00,0.3514115158536586,mg/m³,CO,mongodb,CO
P1.OVAR.ESTE_1900-01-06T00:00:00_co,p1.ovar.este,1900-01-06 00:00:00+00:00,0.3053826028037383,mg/m³,CO,mongodb,CO
P1.OVAR.ESTE_1899-12-31T00:00:00_co,p1.ovar.este,1899-12-31 00:00:00+00:00,0.3673326904205607,mg/m³,CO,mongodb,CO
P1.OVAR.ESTE_1900-01-06T00:00:00_co,p1.ovar.este,1900-01-06 00:00:00+00:00,0.21121913367609257,mg/m³,CO,mongodb,CO
P1.OVAR.ESTE_1899-12-31T00:00:00_co,p1.ovar.este,1899-12-31 00:00:00+00:00,0.20060075321336765,mg/m³,CO,mongodb,CO
P1.OVAR.ESTE_1900-01-06T00:00:00_co,p1.ovar.este,1900-01-06 00:00:00+00:00,0.2697290380228137,mg/m³,CO,mongodb,CO
P1.OVAR.ESTE_1899-12-31T00:00:00_co,p1.ovar.este,1899-12-31 00:00:00+00:00,0.32702941825095055,mg/m³,CO,mongodb,CO
P1.OVAR.ESTE_1900-01-01T00:00:00_co,p1.ovar.este,1900-01-01 00:00:00+00:00,0.13333333333333336,mg/m³,CO,mongodb,CO
P1.PQ.NAÇOES_1900-01-01T00:00:00_co,p1.pq.naçoes,1900-01-01 00:00:00+00:00,0.6159333333333333,mg/m³,CO,mongodb,CO
P1.SJVER.ESTE_1900-01-03T00:00:00_co,p1.sjver.este,1900-01-03 00:00:00+00:00,0.25141674730538927,mg/m³,CO,mongodb,CO
P1.SJVER.ESTE_1900-01-04T00:00:00_co,p1.sjver.este,1900-01-04 00:00:00+00:00,0.25935635808383234,mg/m³,CO,mongodb,CO
P1.SJVER.ESTE_1900-01-05T00:00:00_co,p1.sjver.este,1900-01-05 00:00:00+00:00,0.20105060958083837,mg/m³,CO,mongodb,CO
P1.SJVER.ESTE_1900-01-01T00:00:00_co,p1.sjver.este,1900-01-01 00:00:00+00:00,0.1735323610778443,mg/m³,CO,mongodb,CO
P1.SJVER.ESTE_1900-01-02T00:00:00_co,p1.sjver.este,1900-01-02 00:00:00+00:00,0.22066759341317368,mg/m³,CO,mongodb,CO
P1.SJVER.ESTE_1900-01-02T00:00:00_co,p1.sjver.este,1900-01-02 00:00:00+00:00,0.36972282305795323,mg/m³,CO,mongodb,CO
P1.SJVER.ESTE_1900-01-03T00:00:00_co,p1.sjver.este,1900-01-03 00:00:00+00:00,0.39123484525277447,mg/m³,CO,mongodb,CO
P1.SJVER.ESTE_1900-01-04T00:00:00_co,p1.sjver.este,1900-01-04 00:00:00+00:00,0.3552971140567202,mg/m³,CO,mongodb,CO
P1.SJVER.ESTE_1900-01-05T00:00:00_co,p1.sjver.este,1900-01-05 00:00:00+00:00,0.3775557299630087,mg/m³,CO,mongodb,CO
P1.SJVER.ESTE_1900-01-01T00:00:00_co,p1.sjver.este,1900-01-01 00:00:00+00:00,0.24962246855733666,mg/m³,CO,mongodb,CO
P1.SJVER.ESTE_1900-01-05T00:00:00_co,p1.sjver.este,1900-01-05 00:00:00+00:00,0.196863342039801,mg/m³,CO,mongodb,CO
P1.SJVER.ESTE_1900-01-01T00:00:00_co,p1.sjver.este,1900-01-01 00:00:00+00:00,0.1836395236318408,mg/m³,CO,mongodb,CO
P1.SJVER.ESTE_1900-01-02T00:00:00_co,p1.sjver.este,1900-01-02 00:00:00+00:00,0.17087522014925374,mg/m³,CO,mongodb,CO
P1.SJVER.ESTE_1900-01-03T00:00:00_co,p1.sjver.este,1900-01-03 00:00:00+00:00,0.21363563681592038,mg/m³,CO,mongodb,CO
P1.SJVER.ESTE_1900-01-04T00:00:00_co,p1.sjver.este,1900-01-04 00:00:00+00:00,0.1875964577114428,mg/m³,CO,mongodb,CO
P1.SJVER.ESTE_1900-01-03T00:00:00_co,p1.sjver.este,1900-01-03 00:00:00+00:00,0.29033367200986443,mg/m³,CO,mongodb,CO
P1.SJVER.ESTE_1900-01-04T00:00:00_co,p1.sjver.este,1900-01-04 00:00:00+00:00,0.2711207074158887,mg/m³,CO,mongodb,CO
P1.SJVER.ESTE_1900-01-05T00:00:00_co,p1.sjver.este,1900-01-05 00:00:00+00:00,0.2437817607891492,mg/m³,CO,mongodb,CO
P1.SJVER.ESTE_1900-01-01T00:00:00_co,p1.sjver.este,1900-01-01 00:00:00+00:00,0.21441431319358817,mg/m³,CO,mongodb,CO
P1.SJVER.ESTE_1900-01-02T00:00:00_co,p1.sjver.este,1900-01-02 00:00:00+00:00,0.23776992355117144,mg/m³,CO,mongodb,CO
P1.SJVER.ESTE_1900-01-01T00:00:00_co,p1.sjver.este,1900-01-01 00:00:00+00:00,0.6377859075000001,mg/m³,CO,mongodb,CO
P1.SJVER.ESTE_1900-01-02T00:00:00_co,p1.sjver.este,1900-01-02 00:00:00+00:00,0.8400381575,mg/m³,CO,mongodb,CO
P1.SJVER.ESTE_1900-01-03T00:00:00_co,p1.sjver.este,1900-01-03 00:00:00+00:00,0.8313195012499999,mg/m³,CO,mongodb,CO
P1.SJVER.ESTE_1900-01-04T00:00:00_co,p1.sjver.este,1900-01-04 00:00:00+00:00,0.42246853250000005,mg/m³,CO,mongodb,CO
P1.SJVER.ESTE_1900-01-05T00:00:00_co,p1.sjver.este,1900-01-05 00:00:00+00:00,0.43105859499999993,mg/m³,CO,mongodb,CO
P1.SJVER.ESTE_1900-01-02T00:00:00_co,p1.sjver.este,1900-01-02 00:00:00+00:00,0.24408233229036294,mg/m³,CO,mongodb,CO
P1.SJVER.ESTE_1900-01-03T00:00:00_co,p1.sjver.este,1900-01-03 00:00:00+00:00,0.2818460838548185,mg/m³,CO,mongodb,CO
P1.SJVER.ESTE_1900-01-04T00:00:00_co,p1.sjver.este,1900-01-04 00:00:00+00:00,0.2092799386733417,mg/m³,CO,mongodb,CO
P1.SJVER.ESTE_1900-01-05T00:00:00_co,p1.sjver.este,1900-01-05 00:00:00+00:00,0.2588247446808511,mg/m³,CO,mongodb,CO
P1.SJVER.ESTE_1900-01-01T00:00:00_co,p1.sjver.este,1900-01-01 00:00:00+00:00,0.33587155319148937,mg/m³,CO,mongodb,CO
P1.SJVER.ESTE_1900-01-05T00:00:00_co,p1.sjver.este,1900-01-05 00:00:00+00:00,0.2475,mg/m³,CO,mongodb,CO
P1.SJVER.ESTE_1900-01-01T00:00:00_co,p1.sjver.este,1900-01-01 00:00:00+00:00,0.345,mg/m³,CO,mongodb,CO
P1.SJVER.ESTE_1900-01-02T00:00:00_co,p1.sjver.este,1900-01-02 00:00:00+00:00,0.405,mg/m³,CO,mongodb,CO
P1.SJVER.ESTE_1900-01-03T00:00:00_co,p1.sjver.este,1900-01-03 00:00:00+00:00,0.40124999999999994,mg/m³,CO,mongodb,CO
P1.SJVER.ESTE_1900-01-04T00:00:00_co,p1.sjver.este,1900-01-04 00:00:00+00:00,0.68625,mg/m³,CO,mongodb,CO
P1.SJVER.ESTE_1900-01-03T00:00:00_co,p1.sjver.este,1900-01-03 00:00:00+00:00,0.4703642542955325,mg/m³,CO,mongodb,CO
P1.SJVER.ESTE_1900-01-04T00:00:00_co,p1.sjver.este,1900-01-04 00:00:00+00:00,0.47066654524627716,mg/m³,CO,mongodb,CO
P1.SJVER.ESTE_1900-01-05T00:00:00_co,p1.sjver.este,1900-01-05 00:00:00+00:00,0.37263126460481094,mg/m³,CO,mongodb,CO
P1.SJVER.ESTE_1900-01-01T00:00:00_co,p1.sjver.este,1900-01-01 00:00:00+00:00,0.4811885956471935,mg/m³,CO,mongodb,CO
P1.SJVER.ESTE_1900-01-02T00:00:00_co,p1.sjver.este,1900-01-02 00:00:00+00:00,0.43456602978235964,mg/m³,CO,mongodb,CO
P1.SJVER.ESTE_1900-01-05T00:00:00_co,p1.sjver.este,1900-01-05 00:00:00+00:00,0.48499999999999993,mg/m³,CO,mongodb,CO
P1.SJVER.ESTE_1900-01-06T00:00:00_co,p1.sjver.este,1900-01-06 00:00:00+00:00,0.1984450407185629,mg/m³,CO,mongodb,CO
P1.SJVER.ESTE_1899-12-31T00:00:00_co,p1.sjver.este,1899-12-31 00:00:00+00:00,0.17150444191616765,mg/m³,CO,mongodb,CO
P1.SJVER.ESTE_1900-01-06T00:00:00_co,p1.sjver.este,1900-01-06 00:00:00+00:00,0.44536921639950683,mg/m³,CO,mongodb,CO
P1.SJVER.ESTE_1899-12-31T00:00:00_co,p1.sjver.este,1899-12-31 00:00:00+00:00,0.27809426263871767,mg/m³,CO,mongodb,CO
P1.SJVER.ESTE_1900-01-06T00:00:00_co,p1.sjver.este,1900-01-06 00:00:00+00:00,0.2145674309701493,mg/m³,CO,mongodb,CO
P1.SJVER.ESTE_1899-12-31T00:00:00_co,p1.sjver.este,1899-12-31 00:00:00+00:00,0.21592044713930347,mg/m³,CO,mongodb,CO
P1.SJVER.ESTE_1900-01-06T00:00:00_co,p1.sjver.este,1900-01-06 00:00:00+00:00,0.2624335487053021,mg/m³,CO,mongodb,CO
P1.SJVER.ESTE_1899-12-31T00:00:00_co,p1.sjver.este,1899-12-31 00:00:00+00:00,0.29231665598027123,mg/m³,CO,mongodb,CO
P1.SJVER.ESTE_1900-01-06T00:00:00_co,p1.sjver.este,1900-01-06 00:00:00+00:00,0.30602689187500004,mg/m³,CO,mongodb,CO
P1.SJVER.ESTE_1899-12-31T00:00:00_co,p1.sjver.este,1899-12-31 00:00:00+00:00,0.22139934500000003,mg/m³,CO,mongodb,CO
P1.SJVER.ESTE_1900-01-06T00:00:00_co,p1.sjver.este,1900-01-06 00:00:00+00:00,0.2861078642052566,mg/m³,CO,mongodb,CO
P1.SJVER.ESTE_1899-12-31T00:00:00_co,p1.sjver.este,1899-12-31 00:00:00+00:00,0.32545529849812266,mg/m³,CO,mongodb,CO
P1.SJVER.ESTE_1900-01-06T00:00:00_co,p1.sjver.este,1900-01-06 00:00:00+00:00,0.29750000000000004,mg/m³,CO,mongodb,CO
P1.SJVER.ESTE_1899-12-31T00:00:00_co,p1.sjver.este,1899-12-31 00:00:00+00:00,0.29750000000000004,mg/m³,CO,mongodb,CO
P1.SJVER.ESTE_1900-01-06T00:00:00_co,p1.sjver.este,1900-01-06 00:00:00+00:00,0.5833978167239403,mg/m³,CO,mongodb,CO
P1.SJVER.ESTE_1899-12-31T00:00:00_co,p1.sjver.este,1899-12-31 00:00:00+00:00,0.6075345864833905,mg/m³,CO,mongodb,CO
P1.SJVER.ESTE_1900-01-06T00:00:00_co,p1.sjver.este,1900-01-06 00:00:00+00:00,0.66875,mg/m³,CO,mongodb,CO
P1.SJVER.ESTE_1900-01-06T00:00:00_co,p1.sjver.este,1900-01-06 00:00:00+00:00,0.375,mg/m³,CO,mongodb,CO
P1.SJVER.ESTE_1899-12-31T00:00:00_co,p1.sjver.este,1899-12-31 00:00:00+00:00,0.3875,mg/m³,CO,mongodb,CO
P1.SJVER.ESTE_1900-01-01T00:00:00_co,p1.sjver.este,1900-01-01 00:00:00+00:00,0.26666666666666666,mg/m³,CO,mongodb,CO
P1.GRIJO.ESTE_1900-01-01T00:00:00_co,p1.grijo.este,1900-01-01 00:00:00+00:00,0.43793333333333334,mg/m³,CO,mongodb,CO
P1.ASANTAS.ESTE_1900-01-05T00:00:00_co,p1.asantas.este,1900-01-05 00:00:00+00:00,0.599666,mg/m³,CO,mongodb,CO
P1.ASANTAS.ESTE_1900-01-01T00:00:00_co,p1.asantas.este,1900-01-01 00:00:00+00:00,0.8951325000000001,mg/m³,CO,mongodb,CO
P1.ASANTAS.ESTE_1900-01-02T00:00:00_co,p1.asantas.este,1900-01-02 00:00:00+00:00,1.0872585,mg/m³,CO,mongodb,CO
P1.ASANTAS.ESTE_1900-01-03T00:00:00_co,p1.asantas.este,1900-01-03 00:00:00+00:00,0.3624195000000001,mg/m³,CO,mongodb,CO
P1.ASANTAS.ESTE_1900-01-04T00:00:00_co,p1.asantas.este,1900-01-04 00:00:00+00:00,0.2809115,mg/m³,CO,mongodb,CO
P1.ASANTAS.ESTE_1900-01-01T00:00:00_co,p1.asantas.este,1900-01-01 00:00:00+00:00,0.26001425578611337,mg/m³,CO,mongodb,CO
P1.ASANTAS.ESTE_1900-01-02T00:00:00_co,p1.asantas.este,1900-01-02 00:00:00+00:00,0.3145451444206212,mg/m³,CO,mongodb,CO
P1.ASANTAS.ESTE_1900-01-03T00:00:00_co,p1.asantas.este,1900-01-03 00:00:00+00:00,0.3878599495933096,mg/m³,CO,mongodb,CO
P1.ASANTAS.ESTE_1900-01-04T00:00:00_co,p1.asantas.este,1900-01-04 00:00:00+00:00,0.40218809229551045,mg/m³,CO,mongodb,CO
P1.ASANTAS.ESTE_1900-01-05T00:00:00_co,p1.asantas.este,1900-01-05 00:00:00+00:00,0.5033147970341992,mg/m³,CO,mongodb,CO
P1.ASANTAS.ESTE_1900-01-02T00:00:00_co,p1.asantas.este,1900-01-02 00:00:00+00:00,0.3071105,mg/m³,CO,mongodb,CO
P1.ASANTAS.ESTE_1900-01-03T00:00:00_co,p1.asantas.este,1900-01-03 00:00:00+00:00,0.343498,mg/m³,CO,mongodb,CO
P1.ASANTAS.ESTE_1900-01-04T00:00:00_co,p1.asantas.este,1900-01-04 00:00:00+00:00,0.206681,mg/m³,CO,mongodb,CO
P1.ASANTAS.ESTE_1900-01-05T00:00:00_co,p1.asantas.este,1900-01-05 00:00:00+00:00,0.22414700000000004,mg/m³,CO,mongodb,CO
P1.ASANTAS.ESTE_1900-01-01T00:00:00_co,p1.asantas.este,1900-01-01 00:00:00+00:00,0.098974,mg/m³,CO,mongodb,CO
P1.ASANTAS.ESTE_1900-01-02T00:00:00_co,p1.asantas.este,1900-01-02 00:00:00+00:00,1.0751325,mg/m³,CO,mongodb,CO
P1.ASANTAS.ESTE_1900-01-03T00:00:00_co,p1.asantas.este,1900-01-03 00:00:00+00:00,0.9225450000000001,mg/m³,CO,mongodb,CO
P1.ASANTAS.ESTE_1900-01-04T00:00:00_co,p1.asantas.este,1900-01-04 00:00:00+00:00,0.991495,mg/m³,CO,mongodb,CO
P1.ASANTAS.ESTE_1900-01-05T00:00:00_co,p1.asantas.este,1900-01-05 00:00:00+00:00,1.0048075,mg/m³,CO,mongodb,CO
P1.ASANTAS.ESTE_1900-01-01T00:00:00_co,p1.asantas.este,1900-01-01 00:00:00+00:00,0.9469950000000001,mg/m³,CO,mongodb,CO
P1.ASANTAS.ESTE_1900-01-05T00:00:00_co,p1.asantas.este,1900-01-05 00:00:00+00:00,0.23211428571428572,mg/m³,CO,mongodb,CO
P1.ASANTAS.ESTE_1900-01-01T00:00:00_co,p1.asantas.este,1900-01-01 00:00:00+00:00,0.2502375,mg/m³,CO,mongodb,CO
P1.ASANTAS.ESTE_1900-01-02T00:00:00_co,p1.asantas.este,1900-01-02 00:00:00+00:00,0.2630857142857143,mg/m³,CO,mongodb,CO
P1.ASANTAS.ESTE_1900-01-04T00:00:00_co,p1.asantas.este,1900-01-04 00:00:00+00:00,0.3768,mg/m³,CO,mongodb,CO
P1.ASANTAS.ESTE_1900-01-05T00:00:00_co,p1.asantas.este,1900-01-05 00:00:00+00:00,0.3498625,mg/m³,CO,mongodb,CO
P1.ASANTAS.ESTE_1900-01-01T00:00:00_co,p1.asantas.este,1900-01-01 00:00:00+00:00,0.4303285714285714,mg/m³,CO,mongodb,CO
P1.ASANTAS.ESTE_1900-01-02T00:00:00_co,p1.asantas.este,1900-01-02 00:00:00+00:00,0.3978875,mg/m³,CO,mongodb,CO
P1.ASANTAS.ESTE_1900-01-03T00:00:00_co,p1.asantas.este,1900-01-03 00:00:00+00:00,0.48357500000000003,mg/m³,CO,mongodb,CO
P1.ASANTAS.ESTE_1900-01-04T00:00:00_co,p1.asantas.este,1900-01-04 00:00:00+00:00,0.5097875000000001,mg/m³,CO,mongodb,CO
P1.ASANTAS.ESTE_1900-01-05T00:00:00_co,p1.asantas.este,1900-01-05 00:00:00+00:00,0.49221249999999994,mg/m³,CO,mongodb,CO
P1.ASANTAS.ESTE_1900-01-02T00:00:00_co,p1.asantas.este,1900-01-02 00:00:00+00:00,0.5919033333333333,mg/m³,CO,mongodb,CO
P1.ASANTAS.ESTE_1900-01-03T00:00:00_co,p1.asantas.este,1900-01-03 00:00:00+00:00,0.33039850000000004,mg/m³,CO,mongodb,CO
P1.ASANTAS.ESTE_1900-01-04T00:00:00_co,p1.asantas.este,1900-01-04 00:00:00+00:00,0.637509,mg/m³,CO,mongodb,CO
P1.ASANTAS.ESTE_1900-01-05T00:00:00_co,p1.asantas.este,1900-01-05 00:00:00+00:00,0.6535195,mg/m³,CO,mongodb,CO
P1.ASANTAS.ESTE_1900-01-01T00:00:00_co,p1.asantas.este,1900-01-01 00:00:00+00:00,0.4439275,mg/m³,CO,mongodb,CO
P1.ASANTAS.ESTE_1900-01-01T00:00:00_co,p1.asantas.este,1900-01-01 00:00:00+00:00,0.8549875000000001,mg/m³,CO,mongodb,CO
P1.ASANTAS.ESTE_1900-01-02T00:00:00_co,p1.asantas.este,1900-01-02 00:00:00+00:00,0.5045124999999999,mg/m³,CO,mongodb,CO
P1.ASANTAS.ESTE_1900-01-03T00:00:00_co,p1.asantas.este,1900-01-03 00:00:00+00:00,0.5292375,mg/m³,CO,mongodb,CO
P1.ASANTAS.ESTE_1900-01-04T00:00:00_co,p1.asantas.este,1900-01-04 00:00:00+00:00,0.29860000000000003,mg/m³,CO,mongodb,CO
P1.ASANTAS.ESTE_1900-01-05T00:00:00_co,p1.asantas.este,1900-01-05 00:00:00+00:00,0.339075,mg/m³,CO,mongodb,CO
P1.ASANTAS.ESTE_1900-01-06T00:00:00_co,p1.asantas.este,1900-01-06 00:00:00+00:00,0.6942735,mg/m³,CO,mongodb,CO
P1.ASANTAS.ESTE_1899-12-31T00:00:00_co,p1.asantas.este,1899-12-31 00:00:00+00:00,0.9140540000000001,mg/m³,CO,mongodb,CO
P1.ASANTAS.ESTE_1900-01-06T00:00:00_co,p1.asantas.este,1900-01-06 00:00:00+00:00,0.3460723224325338,mg/m³,CO,mongodb,CO
P1.ASANTAS.ESTE_1899-12-31T00:00:00_co,p1.asantas.este,1899-12-31 00:00:00+00:00,0.428400304775135,mg/m³,CO,mongodb,CO
P1.ASANTAS.ESTE_1900-01-06T00:00:00_co,p1.asantas.este,1900-01-06 00:00:00+00:00,0.359241638410993,mg/m³,CO,mongodb,CO
P1.ASANTAS.ESTE_1899-12-31T00:00:00_co,p1.asantas.este,1899-12-31 00:00:00+00:00,0.266279956895569,mg/m³,CO,mongodb,CO
P1.ASANTAS.ESTE_1900-01-06T00:00:00_co,p1.asantas.este,1900-01-06 00:00:00+00:00,0.25907900000000006,mg/m³,CO,mongodb,CO
P1.ASANTAS.ESTE_1899-12-31T00:00:00_co,p1.asantas.este,1899-12-31 00:00:00+00:00,0.218325,mg/m³,CO,mongodb,CO
P1.ASANTAS.ESTE_1900-01-06T00:00:00_co,p1.asantas.este,1900-01-06 00:00:00+00:00,0.9752075000000002,mg/m³,CO,mongodb,CO
P1.ASANTAS.ESTE_1899-12-31T00:00:00_co,p1.asantas.este,1899-12-31 00:00:00+00:00,0.9520075000000001,mg/m³,CO,mongodb,CO
P1.ASANTAS.ESTE_1900-01-06T00:00:00_co,p1.asantas.este,1900-01-06 00:00:00+00:00,0.23778571428571427,mg/m³,CO,mongodb,CO
P1.ASANTAS.ESTE_1899-12-31T00:00:00_co,p1.asantas.este,1899-12-31 00:00:00+00:00,0.28645000000000004,mg/m³,CO,mongodb,CO
P1.ASANTAS.ESTE_1900-01-06T00:00:00_co,p1.asantas.este,1900-01-06 00:00:00+00:00,0.29622857142857145,mg/m³,CO,mongodb,CO
P1.ASANTAS.ESTE_1899-12-31T00:00:00_co,p1.asantas.este,1899-12-31 00:00:00+00:00,0.34794285714285716,mg/m³,CO,mongodb,CO
P1.ASANTAS.ESTE_1900-01-06T00:00:00_co,p1.asantas.este,1900-01-06 00:00:00+00:00,0.2682375,mg/m³,CO,mongodb,CO
P1.ASANTAS.ESTE_1899-12-31T00:00:00_co,p1.asantas.este,1899-12-31 00:00:00+00:00,0.30722499999999997,mg/m³,CO,mongodb,CO
P1.ASANTAS.ESTE_1900-01-06T00:00:00_co,p1.asantas.este,1900-01-06 00:00:00+00:00,0.36532499999999996,mg/m³,CO,mongodb,CO
P1.ASANTAS.ESTE_1899-12-31T00:00:00_co,p1.asantas.este,1899-12-31 00:00:00+00:00,0.3975375,mg/m³,CO,mongodb,CO
P1.ASANTAS.ESTE_1900-01-06T00:00:00_co,p1.asantas.este,1900-01-06 00:00:00+00:00,0.36241950000000006,mg/m³,CO,mongodb,CO
P1.ASANTAS.ESTE_1899-12-31T00:00:00_co,p1.asantas.este,1899-12-31 00:00:00+00:00,0.40754,mg/m³,CO,mongodb,CO
P1.ASANTAS.ESTE_1900-01-06T00:00:00_co,p1.asantas.este,1900-01-06 00:00:00+00:00,0.176025,mg/m³,CO,mongodb,CO
P1.ASANTAS.ESTE_1899-12-31T00:00:00_co,p1.asantas.este,1899-12-31 00:00:00+00:00,0.7226625,mg/m³,CO,mongodb,CO
P1.OVAR.ESTE_1900-01-03T00:00:00_co,p1.ovar.este,1900-01-03 00:00:00+00:00,0.2673820646341464,mg/m³,CO,mongodb,CO
P1.OVAR.ESTE_1900-01-04T00:00:00_co,p1.ovar.este,1900-01-04 00:00:00+00:00,0.3277539548780488,mg/m³,CO,mongodb,CO
P1.OVAR.ESTE_1900-01-05T00:00:00_co,p1.ovar.este,1900-01-05 00:00:00+00:00,0.2845112414634147,mg/m³,CO,mongodb,CO
P1.OVAR.ESTE_1900-01-01T00:00:00_co,p1.ovar.este,1900-01-01 00:00:00+00:00,0.24767160731707324,mg/m³,CO,mongodb,CO
P1.OVAR.ESTE_1900-01-02T00:00:00_co,p1.ovar.este,1900-01-02 00:00:00+00:00,0.19113404634146344,mg/m³,CO,mongodb,CO
P1.OVAR.ESTE_1900-01-05T00:00:00_co,p1.ovar.este,1900-01-05 00:00:00+00:00,0.24244822780373834,mg/m³,CO,mongodb,CO
P1.OVAR.ESTE_1900-01-01T00:00:00_co,p1.ovar.este,1900-01-01 00:00:00+00:00,0.30813140537383177,mg/m³,CO,mongodb,CO
P1.OVAR.ESTE_1900-01-02T00:00:00_co,p1.ovar.este,1900-01-02 00:00:00+00:00,0.21528429672897198,mg/m³,CO,mongodb,CO
P1.OVAR.ESTE_1900-01-03T00:00:00_co,p1.ovar.este,1900-01-03 00:00:00+00:00,0.22849466224457468,mg/m³,CO,mongodb,CO
P1.OVAR.ESTE_1900-01-04T00:00:00_co,p1.ovar.este,1900-01-04 00:00:00+00:00,0.26194191939252337,mg/m³,CO,mongodb,CO
P1.OVAR.ESTE_1900-01-04T00:00:00_co,p1.ovar.este,1900-01-04 00:00:00+00:00,0.22911894087403603,mg/m³,CO,mongodb,CO
P1.OVAR.ESTE_1900-01-05T00:00:00_co,p1.ovar.este,1900-01-05 00:00:00+00:00,0.21885274550128533,mg/m³,CO,mongodb,CO
P1.OVAR.ESTE_1900-01-01T00:00:00_co,p1.ovar.este,1900-01-01 00:00:00+00:00,0.21615852956298204,mg/m³,CO,mongodb,CO
P1.OVAR.ESTE_1900-01-02T00:00:00_co,p1.ovar.este,1900-01-02 00:00:00+00:00,0.1943934910025707,mg/m³,CO,mongodb,CO
P1.OVAR.ESTE_1900-01-03T00:00:00_co,p1.ovar.este,1900-01-03 00:00:00+00:00,0.1900616143958869,mg/m³,CO,mongodb,CO
P1.OVAR.ESTE_1900-01-03T00:00:00_co,p1.ovar.este,1900-01-03 00:00:00+00:00,0.20310866413181242,mg/m³,CO,mongodb,CO
P1.OVAR.ESTE_1900-01-04T00:00:00_co,p1.ovar.este,1900-01-04 00:00:00+00:00,0.21766382889733837,mg/m³,CO,mongodb,CO
P1.OVAR.ESTE_1900-01-05T00:00:00_co,p1.ovar.este,1900-01-05 00:00:00+00:00,0.23855242205323196,mg/m³,CO,mongodb,CO
P1.OVAR.ESTE_1900-01-01T00:00:00_co,p1.ovar.este,1900-01-01 00:00:00+00:00,0.21039709885931562,mg/m³,CO,mongodb,CO
P1.OVAR.ESTE_1900-01-02T00:00:00_co,p1.ovar.este,1900-01-02 00:00:00+00:00,0.2664342661596958,mg/m³,CO,mongodb,CO
P1.OVAR.ESTE_1900-01-06T00:00:00_co,p1.ovar.este,1900-01-06 00:00:00+00:00,0.23520377195121955,mg/m³,CO,mongodb,CO
P1.OVAR.ESTE_1899-12-31T00:00:00_co,p1.ovar.este,1899-12-31 00:00:00+00:00,0.3514115158536586,mg/m³,CO,mongodb,CO
P1.OVAR.ESTE_1900-01-06T00:00:00_co,p1.ovar.este,1900-01-06 00:00:00+00:00,0.3053826028037383,mg/m³,CO,mongodb,CO
P1.OVAR.ESTE_1899-12-31T00:00:00_co,p1.ovar.este,1899-12-31 00:00:00+00:00,0.3673326904205607,mg/m³,CO,mongodb,CO
P1.OVAR.ESTE_1900-01-06T00:00:00_co,p1.ovar.este,1900-01-06 00:00:00+00:00,0.21121913367609257,mg/m³,CO,mongodb,CO
P1.OVAR.ESTE_1899-12-31T00:00:00_co,p1.ovar.este,1899-12-31 00:00:00+00:00,0.20060075321336765,mg/m³,CO,mongodb,CO
P1.OVAR.ESTE_1900-01-06T00:00:00_co,p1.ovar.este,1900-01-06 00:00:00+00:00,0.2697290380228137,mg/m³,CO,mongodb,CO
P1.OVAR.ESTE_1899-12-31T00:00:00_co,p1.ovar.este,1899-12-31 00:00:00+00:00,0.32702941825095055,mg/m³,CO,mongodb,CO
P1.OVAR.ESTE_1900-01-01T00:00:00_co,p1.ovar.este,1900-01-01 00:00:00+00:00,0.13333333333333336,mg/m³,CO,mongodb,CO
P1.PQ.NAÇOES_1900-01-01T00:00:00_co,p1.pq.naçoes,1900-01-01 00:00:00+00:00,0.6159333333333333,mg/m³,CO,mongodb,CO
P1.SJVER.ESTE_1900-01-03T00:00:00_co,p1.sjver.este,1900-01-03 00:00:00+00:00,0.25141674730538927,mg/m³,CO,mongodb,CO
P1.SJVER.ESTE_1900-01-04T00:00:00_co,p1.sjver.este,1900-01-04 00:00:00+00:00,0.25935635808383234,mg/m³,CO,mongodb,CO
P1.SJVER.ESTE_1900-01-05T00:00:00_co,p1.sjver.este,1900-01-05 00:00:00+00:00,0.20105060958083837,mg/m³,CO,mongodb,CO
P1.SJVER.ESTE_1900-01-01T00:00:00_co,p1.sjver.este,1900-01-01 00:00:00+00:00,0.1735323610778443,mg/m³,CO,mongodb,CO
P1.SJVER.ESTE_1900-01-02T00:00:00_co,p1.sjver.este,1900-01-02 00:00:00+00:00,0.22066759341317368,mg/m³,CO,mongodb,CO
P1.SJVER.ESTE_1900-01-02T00:00:00_co,p1.sjver.este,1900-01-02 00:00:00+00:00,0.36972282305795323,mg/m³,CO,mongodb,CO
P1.SJVER.ESTE_1900-01-03T00:00:00_co,p1.sjver.este,1900-01-03 00:00:00+00:00,0.39123484525277447,mg/m³,CO,mongodb,CO
P1.SJVER.ESTE_1900-01-04T00:00:00_co,p1.sjver.este,1900-01-04 00:00:00+00:00,0.3552971140567202,mg/m³,CO,mongodb,CO
P1.SJVER.ESTE_1900-01-05T00:00:00_co,p1.sjver.este,1900-01-05 00:00:00+00:00,0.3775557299630087,mg/m³,CO,mongodb,CO
P1.SJVER.ESTE_1900-01-01T00:00:00_co,p1.sjver.este,1900-01-01 00:00:00+00:00,0.24962246855733666,mg/m³,CO,mongodb,CO
P1.SJVER.ESTE_1900-01-05T00:00:00_co,p1.sjver.este,1900-01-05 00:00:00+00:00,0.196863342039801,mg/m³,CO,mongodb,CO
P1.SJVER.ESTE_1900-01-01T00:00:00_co,p1.sjver.este,1900-01-01 00:00:00+00:00,0.1836395236318408,mg/m³,CO,mongodb,CO
P1.SJVER.ESTE_1900-01-02T00:00:00_co,p1.sjver.este,1900-01-02 00:00:00+00:00,0.17087522014925374,mg/m³,CO,mongodb,CO
P1.SJVER.ESTE_1900-01-03T00:00:00_co,p1.sjver.este,1900-01-03 00:00:00+00:00,0.21363563681592038,mg/m³,CO,mongodb,CO
P1.SJVER.ESTE_1900-01-04T00:00:00_co,p1.sjver.este,1900-01-04 00:00:00+00:00,0.1875964577114428,mg/m³,CO,mongodb,CO
P1.SJVER.ESTE_1900-01-03T00:00:00_co,p1.sjver.este,1900-01-03 00:00:00+00:00,0.29033367200986443,mg/m³,CO,mongodb,CO
P1.SJVER.ESTE_1900-01-04T00:00:00_co,p1.sjver.este,1900-01-04 00:00:00+00:00,0.2711207074158887,mg/m³,CO,mongodb,CO
P1.SJVER.ESTE_1900-01-05T00:00:00_co,p1.sjver.este,1900-01-05 00:00:00+00:00,0.2437817607891492,mg/m³,CO,mongodb,CO
P1.SJVER.ESTE_1900-01-01T00:00:00_co,p1.sjver.este,1900-01-01 00:00:00+00:00,0.21441431319358817,mg/m³,CO,mongodb,CO
P1.SJVER.ESTE_1900-01-02T00:00:00_co,p1.sjver.este,1900-01-02 00:00:00+00:00,0.23776992355117144,mg/m³,CO,mongodb,CO
P1.SJVER.ESTE_1900-01-01T00:00:00_co,p1.sjver.este,1900-01-01 00:00:00+00:00,0.6377859075000001,mg/m³,CO,mongodb,CO
P1.SJVER.ESTE_1900-01-02T00:00:00_co,p1.sjver.este,1900-01-02 00:00:00+00:00,0.8400381575,mg/m³,CO,mongodb,CO
P1.SJVER.ESTE_1900-01-03T00:00:00_co,p1.sjver.este,1900-01-03 00:00:00+00:00,0.8313195012499999,mg/m³,CO,mongodb,CO
P1.SJVER.ESTE_1900-01-04T00:00:00_co,p1.sjver.este,1900-01-04 00:00:00+00:00,0.42246853250000005,mg/m³,CO,mongodb,CO
P1.SJVER.ESTE_1900-01-05T00:00:00_co,p1.sjver.este,1900-01-05 00:00:00+00:00,0.43105859499999993,mg/m³,CO,mongodb,CO
P1.SJVER.ESTE_1900-01-02T00:00:00_co,p1.sjver.este,1900-01-02 00:00:00+00:00,0.24408233229036294,mg/m³,CO,mongodb,CO
P1.SJVER.ESTE_1900-01-03T00:00:00_co,p1.sjver.este,1900-01-03 00:00:00+00:00,0.2818460838548185,mg/m³,CO,mongodb,CO
P1.SJVER.ESTE_1900-01-04T00:00:00_co,p1.sjver.este,1900-01-04 00:00:00+00:00,0.2092799386733417,mg/m³,CO,mongodb,CO
P1.SJVER.ESTE_1900-01-05T00:00:00_co,p1.sjver.este,1900-01-05 00:00:00+00:00,0.2588247446808511,mg/m³,CO,mongodb,CO
P1.SJVER.ESTE_1900-01-01T00:00:00_co,p1.sjver.este,1900-01-01 00:00:00+00:00,0.33587155319148937,mg/m³,CO,mongodb,CO
P1.SJVER.ESTE_1900-01-05T00:00:00_co,p1.sjver.este,1900-01-05 00:00:00+00:00,0.2475,mg/m³,CO,mongodb,CO
P1.SJVER.ESTE_1900-01-01T00:00:00_co,p1.sjver.este,1900-01-01 00:00:00+00:00,0.345,mg/m³,CO,mongodb,CO
P1.SJVER.ESTE_1900-01-02T00:00:00_co,p1.sjver.este,1900-01-02 00:00:00+00:00,0.405,mg/m³,CO,mongodb,CO
P1.SJVER.ESTE_1900-01-03T00:00:00_co,p1.sjver.este,1900-01-03 00:00:00+00:00,0.40124999999999994,mg/m³,CO,mongodb,CO
P1.SJVER.ESTE_1900-01-04T00:00:00_co,p1.sjver.este,1900-01-04 00:00:00+00:00,0.68625,mg/m³,CO,mongodb,CO
P1.SJVER.ESTE_1900-01-03T00:00:00_co,p1.sjver.este,1900-01-03 00:00:00+00:00,0.4703642542955325,mg/m³,CO,mongodb,CO
P1.SJVER.ESTE_1900-01-04T00:00:00_co,p1.sjver.este,1900-01-04 00:00:00+00:00,0.47066654524627716,mg/m³,CO,mongodb,CO
P1.SJVER.ESTE_1900-01-05T00:00:00_co,p1.sjver.este,1900-01-05 00:00:00+00:00,0.37263126460481094,mg/m³,CO,mongodb,CO
P1.SJVER.ESTE_1900-01-01T00:00:00_co,p1.sjver.este,1900-01-01 00:00:00+00:00,0.4811885956471935,mg/m³,CO,mongodb,CO
P1.SJVER.ESTE_1900-01-02T00:00:00_co,p1.sjver.este,1900-01-02 00:00:00+00:00,0.43456602978235964,mg/m³,CO,mongodb,CO
P1.SJVER.ESTE_1900-01-05T00:00:00_co,p1.sjver.este,1900-01-05 00:00:00+00:00,0.48499999999999993,mg/m³,CO,mongodb,CO
P1.SJVER.ESTE_1900-01-06T00:00:00_co,p1.sjver.este,1900-01-06 00:00:00+00:00,0.1984450407185629,mg/m³,CO,mongodb,CO
P1.SJVER.ESTE_1899-12-31T00:00:00_co,p1.sjver.este,1899-12-31 00:00:00+00:00,0.17150444191616765,mg/m³,CO,mongodb,CO
P1.SJVER.ESTE_1900-01-06T00:00:00_co,p1.sjver.este,1900-01-06 00:00:00+00:00,0.44536921639950683,mg/m³,CO,mongodb,CO
P1.SJVER.ESTE_1899-12-31T00:00:00_co,p1.sjver.este,1899-12-31 00:00:00+00:00,0.27809426263871767,mg/m³,CO,mongodb,CO
P1.SJVER.ESTE_1900-01-06T00:00:00_co,p1.sjver.este,1900-01-06 00:00:00+00:00,0.2145674309701493,mg/m³,CO,mongodb,CO
P1.SJVER.ESTE_1899-12-31T00:00:00_co,p1.sjver.este,1899-12-31 00:00:00+00:00,0.21592044713930347,mg/m³,CO,mongodb,CO
P1.SJVER.ESTE_1900-01-06T00:00:00_co,p1.sjver.este,1900-01-06 00:00:00+00:00,0.2624335487053021,mg/m³,CO,mongodb,CO
P1.SJVER.ESTE_1899-12-31T00:00:00_co,p1.sjver.este,1899-12-31 00:00:00+00:00,0.29231665598027123,mg/m³,CO,mongodb,CO
P1.SJVER.ESTE_1900-01-06T00:00:00_co,p1.sjver.este,1900-01-06 00:00:00+00:00,0.30602689187500004,mg/m³,CO,mongodb,CO
P1.SJVER.ESTE_1899-12-31T00:00:00_co,p1.sjver.este,1899-12-31 00:00:00+00:00,0.22139934500000003,mg/m³,CO,mongodb,CO
P1.SJVER.ESTE_1900-01-06T00:00:00_co,p1.sjver.este,1900-01-06 00:00:00+00:00,0.2861078642052566,mg/m³,CO,mongodb,CO
P1.SJVER.ESTE_1899-12-31T00:00:00_co,p1.sjver.este,1899-12-31 00:00:00+00:00,0.32545529849812266,mg/m³,CO,mongodb,CO
P1.SJVER.ESTE_1900-01-06T00:00:00_co,p1.sjver.este,1900-01-06 00:00:00+00:00,0.29750000000000004,mg/m³,CO,mongodb,CO
P1.SJVER.ESTE_1899-12-31T00:00:00_co,p1.sjver.este,1899-12-31 00:00:00+00:00,0.29750000000000004,mg/m³,CO,mongodb,CO
P1.SJVER.ESTE_1900-01-06T00:00:00_co,p1.sjver.este,1900-01-06 00:00:00+00:00,0.5833978167239403,mg/m³,CO,mongodb,CO
P1.SJVER.ESTE_1899-12-31T00:00:00_co,p1.sjver.este,1899-12-31 00:00:00+00:00,0.6075345864833905,mg/m³,CO,mongodb,CO
P1.SJVER.ESTE_1900-01-06T00:00:00_co,p1.sjver.este,1900-01-06 00:00:00+00:00,0.66875,mg/m³,CO,mongodb,CO
P1.SJVER.ESTE_1900-01-06T00:00:00_co,p1.sjver.este,1900-01-06 00:00:00+00:00,0.375,mg/m³,CO,mongodb,CO
P1.SJVER.ESTE_1899-12-31T00:00:00_co,p1.sjver.este,1899-12-31 00:00:00+00:00,0.3875,mg/m³,CO,mongodb,CO
P1.SJVER.ESTE_1900-01-01T00:00:00_co,p1.sjver.este,1900-01-01 00:00:00+00:00,0.26666666666666666,mg/m³,CO,mongodb,CO
P1.GRIJO.ESTE_1900-01-01T00:00:00_co,p1.grijo.este,1900-01-01 00:00:00+00:00,0.43793333333333334,mg/m³,CO,mongodb,CO
P1.ASANTAS.ESTE_1900-01-05T00:00:00_co,p1.asantas.este,1900-01-05 00:00:00+00:00,0.599666,mg/m³,CO,mongodb,CO
P1.ASANTAS.ESTE_1900-01-01T00:00:00_co,p1.asantas.este,1900-01-01 00:00:00+00:00,0.8951325000000001,mg/m³,CO,mongodb,CO
P1.ASANTAS.ESTE_1900-01-02T00:00:00_co,p1.asantas.este,1900-01-02 00:00:00+00:00,1.0872585,mg/m³,CO,mongodb,CO
P1.ASANTAS.ESTE_1900-01-03T00:00:00_co,p1.asantas.este,1900-01-03 00:00:00+00:00,0.3624195000000001,mg/m³,CO,mongodb,CO
P1.ASANTAS.ESTE_1900-01-04T00:00:00_co,p1.asantas.este,1900-01-04 00:00:00+00:00,0.2809115,mg/m³,CO,mongodb,CO
P1.ASANTAS.ESTE_1900-01-01T00:00:00_co,p1.asantas.este,1900-01-01 00:00:00+00:00,0.26001425578611337,mg/m³,CO,mongodb,CO
P1.ASANTAS.ESTE_1900-01-02T00:00:00_co,p1.asantas.este,1900-01-02 00:00:00+00:00,0.3145451444206212,mg/m³,CO,mongodb,CO
P1.ASANTAS.ESTE_1900-01-03T00:00:00_co,p1.asantas.este,1900-01-03 00:00:00+00:00,0.3878599495933096,mg/m³,CO,mongodb,CO
P1.ASANTAS.ESTE_1900-01-04T00:00:00_co,p1.asantas.este,1900-01-04 00:00:00+00:00,0.40218809229551045,mg/m³,CO,mongodb,CO
P1.ASANTAS.ESTE_1900-01-05T00:00:00_co,p1.asantas.este,1900-01-05 00:00:00+00:00,0.5033147970341992,mg/m³,CO,mongodb,CO
P1.ASANTAS.ESTE_1900-01-02T00:00:00_co,p1.asantas.este,1900-01-02 00:00:00+00:00,0.3071105,mg/m³,CO,mongodb,CO
P1.ASANTAS.ESTE_1900-01-03T00:00:00_co,p1.asantas.este,1900-01-03 00:00:00+00:00,0.343498,mg/m³,CO,mongodb,CO
P1.ASANTAS.ESTE_1900-01-04T00:00:00_co,p1.asantas.este,1900-01-04 00:00:00+00:00,0.206681,mg/m³,CO,mongodb,CO
P1.ASANTAS.ESTE_1900-01-05T00:00:00_co,p1.asantas.este,1900-01-05 00:00:00+00:00,0.22414700000000004,mg/m³,CO,mongodb,CO
P1.ASANTAS.ESTE_1900-01-01T00:00:00_co,p1.asantas.este,1900-01-01 00:00:00+00:00,0.098974,mg/m³,CO,mongodb,CO
P1.ASANTAS.ESTE_1900-01-02T00:00:00_co,p1.asantas.este,1900-01-02 00:00:00+00:00,1.0751325,mg/m³,CO,mongodb,CO
P1.ASANTAS.ESTE_1900-01-03T00:00:00_co,p1.asantas.este,1900-01-03 00:00:00+00:00,0.9225450000000001,mg/m³,CO,mongodb,CO
P1.ASANTAS.ESTE_1900-01-04T00:00:00_co,p1.asantas.este,1900-01-04 00:00:00+00:00,0.991495,mg/m³,CO,mongodb,CO
P1.ASANTAS.ESTE_1900-01-05T00:00:00_co,p1.asantas.este,1900-01-05 00:00:00+00:00,1.0048075,mg/m³,CO,mongodb,CO
P1.ASANTAS.ESTE_1900-01-01T00:00:00_co,p1.asantas.este,1900-01-01 00:00:00+00:00,0.9469950000000001,mg/m³,CO,mongodb,CO
P1.ASANTAS.ESTE_1900-01-05T00:00:00_co,p1.asantas.este,1900-01-05 00:00:00+00:00,0.23211428571428572,mg/m³,CO,mongodb,CO
P1.ASANTAS.ESTE_1900-01-01T00:00:00_co,p1.asantas.este,1900-01-01 00:00:00+00:00,0.2502375,mg/m³,CO,mongodb,CO
P1.ASANTAS.ESTE_1900-01-02T00:00:00_co,p1.asantas.este,1900-01-02 00:00:00+00:00,0.2630857142857143,mg/m³,CO,mongodb,CO
P1.ASANTAS.ESTE_1900-01-04T00:00:00_co,p1.asantas.este,1900-01-04 00:00:00+00:00,0.3768,mg/m³,CO,mongodb,CO
P1.ASANTAS.ESTE_1900-01-05T00:00:00_co,p1.asantas.este,1900-01-05 00:00:00+00:00,0.3498625,mg/m³,CO,mongodb,CO
P1.ASANTAS.ESTE_1900-01-01T00:00:00_co,p1.asantas.este,1900-01-01 00:00:00+00:00,0.4303285714285714,mg/m³,CO,mongodb,CO
P1.ASANTAS.ESTE_1900-01-02T00:00:00_co,p1.asantas.este,1900-01-02 00:00:00+00:00,0.3978875,mg/m³,CO,mongodb,CO
P1.ASANTAS.ESTE_1900-01-03T00:00:00_co,p1.asantas.este,1900-01-03 00:00:00+00:00,0.48357500000000003,mg/m³,CO,mongodb,CO
P1.ASANTAS.ESTE_1900-01-04T00:00:00_co,p1.asantas.este,1900-01-04 00:00:00+00:00,0.5097875000000001,mg/m³,CO,mongodb,CO
P1.ASANTAS.ESTE_1900-01-05T00:00:00_co,p1.asantas.este,1900-01-05 00:00:00+00:00,0.49221249999999994,mg/m³,CO,mongodb,CO
P1.ASANTAS.ESTE_1900-01-02T00:00:00_co,p1.asantas.este,1900-01-02 00:00:00+00:00,0.5919033333333333,mg/m³,CO,mongodb,CO
P1.ASANTAS.ESTE_1900-01-03T00:00:00_co,p1.asantas.este,1900-01-03 00:00:00+00:00,0.33039850000000004,mg/m³,CO,mongodb,CO
P1.ASANTAS.ESTE_1900-01-04T00:00:00_co,p1.asantas.este,1900-01-04 00:00:00+00:00,0.637509,mg/m³,CO,mongodb,CO
P1.ASANTAS.ESTE_1900-01-05T00:00:00_co,p1.asantas.este,1900-01-05 00:00:00+00:00,0.6535195,mg/m³,CO,mongodb,CO
P1.ASANTAS.ESTE_1900-01-01T00:00:00_co,p1.asantas.este,1900-01-01 00:00:00+00:00,0.4439275,mg/m³,CO,mongodb,CO
P1.ASANTAS.ESTE_1900-01-01T00:00:00_co,p1.asantas.este,1900-01-01 00:00:00+00:00,0.8549875000000001,mg/m³,CO,mongodb,CO
P1.ASANTAS.ESTE_1900-01-02T00:00:00_co,p1.asantas.este,1900-01-02 00:00:00+00:00,0.5045124999999999,mg/m³,CO,mongodb,CO
P1.ASANTAS.ESTE_1900-01-03T00:00:00_co,p1.asantas.este,1900-01-03 00:00:00+00:00,0.5292375,mg/m³,CO,mongodb,CO
P1.ASANTAS.ESTE_1900-01-04T00:00:00_co,p1.asantas.este,1900-01-04 00:00:00+00:00,0.29860000000000003,mg/m³,CO,mongodb,CO
P1.ASANTAS.ESTE_1900-01-05T00:00:00_co,p1.asantas.este,1900-01-05 00:00:00+00:00,0.339075,mg/m³,CO,mongodb,CO
P1.ASANTAS.ESTE_1900-01-06T00:00:00_co,p1.asantas.este,1900-01-06 00:00:00+00:00,0.6942735,mg/m³,CO,mongodb,CO
P1.ASANTAS.ESTE_1899-12-31T00:00:00_co,p1.asantas.este,1899-12-31 00:00:00+00:00,0.9140540000000001,mg/m³,CO,mongodb,CO
P1.ASANTAS.ESTE_1900-01-06T00:00:00_co,p1.asantas.este,1900-01-06 00:00:00+00:00,0.3460723224325338,mg/m³,CO,mongodb,CO
P1.ASANTAS.ESTE_1899-12-31T00:00:00_co,p1.asantas.este,1899-12-31 00:00:00+00:00,0.428400304775135,mg/m³,CO,mongodb,CO
P1.ASANTAS.ESTE_1900-01-06T00:00:00_co,p1.asantas.este,1900-01-06 00:00:00+00:00,0.359241638410993,mg/m³,CO,mongodb,CO
P1.ASANTAS.ESTE_1899-12-31T00:00:00_co,p1.asantas.este,1899-12-31 00:00:00+00:00,0.266279956895569,mg/m³,CO,mongodb,CO
P1.ASANTAS.ESTE_1900-01-06T00:00:00_co,p1.asantas.este,1900-01-06 00:00:00+00:00,0.25907900000000006,mg/m³,CO,mongodb,CO
P1.ASANTAS.ESTE_1899-12-31T00:00:00_co,p1.asantas.este,1899-12-31 00:00:00+00:00,0.218325,mg/m³,CO,mongodb,CO
P1.ASANTAS.ESTE_1900-01-06T00:00:00_co,p1.asantas.este,1900-01-06 00:00:00+00:00,0.9752075000000002,mg/m³,CO,mongodb,CO
P1.ASANTAS.ESTE_1899-12-31T00:00:00_co,p1.asantas.este,1899-12-31 00:00:00+00:00,0.9520075000000001,mg/m³,CO,mongodb,CO
P1.ASANTAS.ESTE_1900-01-06T00:00:00_co,p1.asantas.este,1900-01-06 00:00:00+00:00,0.23778571428571427,mg/m³,CO,mongodb,CO
P1.ASANTAS.ESTE_1899-12-31T00:00:00_co,p1.asantas.este,1899-12-31 00:00:00+00:00,0.28645000000000004,mg/m³,CO,mongodb,CO
P1.ASANTAS.ESTE_1900-01-06T00:00:00_co,p1.asantas.este,1900-01-06 00:00:00+00:00,0.29622857142857145,mg/m³,CO,mongodb,CO
P1.ASANTAS.ESTE_1899-12-31T00:00:00_co,p1.asantas.este,1899-12-31 00:00:00+00:00,0.34794285714285716,mg/m³,CO,mongodb,CO
P1.ASANTAS.ESTE_1900-01-06T00:00:00_co,p1.asantas.este,1900-01-06 00:00:00+00:00,0.2682375,mg/m³,CO,mongodb,CO
P1.ASANTAS.ESTE_1899-12-31T00:00:00_co,p1.asantas.este,1899-12-31 00:00:00+00:00,0.30722499999999997,mg/m³,CO,mongodb,CO
P1.ASANTAS.ESTE_1900-01-06T00:00:00_co,p1.asantas.este,1900-01-06 00:00:00+00:00,0.36532499999999996,mg/m³,CO,mongodb,CO
P1.ASANTAS.ESTE_1899-12-31T00:00:00_co,p1.asantas.este,1899-12-31 00:00:00+00:00,0.3975375,mg/m³,CO,mongodb,CO
P1.ASANTAS.ESTE_1900-01-06T00:00:00_co,p1.asantas.este,1900-01-06 00:00:00+00:00,0.36241950000000006,mg/m³,CO,mongodb,CO
P1.ASANTAS.ESTE_1899-12-31T00:00:00_co,p1.asantas.este,1899-12-31 00:00:00+00:00,0.40754,mg/m³,CO,mongodb,CO
P1.ASANTAS.ESTE_1900-01-06T00:00:00_co,p1.asantas.este,1900-01-06 00:00:00+00:00,0.176025,mg/m³,CO,mongodb,CO
P1.ASANTAS.ESTE_1899-12-31T00:00:00_co,p1.asantas.este,1899-12-31 00:00:00+00:00,0.7226625,mg/m³,CO,mongodb,CO
CTSa-gr03,empresa de electricidade dos açores s.a. - central termoeléctrica do pico - grupo 03,1899-12-30 12:00:00+00:00,73.64370451604556,mg/Nm³,CO,mongodb,CO
CTB-gr05,grupo 5,1899-12-30 12:00:00+00:00,122.14742358554254,mg/Nm³,CO,mongodb,CO
CTSb-gr07,grupo 7,1899-12-30 12:00:00+00:00,88.73970490400114,mg/Nm³,CO,mongodb,CO
CCB-xs13,"coficab portugal - companhia de fios e cabos, lda. - 10549 - extrusora 1",2107-10-18 12:00:00+00:00,2.7275917136591477,mg/Nm³,CO,mongodb,CO
P1.PQ.NAÇOES_1900-01-01T00:00:00_o3,p1.pq.naçoes,1900-01-01 00:00:00+00:00,28.252666666666666,µg/m³,O3,mongodb,O3
P1.GRIJO.ESTE_1900-01-01T00:00:00_o3,p1.grijo.este,1900-01-01 00:00:00+00:00,39.36666666666667,µg/m³,O3,mongodb,O3
P1.PQ.NAÇOES_1900-01-01T00:00:00_o3,p1.pq.naçoes,1900-01-01 00:00:00+00:00,28.252666666666666,µg/m³,O3,mongodb,O3
P1.GRIJO.ESTE_1900-01-01T00:00:00_o3,p1.grijo.este,1900-01-01 00:00:00+00:00,39.36666666666667,µg/m³,O3,mongodb,O3
4.905546005045442,%,CTSa-gr03,1899-12-30 12:00:00+00:00,empresa de electricidade dos açores s.a. - central termoeléctrica do pico - grupo 03,H2O,mongodb,H2O
4.889457326826683,%,CTB-gr05,1899-12-30 12:00:00+00:00,grupo 5,H2O,mongodb,H2O
4.52529113939961,%,CTSb-gr07,1899-12-30 12:00:00+00:00,grupo 7,H2O,mongodb,H2O
1.2136814005703866,%,CCB-xs13,2107-10-18 12:00:00+00:00,"coficab portugal - companhia de fios e cabos, lda. - 10549 - extrusora 1",H2O,mongodb,H2O
CTSa-gr03,empresa de electricidade dos açores s.a. - central termoeléctrica do pico - grupo 03,1899-12-30 12:00:00+00:00,6.48596618601665,%,CO2,mongodb,CO2
CTB-gr05,grupo 5,1899-12-30 12:00:00+00:00,5.379381437072234,%,CO2,mongodb,CO2
CTSb-gr07,grupo 7,1899-12-30 12:00:00+00:00,6.7442606989303675,%,CO2,mongodb,CO2
CCB-xs13,"coficab portugal - companhia de fios e cabos, lda. - 10549 - extrusora 1",2107-10-18 12:00:00+00:00,0.5,%,CO2,mongodb,CO2
0.0,mg/Nm³,CTSa-gr03,1899-12-30 12:00:00+00:00,empresa de electricidade dos açores s.a. - central termoeléctrica do pico - grupo 03,CH4,mongodb,CH4
0.0,mg/Nm³,CTB-gr05,1899-12-30 12:00:00+00:00,grupo 5,CH4,mongodb,CH4
0.0,mg/Nm³,CTSb-gr07,1899-12-30 12:00:00+00:00,grupo 7,CH4,mongodb,CH4
0.0,mg/Nm³,CCB-xs13,2107-10-18 12:00:00+00:00,"coficab portugal - companhia de fios e cabos, lda. - 10549 - extrusora 1",CH4,mongodb,CH4
P1.OVAR.ESTE_1900-01-03T00:00:00_pm10,p1.ovar.este,1900-01-03 00:00:00+00:00,20.535789399827284,µg/m³,PM10,mongodb,PM10
P1.OVAR.ESTE_1900-01-04T00:00:00_pm10,p1.ovar.este,1900-01-04 00:00:00+00:00,11.586289831606218,µg/m³,PM10,mongodb,PM10
P1.OVAR.ESTE_1900-01-05T00:00:00_pm10,p1.ovar.este,1900-01-05 00:00:00+00:00,9.261127428756472,µg/m³,PM10,mongodb,PM10
P1.OVAR.ESTE_1900-01-01T00:00:00_pm10,p1.ovar.este,1900-01-01 00:00:00+00:00,7.752301840457687,µg/m³,PM10,mongodb,PM10
P1.OVAR.ESTE_1900-01-02T00:00:00_pm10,p1.ovar.este,1900-01-02 00:00:00+00:00,9.915953421848016,µg/m³,PM10,mongodb,PM10
P1.OVAR.ESTE_1900-01-05T00:00:00_pm10,p1.ovar.este,1900-01-05 00:00:00+00:00,13.816666666666665,µg/m³,PM10,mongodb,PM10
P1.OVAR.ESTE_1900-01-01T00:00:00_pm10,p1.ovar.este,1900-01-01 00:00:00+00:00,35.208333333333336,µg/m³,PM10,mongodb,PM10
P1.OVAR.ESTE_1900-01-02T00:00:00_pm10,p1.ovar.este,1900-01-02 00:00:00+00:00,8.55,µg/m³,PM10,mongodb,PM10
P1.OVAR.ESTE_1900-01-03T00:00:00_pm10,p1.ovar.este,1900-01-03 00:00:00+00:00,14.30833333333333,µg/m³,PM10,mongodb,PM10
P1.OVAR.ESTE_1900-01-04T00:00:00_pm10,p1.ovar.este,1900-01-04 00:00:00+00:00,11.39583333333333,µg/m³,PM10,mongodb,PM10
P1.OVAR.ESTE_1900-01-04T00:00:00_pm10,p1.ovar.este,1900-01-04 00:00:00+00:00,8.7,µg/m³,PM10,mongodb,PM10
P1.OVAR.ESTE_1900-01-05T00:00:00_pm10,p1.ovar.este,1900-01-05 00:00:00+00:00,10.2875,µg/m³,PM10,mongodb,PM10
P1.OVAR.ESTE_1900-01-01T00:00:00_pm10,p1.ovar.este,1900-01-01 00:00:00+00:00,7.633333333333334,µg/m³,PM10,mongodb,PM10
P1.OVAR.ESTE_1900-01-02T00:00:00_pm10,p1.ovar.este,1900-01-02 00:00:00+00:00,11.641666666666667,µg/m³,PM10,mongodb,PM10
P1.OVAR.ESTE_1900-01-03T00:00:00_pm10,p1.ovar.este,1900-01-03 00:00:00+00:00,19.362499999999997,µg/m³,PM10,mongodb,PM10
P1.OVAR.ESTE_1900-01-03T00:00:00_pm10,p1.ovar.este,1900-01-03 00:00:00+00:00,22.55,µg/m³,PM10,mongodb,PM10
P1.OVAR.ESTE_1900-01-04T00:00:00_pm10,p1.ovar.este,1900-01-04 00:00:00+00:00,21.037500000000005,µg/m³,PM10,mongodb,PM10
P1.OVAR.ESTE_1900-01-05T00:00:00_pm10,p1.ovar.este,1900-01-05 00:00:00+00:00,25.60416666666667,µg/m³,PM10,mongodb,PM10
P1.OVAR.ESTE_1900-01-01T00:00:00_pm10,p1.ovar.este,1900-01-01 00:00:00+00:00,15.233333333333336,µg/m³,PM10,mongodb,PM10
P1.OVAR.ESTE_1900-01-02T00:00:00_pm10,p1.ovar.este,1900-01-02 00:00:00+00:00,18.724999999999998,µg/m³,PM10,mongodb,PM10
P1.OVAR.ESTE_1900-01-06T00:00:00_pm10,p1.ovar.este,1900-01-06 00:00:00+00:00,9.123788833117445,µg/m³,PM10,mongodb,PM10
P1.OVAR.ESTE_1899-12-31T00:00:00_pm10,p1.ovar.este,1899-12-31 00:00:00+00:00,19.165449697754756,µg/m³,PM10,mongodb,PM10
P1.OVAR.ESTE_1900-01-06T00:00:00_pm10,p1.ovar.este,1900-01-06 00:00:00+00:00,18.166666666666668,µg/m³,PM10,mongodb,PM10
P1.OVAR.ESTE_1899-12-31T00:00:00_pm10,p1.ovar.este,1899-12-31 00:00:00+00:00,13.249999999999998,µg/m³,PM10,mongodb,PM10
P1.OVAR.ESTE_1900-01-06T00:00:00_pm10,p1.ovar.este,1900-01-06 00:00:00+00:00,9.829166666666667,µg/m³,PM10,mongodb,PM10
P1.OVAR.ESTE_1899-12-31T00:00:00_pm10,p1.ovar.este,1899-12-31 00:00:00+00:00,9.15,µg/m³,PM10,mongodb,PM10
P1.OVAR.ESTE_1900-01-06T00:00:00_pm10,p1.ovar.este,1900-01-06 00:00:00+00:00,15.808333333333332,µg/m³,PM10,mongodb,PM10
P1.OVAR.ESTE_1899-12-31T00:00:00_pm10,p1.ovar.este,1899-12-31 00:00:00+00:00,14.475000000000001,µg/m³,PM10,mongodb,PM10
P1.OVAR.ESTE_1900-01-01T00:00:00_pm10,p1.ovar.este,1900-01-01 00:00:00+00:00,10.133333333333333,µg/m³,PM10,mongodb,PM10
P1.PQ.NAÇOES_1900-01-01T00:00:00_pm10,p1.pq.naçoes,1900-01-01 00:00:00+00:00,104.125,µg/m³,PM10,mongodb,PM10
P1.SJVER.ESTE_1900-01-03T00:00:00_pm10,p1.sjver.este,1900-01-03 00:00:00+00:00,30.466666666666672,µg/m³,PM10,mongodb,PM10
P1.SJVER.ESTE_1900-01-04T00:00:00_pm10,p1.sjver.este,1900-01-04 00:00:00+00:00,29.170833333333338,µg/m³,PM10,mongodb,PM10
P1.SJVER.ESTE_1900-01-05T00:00:00_pm10,p1.sjver.este,1900-01-05 00:00:00+00:00,40.94166666666667,µg/m³,PM10,mongodb,PM10
P1.SJVER.ESTE_1900-01-01T00:00:00_pm10,p1.sjver.este,1900-01-01 00:00:00+00:00,15.816666666666668,µg/m³,PM10,mongodb,PM10
P1.SJVER.ESTE_1900-01-02T00:00:00_pm10,p1.sjver.este,1900-01-02 00:00:00+00:00,14.770833333333334,µg/m³,PM10,mongodb,PM10
P1.SJVER.ESTE_1900-01-02T00:00:00_pm10,p1.sjver.este,1900-01-02 00:00:00+00:00,28.603571428571428,µg/m³,PM10,mongodb,PM10
P1.SJVER.ESTE_1900-01-03T00:00:00_pm10,p1.sjver.este,1900-01-03 00:00:00+00:00,32.582142857142856,µg/m³,PM10,mongodb,PM10
P1.SJVER.ESTE_1900-01-04T00:00:00_pm10,p1.sjver.este,1900-01-04 00:00:00+00:00,43.04968944099378,µg/m³,PM10,mongodb,PM10
P1.SJVER.ESTE_1900-01-05T00:00:00_pm10,p1.sjver.este,1900-01-05 00:00:00+00:00,20.84285714285714,µg/m³,PM10,mongodb,PM10
P1.SJVER.ESTE_1900-01-01T00:00:00_pm10,p1.sjver.este,1900-01-01 00:00:00+00:00,11.770238095238092,µg/m³,PM10,mongodb,PM10
P1.SJVER.ESTE_1900-01-05T00:00:00_pm10,p1.sjver.este,1900-01-05 00:00:00+00:00,40.5,µg/m³,PM10,mongodb,PM10
P1.SJVER.ESTE_1900-01-01T00:00:00_pm10,p1.sjver.este,1900-01-01 00:00:00+00:00,17.0,µg/m³,PM10,mongodb,PM10
P1.SJVER.ESTE_1900-01-02T00:00:00_pm10,p1.sjver.este,1900-01-02 00:00:00+00:00,27.75,µg/m³,PM10,mongodb,PM10
P1.SJVER.ESTE_1900-01-03T00:00:00_pm10,p1.sjver.este,1900-01-03 00:00:00+00:00,27.666666666666668,µg/m³,PM10,mongodb,PM10
P1.SJVER.ESTE_1900-01-04T00:00:00_pm10,p1.sjver.este,1900-01-04 00:00:00+00:00,26.458333333333332,µg/m³,PM10,mongodb,PM10
P1.SJVER.ESTE_1900-01-03T00:00:00_pm10,p1.sjver.este,1900-01-03 00:00:00+00:00,52.97916666666668,µg/m³,PM10,mongodb,PM10
P1.SJVER.ESTE_1900-01-04T00:00:00_pm10,p1.sjver.este,1900-01-04 00:00:00+00:00,37.57083333333333,µg/m³,PM10,mongodb,PM10
P1.SJVER.ESTE_1900-01-05T00:00:00_pm10,p1.sjver.este,1900-01-05 00:00:00+00:00,26.466666666666672,µg/m³,PM10,mongodb,PM10
P1.SJVER.ESTE_1900-01-01T00:00:00_pm10,p1.sjver.este,1900-01-01 00:00:00+00:00,42.93333333333334,µg/m³,PM10,mongodb,PM10
P1.SJVER.ESTE_1900-01-02T00:00:00_pm10,p1.sjver.este,1900-01-02 00:00:00+00:00,41.80416666666667,µg/m³,PM10,mongodb,PM10
P1.SJVER.ESTE_1900-01-05T00:00:00_pm10,p1.sjver.este,1900-01-05 00:00:00+00:00,62.38491708588174,µg/m³,PM10,mongodb,PM10
P1.SJVER.ESTE_1900-01-02T00:00:00_pm10,p1.sjver.este,1900-01-02 00:00:00+00:00,24.187499999999996,µg/m³,PM10,mongodb,PM10
P1.SJVER.ESTE_1900-01-03T00:00:00_pm10,p1.sjver.este,1900-01-03 00:00:00+00:00,24.575000000000003,µg/m³,PM10,mongodb,PM10
P1.SJVER.ESTE_1900-01-04T00:00:00_pm10,p1.sjver.este,1900-01-04 00:00:00+00:00,42.99130434782609,µg/m³,PM10,mongodb,PM10
P1.SJVER.ESTE_1900-01-05T00:00:00_pm10,p1.sjver.este,1900-01-05 00:00:00+00:00,33.08333333333333,µg/m³,PM10,mongodb,PM10
P1.SJVER.ESTE_1900-01-01T00:00:00_pm10,p1.sjver.este,1900-01-01 00:00:00+00:00,29.225000000000005,µg/m³,PM10,mongodb,PM10
P1.SJVER.ESTE_1900-01-05T00:00:00_pm10,p1.sjver.este,1900-01-05 00:00:00+00:00,24.625000000000004,µg/m³,PM10,mongodb,PM10
P1.SJVER.ESTE_1900-01-01T00:00:00_pm10,p1.sjver.este,1900-01-01 00:00:00+00:00,31.529166666666665,µg/m³,PM10,mongodb,PM10
P1.SJVER.ESTE_1900-01-02T00:00:00_pm10,p1.sjver.este,1900-01-02 00:00:00+00:00,25.820833333333336,µg/m³,PM10,mongodb,PM10
P1.SJVER.ESTE_1900-01-03T00:00:00_pm10,p1.sjver.este,1900-01-03 00:00:00+00:00,24.683333333333334,µg/m³,PM10,mongodb,PM10
P1.SJVER.ESTE_1900-01-04T00:00:00_pm10,p1.sjver.este,1900-01-04 00:00:00+00:00,35.05833333333334,µg/m³,PM10,mongodb,PM10
P1.SJVER.ESTE_1900-01-03T00:00:00_pm10,p1.sjver.este,1900-01-03 00:00:00+00:00,24.92916666666667,µg/m³,PM10,mongodb,PM10
P1.SJVER.ESTE_1900-01-04T00:00:00_pm10,p1.sjver.este,1900-01-04 00:00:00+00:00,27.920833333333334,µg/m³,PM10,mongodb,PM10
P1.SJVER.ESTE_1900-01-05T00:00:00_pm10,p1.sjver.este,1900-01-05 00:00:00+00:00,31.85833333333333,µg/m³,PM10,mongodb,PM10
P1.SJVER.ESTE_1900-01-01T00:00:00_pm10,p1.sjver.este,1900-01-01 00:00:00+00:00,31.737500000000008,µg/m³,PM10,mongodb,PM10
P1.SJVER.ESTE_1900-01-02T00:00:00_pm10,p1.sjver.este,1900-01-02 00:00:00+00:00,24.133333333333336,µg/m³,PM10,mongodb,PM10
P1.SJVER.ESTE_1900-01-05T00:00:00_pm10,p1.sjver.este,1900-01-05 00:00:00+00:00,15.669565217391309,µg/m³,PM10,mongodb,PM10
P1.SJVER.ESTE_1900-01-06T00:00:00_pm10,p1.sjver.este,1900-01-06 00:00:00+00:00,15.341666666666663,µg/m³,PM10,mongodb,PM10
P1.SJVER.ESTE_1899-12-31T00:00:00_pm10,p1.sjver.este,1899-12-31 00:00:00+00:00,7.354166666666669,µg/m³,PM10,mongodb,PM10
P1.SJVER.ESTE_1900-01-06T00:00:00_pm10,p1.sjver.este,1900-01-06 00:00:00+00:00,20.35,µg/m³,PM10,mongodb,PM10
P1.SJVER.ESTE_1899-12-31T00:00:00_pm10,p1.sjver.este,1899-12-31 00:00:00+00:00,20.089285714285715,µg/m³,PM10,mongodb,PM10
P1.SJVER.ESTE_1900-01-06T00:00:00_pm10,p1.sjver.este,1900-01-06 00:00:00+00:00,27.916666666666668,µg/m³,PM10,mongodb,PM10
P1.SJVER.ESTE_1899-12-31T00:00:00_pm10,p1.sjver.este,1899-12-31 00:00:00+00:00,16.375,µg/m³,PM10,mongodb,PM10
P1.SJVER.ESTE_1900-01-06T00:00:00_pm10,p1.sjver.este,1900-01-06 00:00:00+00:00,28.245833333333334,µg/m³,PM10,mongodb,PM10
P1.SJVER.ESTE_1899-12-31T00:00:00_pm10,p1.sjver.este,1899-12-31 00:00:00+00:00,28.162499999999998,µg/m³,PM10,mongodb,PM10
P1.SJVER.ESTE_1900-01-06T00:00:00_pm10,p1.sjver.este,1900-01-06 00:00:00+00:00,33.05681892891981,µg/m³,PM10,mongodb,PM10
P1.SJVER.ESTE_1899-12-31T00:00:00_pm10,p1.sjver.este,1899-12-31 00:00:00+00:00,20.749105241586918,µg/m³,PM10,mongodb,PM10
P1.SJVER.ESTE_1900-01-06T00:00:00_pm10,p1.sjver.este,1900-01-06 00:00:00+00:00,23.391666666666666,µg/m³,PM10,mongodb,PM10
P1.SJVER.ESTE_1899-12-31T00:00:00_pm10,p1.sjver.este,1899-12-31 00:00:00+00:00,18.304166666666664,µg/m³,PM10,mongodb,PM10
P1.SJVER.ESTE_1900-01-06T00:00:00_pm10,p1.sjver.este,1900-01-06 00:00:00+00:00,17.56666666666667,µg/m³,PM10,mongodb,PM10
P1.SJVER.ESTE_1899-12-31T00:00:00_pm10,p1.sjver.este,1899-12-31 00:00:00+00:00,16.949999999999996,µg/m³,PM10,mongodb,PM10
P1.SJVER.ESTE_1900-01-06T00:00:00_pm10,p1.sjver.este,1900-01-06 00:00:00+00:00,23.220833333333335,µg/m³,PM10,mongodb,PM10
P1.SJVER.ESTE_1899-12-31T00:00:00_pm10,p1.sjver.este,1899-12-31 00:00:00+00:00,17.120833333333334,µg/m³,PM10,mongodb,PM10
P1.SJVER.ESTE_1900-01-06T00:00:00_pm10,p1.sjver.este,1900-01-06 00:00:00+00:00,71.25,µg/m³,PM10,mongodb,PM10
P1.SJVER.ESTE_1900-01-06T00:00:00_pm10,p1.sjver.este,1900-01-06 00:00:00+00:00,13.954166666666666,µg/m³,PM10,mongodb,PM10
P1.SJVER.ESTE_1899-12-31T00:00:00_pm10,p1.sjver.este,1899-12-31 00:00:00+00:00,19.275,µg/m³,PM10,mongodb,PM10
P1.SJVER.ESTE_1900-01-01T00:00:00_pm10,p1.sjver.este,1900-01-01 00:00:00+00:00,25.119122807017547,µg/m³,PM10,mongodb,PM10
P1.GRIJO.ESTE_1900-01-01T00:00:00_pm10,p1.grijo.este,1900-01-01 00:00:00+00:00,33.40006666666667,µg/m³,PM10,mongodb,PM10
P1.ASANTAS.ESTE_1900-01-05T00:00:00_pm10,p1.asantas.este,1900-01-05 00:00:00+00:00,36.333333333333336,µg/m³,PM10,mongodb,PM10
P1.ASANTAS.ESTE_1900-01-01T00:00:00_pm10,p1.asantas.este,1900-01-01 00:00:00+00:00,71.83333333333333,µg/m³,PM10,mongodb,PM10
P1.ASANTAS.ESTE_1900-01-02T00:00:00_pm10,p1.asantas.este,1900-01-02 00:00:00+00:00,15.333333333333334,µg/m³,PM10,mongodb,PM10
P1.ASANTAS.ESTE_1900-01-03T00:00:00_pm10,p1.asantas.este,1900-01-03 00:00:00+00:00,17.0,µg/m³,PM10,mongodb,PM10
P1.ASANTAS.ESTE_1900-01-04T00:00:00_pm10,p1.asantas.este,1900-01-04 00:00:00+00:00,22.5,µg/m³,PM10,mongodb,PM10
P1.ASANTAS.ESTE_1900-01-01T00:00:00_pm10,p1.asantas.este,1900-01-01 00:00:00+00:00,17.097208333333338,µg/m³,PM10,mongodb,PM10
P1.ASANTAS.ESTE_1900-01-02T00:00:00_pm10,p1.asantas.este,1900-01-02 00:00:00+00:00,44.947333333333326,µg/m³,PM10,mongodb,PM10
P1.ASANTAS.ESTE_1900-01-03T00:00:00_pm10,p1.asantas.este,1900-01-03 00:00:00+00:00,18.767500000000002,µg/m³,PM10,mongodb,PM10
P1.ASANTAS.ESTE_1900-01-04T00:00:00_pm10,p1.asantas.este,1900-01-04 00:00:00+00:00,14.580041666666666,µg/m³,PM10,mongodb,PM10
P1.ASANTAS.ESTE_1900-01-05T00:00:00_pm10,p1.asantas.este,1900-01-05 00:00:00+00:00,19.992916666666666,µg/m³,PM10,mongodb,PM10
P1.ASANTAS.ESTE_1900-01-02T00:00:00_pm10,p1.asantas.este,1900-01-02 00:00:00+00:00,22.416666666666668,µg/m³,PM10,mongodb,PM10
P1.ASANTAS.ESTE_1900-01-03T00:00:00_pm10,p1.asantas.este,1900-01-03 00:00:00+00:00,21.25,µg/m³,PM10,mongodb,PM10
P1.ASANTAS.ESTE_1900-01-04T00:00:00_pm10,p1.asantas.este,1900-01-04 00:00:00+00:00,24.25,µg/m³,PM10,mongodb,PM10
P1.ASANTAS.ESTE_1900-01-05T00:00:00_pm10,p1.asantas.este,1900-01-05 00:00:00+00:00,27.583333333333332,µg/m³,PM10,mongodb,PM10
P1.ASANTAS.ESTE_1900-01-01T00:00:00_pm10,p1.asantas.este,1900-01-01 00:00:00+00:00,31.545454545454547,µg/m³,PM10,mongodb,PM10
P1.ASANTAS.ESTE_1900-01-02T00:00:00_pm10,p1.asantas.este,1900-01-02 00:00:00+00:00,10.413875,µg/m³,PM10,mongodb,PM10
P1.ASANTAS.ESTE_1900-01-03T00:00:00_pm10,p1.asantas.este,1900-01-03 00:00:00+00:00,18.578833333333332,µg/m³,PM10,mongodb,PM10
P1.ASANTAS.ESTE_1900-01-04T00:00:00_pm10,p1.asantas.este,1900-01-04 00:00:00+00:00,9.979987499999998,µg/m³,PM10,mongodb,PM10
P1.ASANTAS.ESTE_1900-01-05T00:00:00_pm10,p1.asantas.este,1900-01-05 00:00:00+00:00,14.700333333333333,µg/m³,PM10,mongodb,PM10
P1.ASANTAS.ESTE_1900-01-01T00:00:00_pm10,p1.asantas.este,1900-01-01 00:00:00+00:00,18.891333333333332,µg/m³,PM10,mongodb,PM10
P1.ASANTAS.ESTE_1900-01-05T00:00:00_pm10,p1.asantas.este,1900-01-05 00:00:00+00:00,7.560227272727272,µg/m³,PM10,mongodb,PM10
P1.ASANTAS.ESTE_1900-01-01T00:00:00_pm10,p1.asantas.este,1900-01-01 00:00:00+00:00,38.30083333333334,µg/m³,PM10,mongodb,PM10
P1.ASANTAS.ESTE_1900-01-02T00:00:00_pm10,p1.asantas.este,1900-01-02 00:00:00+00:00,23.92260869565217,µg/m³,PM10,mongodb,PM10
P1.ASANTAS.ESTE_1900-01-03T00:00:00_pm10,p1.asantas.este,1900-01-03 00:00:00+00:00,24.374583333333334,µg/m³,PM10,mongodb,PM10
P1.ASANTAS.ESTE_1900-01-04T00:00:00_pm10,p1.asantas.este,1900-01-04 00:00:00+00:00,26.95179166666666,µg/m³,PM10,mongodb,PM10
P1.ASANTAS.ESTE_1900-01-05T00:00:00_pm10,p1.asantas.este,1900-01-05 00:00:00+00:00,27.80956521739131,µg/m³,PM10,mongodb,PM10
P1.ASANTAS.ESTE_1900-01-04T00:00:00_pm10,p1.asantas.este,1900-01-04 00:00:00+00:00,32.54208333333333,µg/m³,PM10,mongodb,PM10
P1.ASANTAS.ESTE_1900-01-05T00:00:00_pm10,p1.asantas.este,1900-01-05 00:00:00+00:00,31.00633333333333,µg/m³,PM10,mongodb,PM10
P1.ASANTAS.ESTE_1900-01-01T00:00:00_pm10,p1.asantas.este,1900-01-01 00:00:00+00:00,23.826521739130435,µg/m³,PM10,mongodb,PM10
P1.ASANTAS.ESTE_1900-01-02T00:00:00_pm10,p1.asantas.este,1900-01-02 00:00:00+00:00,27.75458333333333,µg/m³,PM10,mongodb,PM10
P1.ASANTAS.ESTE_1900-01-03T00:00:00_pm10,p1.asantas.este,1900-01-03 00:00:00+00:00,23.706691666666668,µg/m³,PM10,mongodb,PM10
P1.ASANTAS.ESTE_1900-01-04T00:00:00_pm10,p1.asantas.este,1900-01-04 00:00:00+00:00,29.47083333333333,µg/m³,PM10,mongodb,PM10
P1.ASANTAS.ESTE_1900-01-05T00:00:00_pm10,p1.asantas.este,1900-01-05 00:00:00+00:00,24.885741666666664,µg/m³,PM10,mongodb,PM10
P1.ASANTAS.ESTE_1900-01-03T00:00:00_pm10,p1.asantas.este,1900-01-03 00:00:00+00:00,17.452380952380956,µg/m³,PM10,mongodb,PM10
P1.ASANTAS.ESTE_1900-01-04T00:00:00_pm10,p1.asantas.este,1900-01-04 00:00:00+00:00,39.42368197278912,µg/m³,PM10,mongodb,PM10
P1.ASANTAS.ESTE_1900-01-05T00:00:00_pm10,p1.asantas.este,1900-01-05 00:00:00+00:00,25.827965561224485,µg/m³,PM10,mongodb,PM10
P1.ASANTAS.ESTE_1900-01-01T00:00:00_pm10,p1.asantas.este,1900-01-01 00:00:00+00:00,23.382996067176876,µg/m³,PM10,mongodb,PM10
P1.ASANTAS.ESTE_1900-01-01T00:00:00_pm10,p1.asantas.este,1900-01-01 00:00:00+00:00,16.042516847363945,µg/m³,PM10,mongodb,PM10
P1.ASANTAS.ESTE_1900-01-02T00:00:00_pm10,p1.asantas.este,1900-01-02 00:00:00+00:00,16.138103693664966,µg/m³,PM10,mongodb,PM10
P1.ASANTAS.ESTE_1900-01-03T00:00:00_pm10,p1.asantas.este,1900-01-03 00:00:00+00:00,23.127521258503396,µg/m³,PM10,mongodb,PM10
P1.ASANTAS.ESTE_1900-01-04T00:00:00_pm10,p1.asantas.este,1900-01-04 00:00:00+00:00,20.4281482514881,µg/m³,PM10,mongodb,PM10
P1.ASANTAS.ESTE_1900-01-05T00:00:00_pm10,p1.asantas.este,1900-01-05 00:00:00+00:00,7.167942176870749,µg/m³,PM10,mongodb,PM10
P1.ASANTAS.ESTE_1900-01-06T00:00:00_pm10,p1.asantas.este,1900-01-06 00:00:00+00:00,52.0,µg/m³,PM10,mongodb,PM10
P1.ASANTAS.ESTE_1899-12-31T00:00:00_pm10,p1.asantas.este,1899-12-31 00:00:00+00:00,44.5,µg/m³,PM10,mongodb,PM10
P1.ASANTAS.ESTE_1900-01-06T00:00:00_pm10,p1.asantas.este,1900-01-06 00:00:00+00:00,14.559708333333335,µg/m³,PM10,mongodb,PM10
P1.ASANTAS.ESTE_1899-12-31T00:00:00_pm10,p1.asantas.este,1899-12-31 00:00:00+00:00,29.292916666666667,µg/m³,PM10,mongodb,PM10
P1.ASANTAS.ESTE_1900-01-06T00:00:00_pm10,p1.asantas.este,1900-01-06 00:00:00+00:00,17.77958333333333,µg/m³,PM10,mongodb,PM10
P1.ASANTAS.ESTE_1899-12-31T00:00:00_pm10,p1.asantas.este,1899-12-31 00:00:00+00:00,31.53444683908046,µg/m³,PM10,mongodb,PM10
P1.ASANTAS.ESTE_1900-01-06T00:00:00_pm10,p1.asantas.este,1900-01-06 00:00:00+00:00,31.083333333333332,µg/m³,PM10,mongodb,PM10
P1.ASANTAS.ESTE_1899-12-31T00:00:00_pm10,p1.asantas.este,1899-12-31 00:00:00+00:00,35.166666666666664,µg/m³,PM10,mongodb,PM10
P1.ASANTAS.ESTE_1900-01-06T00:00:00_pm10,p1.asantas.este,1900-01-06 00:00:00+00:00,16.017458333333337,µg/m³,PM10,mongodb,PM10
P1.ASANTAS.ESTE_1899-12-31T00:00:00_pm10,p1.asantas.este,1899-12-31 00:00:00+00:00,18.2548875,µg/m³,PM10,mongodb,PM10
P1.ASANTAS.ESTE_1900-01-06T00:00:00_pm10,p1.asantas.este,1900-01-06 00:00:00+00:00,15.622478260869563,µg/m³,PM10,mongodb,PM10
P1.ASANTAS.ESTE_1899-12-31T00:00:00_pm10,p1.asantas.este,1899-12-31 00:00:00+00:00,29.16208333333334,µg/m³,PM10,mongodb,PM10
P1.ASANTAS.ESTE_1900-01-06T00:00:00_pm10,p1.asantas.este,1900-01-06 00:00:00+00:00,20.595909090909085,µg/m³,PM10,mongodb,PM10
P1.ASANTAS.ESTE_1899-12-31T00:00:00_pm10,p1.asantas.este,1899-12-31 00:00:00+00:00,15.284999999999997,µg/m³,PM10,mongodb,PM10
P1.ASANTAS.ESTE_1900-01-06T00:00:00_pm10,p1.asantas.este,1900-01-06 00:00:00+00:00,30.795,µg/m³,PM10,mongodb,PM10
P1.ASANTAS.ESTE_1899-12-31T00:00:00_pm10,p1.asantas.este,1899-12-31 00:00:00+00:00,24.376250000000002,µg/m³,PM10,mongodb,PM10
P1.ASANTAS.ESTE_1900-01-06T00:00:00_pm10,p1.asantas.este,1900-01-06 00:00:00+00:00,21.659654166666666,µg/m³,PM10,mongodb,PM10
P1.ASANTAS.ESTE_1899-12-31T00:00:00_pm10,p1.asantas.este,1899-12-31 00:00:00+00:00,12.793579166666666,µg/m³,PM10,mongodb,PM10
P1.ASANTAS.ESTE_1900-01-06T00:00:00_pm10,p1.asantas.este,1900-01-06 00:00:00+00:00,25.048841411564624,µg/m³,PM10,mongodb,PM10
P1.ASANTAS.ESTE_1899-12-31T00:00:00_pm10,p1.asantas.este,1899-12-31 00:00:00+00:00,13.67362882653061,µg/m³,PM10,mongodb,PM10
P1.ASANTAS.ESTE_1900-01-06T00:00:00_pm10,p1.asantas.este,1900-01-06 00:00:00+00:00,12.233690529336736,µg/m³,PM10,mongodb,PM10
P1.ASANTAS.ESTE_1899-12-31T00:00:00_pm10,p1.asantas.este,1899-12-31 00:00:00+00:00,18.236546035289116,µg/m³,PM10,mongodb,PM10
P1.OVAR.ESTE_1900-01-03T00:00:00_pm10,p1.ovar.este,1900-01-03 00:00:00+00:00,20.535789399827284,µg/m³,PM10,mongodb,PM10
P1.OVAR.ESTE_1900-01-04T00:00:00_pm10,p1.ovar.este,1900-01-04 00:00:00+00:00,11.586289831606218,µg/m³,PM10,mongodb,PM10
P1.OVAR.ESTE_1900-01-05T00:00:00_pm10,p1.ovar.este,1900-01-05 00:00:00+00:00,9.261127428756472,µg/m³,PM10,mongodb,PM10
P1.OVAR.ESTE_1900-01-01T00:00:00_pm10,p1.ovar.este,1900-01-01 00:00:00+00:00,7.752301840457687,µg/m³,PM10,mongodb,PM10
P1.OVAR.ESTE_1900-01-02T00:00:00_pm10,p1.ovar.este,1900-01-02 00:00:00+00:00,9.915953421848016,µg/m³,PM10,mongodb,PM10
P1.OVAR.ESTE_1900-01-05T00:00:00_pm10,p1.ovar.este,1900-01-05 00:00:00+00:00,13.816666666666665,µg/m³,PM10,mongodb,PM10
P1.OVAR.ESTE_1900-01-01T00:00:00_pm10,p1.ovar.este,1900-01-01 00:00:00+00:00,35.208333333333336,µg/m³,PM10,mongodb,PM10
P1.OVAR.ESTE_1900-01-02T00:00:00_pm10,p1.ovar.este,1900-01-02 00:00:00+00:00,8.55,µg/m³,PM10,mongodb,PM10
P1.OVAR.ESTE_1900-01-03T00:00:00_pm10,p1.ovar.este,1900-01-03 00:00:00+00:00,14.30833333333333,µg/m³,PM10,mongodb,PM10
P1.OVAR.ESTE_1900-01-04T00:00:00_pm10,p1.ovar.este,1900-01-04 00:00:00+00:00,11.39583333333333,µg/m³,PM10,mongodb,PM10
P1.OVAR.ESTE_1900-01-04T00:00:00_pm10,p1.ovar.este,1900-01-04 00:00:00+00:00,8.7,µg/m³,PM10,mongodb,PM10
P1.OVAR.ESTE_1900-01-05T00:00:00_pm10,p1.ovar.este,1900-01-05 00:00:00+00:00,10.2875,µg/m³,PM10,mongodb,PM10
P1.OVAR.ESTE_1900-01-01T00:00:00_pm10,p1.ovar.este,1900-01-01 00:00:00+00:00,7.633333333333334,µg/m³,PM10,mongodb,PM10
P1.OVAR.ESTE_1900-01-02T00:00:00_pm10,p1.ovar.este,1900-01-02 00:00:00+00:00,11.641666666666667,µg/m³,PM10,mongodb,PM10
P1.OVAR.ESTE_1900-01-03T00:00:00_pm10,p1.ovar.este,1900-01-03 00:00:00+00:00,19.362499999999997,µg/m³,PM10,mongodb,PM10
P1.OVAR.ESTE_1900-01-03T00:00:00_pm10,p1.ovar.este,1900-01-03 00:00:00+00:00,22.55,µg/m³,PM10,mongodb,PM10
P1.OVAR.ESTE_1900-01-04T00:00:00_pm10,p1.ovar.este,1900-01-04 00:00:00+00:00,21.037500000000005,µg/m³,PM10,mongodb,PM10
P1.OVAR.ESTE_1900-01-05T00:00:00_pm10,p1.ovar.este,1900-01-05 00:00:00+00:00,25.60416666666667,µg/m³,PM10,mongodb,PM10
P1.OVAR.ESTE_1900-01-01T00:00:00_pm10,p1.ovar.este,1900-01-01 00:00:00+00:00,15.233333333333336,µg/m³,PM10,mongodb,PM10
P1.OVAR.ESTE_1900-01-02T00:00:00_pm10,p1.ovar.este,1900-01-02 00:00:00+00:00,18.724999999999998,µg/m³,PM10,mongodb,PM10
P1.OVAR.ESTE_1900-01-06T00:00:00_pm10,p1.ovar.este,1900-01-06 00:00:00+00:00,9.123788833117445,µg/m³,PM10,mongodb,PM10
P1.OVAR.ESTE_1899-12-31T00:00:00_pm10,p1.ovar.este,1899-12-31 00:00:00+00:00,19.165449697754756,µg/m³,PM10,mongodb,PM10
P1.OVAR.ESTE_1900-01-06T00:00:00_pm10,p1.ovar.este,1900-01-06 00:00:00+00:00,18.166666666666668,µg/m³,PM10,mongodb,PM10
P1.OVAR.ESTE_1899-12-31T00:00:00_pm10,p1.ovar.este,1899-12-31 00:00:00+00:00,13.249999999999998,µg/m³,PM10,mongodb,PM10
P1.OVAR.ESTE_1900-01-06T00:00:00_pm10,p1.ovar.este,1900-01-06 00:00:00+00:00,9.829166666666667,µg/m³,PM10,mongodb,PM10
P1.OVAR.ESTE_1899-12-31T00:00:00_pm10,p1.ovar.este,1899-12-31 00:00:00+00:00,9.15,µg/m³,PM10,mongodb,PM10
P1.OVAR.ESTE_1900-01-06T00:00:00_pm10,p1.ovar.este,1900-01-06 00:00:00+00:00,15.808333333333332,µg/m³,PM10,mongodb,PM10
P1.OVAR.ESTE_1899-12-31T00:00:00_pm10,p1.ovar.este,1899-12-31 00:00:00+00:00,14.475000000000001,µg/m³,PM10,mongodb,PM10
P1.OVAR.ESTE_1900-01-01T00:00:00_pm10,p1.ovar.este,1900-01-01 00:00:00+00:00,10.133333333333333,µg/m³,PM10,mongodb,PM10
P1.PQ.NAÇOES_1900-01-01T00:00:00_pm10,p1.pq.naçoes,1900-01-01 00:00:00+00:00,104.125,µg/m³,PM10,mongodb,PM10
P1.SJVER.ESTE_1900-01-03T00:00:00_pm10,p1.sjver.este,1900-01-03 00:00:00+00:00,30.466666666666672,µg/m³,PM10,mongodb,PM10
P1.SJVER.ESTE_1900-01-04T00:00:00_pm10,p1.sjver.este,1900-01-04 00:00:00+00:00,29.170833333333338,µg/m³,PM10,mongodb,PM10
P1.SJVER.ESTE_1900-01-05T00:00:00_pm10,p1.sjver.este,1900-01-05 00:00:00+00:00,40.94166666666667,µg/m³,PM10,mongodb,PM10
P1.SJVER.ESTE_1900-01-01T00:00:00_pm10,p1.sjver.este,1900-01-01 00:00:00+00:00,15.816666666666668,µg/m³,PM10,mongodb,PM10
P1.SJVER.ESTE_1900-01-02T00:00:00_pm10,p1.sjver.este,1900-01-02 00:00:00+00:00,14.770833333333334,µg/m³,PM10,mongodb,PM10
P1.SJVER.ESTE_1900-01-02T00:00:00_pm10,p1.sjver.este,1900-01-02 00:00:00+00:00,28.603571428571428,µg/m³,PM10,mongodb,PM10
P1.SJVER.ESTE_1900-01-03T00:00:00_pm10,p1.sjver.este,1900-01-03 00:00:00+00:00,32.582142857142856,µg/m³,PM10,mongodb,PM10
P1.SJVER.ESTE_1900-01-04T00:00:00_pm10,p1.sjver.este,1900-01-04 00:00:00+00:00,43.04968944099378,µg/m³,PM10,mongodb,PM10
P1.SJVER.ESTE_1900-01-05T00:00:00_pm10,p1.sjver.este,1900-01-05 00:00:00+00:00,20.84285714285714,µg/m³,PM10,mongodb,PM10
P1.SJVER.ESTE_1900-01-01T00:00:00_pm10,p1.sjver.este,1900-01-01 00:00:00+00:00,11.770238095238092,µg/m³,PM10,mongodb,PM10
P1.SJVER.ESTE_1900-01-05T00:00:00_pm10,p1.sjver.este,1900-01-05 00:00:00+00:00,40.5,µg/m³,PM10,mongodb,PM10
P1.SJVER.ESTE_1900-01-01T00:00:00_pm10,p1.sjver.este,1900-01-01 00:00:00+00:00,17.0,µg/m³,PM10,mongodb,PM10
P1.SJVER.ESTE_1900-01-02T00:00:00_pm10,p1.sjver.este,1900-01-02 00:00:00+00:00,27.75,µg/m³,PM10,mongodb,PM10
P1.SJVER.ESTE_1900-01-03T00:00:00_pm10,p1.sjver.este,1900-01-03 00:00:00+00:00,27.666666666666668,µg/m³,PM10,mongodb,PM10
P1.SJVER.ESTE_1900-01-04T00:00:00_pm10,p1.sjver.este,1900-01-04 00:00:00+00:00,26.458333333333332,µg/m³,PM10,mongodb,PM10
P1.SJVER.ESTE_1900-01-03T00:00:00_pm10,p1.sjver.este,1900-01-03 00:00:00+00:00,52.97916666666668,µg/m³,PM10,mongodb,PM10
P1.SJVER.ESTE_1900-01-04T00:00:00_pm10,p1.sjver.este,1900-01-04 00:00:00+00:00,37.57083333333333,µg/m³,PM10,mongodb,PM10
P1.SJVER.ESTE_1900-01-05T00:00:00_pm10,p1.sjver.este,1900-01-05 00:00:00+00:00,26.466666666666672,µg/m³,PM10,mongodb,PM10
P1.SJVER.ESTE_1900-01-01T00:00:00_pm10,p1.sjver.este,1900-01-01 00:00:00+00:00,42.93333333333334,µg/m³,PM10,mongodb,PM10
P1.SJVER.ESTE_1900-01-02T00:00:00_pm10,p1.sjver.este,1900-01-02 00:00:00+00:00,41.80416666666667,µg/m³,PM10,mongodb,PM10
P1.SJVER.ESTE_1900-01-05T00:00:00_pm10,p1.sjver.este,1900-01-05 00:00:00+00:00,62.38491708588174,µg/m³,PM10,mongodb,PM10
P1.SJVER.ESTE_1900-01-02T00:00:00_pm10,p1.sjver.este,1900-01-02 00:00:00+00:00,24.187499999999996,µg/m³,PM10,mongodb,PM10
P1.SJVER.ESTE_1900-01-03T00:00:00_pm10,p1.sjver.este,1900-01-03 00:00:00+00:00,24.575000000000003,µg/m³,PM10,mongodb,PM10
P1.SJVER.ESTE_1900-01-04T00:00:00_pm10,p1.sjver.este,1900-01-04 00:00:00+00:00,42.99130434782609,µg/m³,PM10,mongodb,PM10
P1.SJVER.ESTE_1900-01-05T00:00:00_pm10,p1.sjver.este,1900-01-05 00:00:00+00:00,33.08333333333333,µg/m³,PM10,mongodb,PM10
P1.SJVER.ESTE_1900-01-01T00:00:00_pm10,p1.sjver.este,1900-01-01 00:00:00+00:00,29.225000000000005,µg/m³,PM10,mongodb,PM10
P1.SJVER.ESTE_1900-01-05T00:00:00_pm10,p1.sjver.este,1900-01-05 00:00:00+00:00,24.625000000000004,µg/m³,PM10,mongodb,PM10
P1.SJVER.ESTE_1900-01-01T00:00:00_pm10,p1.sjver.este,1900-01-01 00:00:00+00:00,31.529166666666665,µg/m³,PM10,mongodb,PM10
P1.SJVER.ESTE_1900-01-02T00:00:00_pm10,p1.sjver.este,1900-01-02 00:00:00+00:00,25.820833333333336,µg/m³,PM10,mongodb,PM10
P1.SJVER.ESTE_1900-01-03T00:00:00_pm10,p1.sjver.este,1900-01-03 00:00:00+00:00,24.683333333333334,µg/m³,PM10,mongodb,PM10
P1.SJVER.ESTE_1900-01-04T00:00:00_pm10,p1.sjver.este,1900-01-04 00:00:00+00:00,35.05833333333334,µg/m³,PM10,mongodb,PM10
P1.SJVER.ESTE_1900-01-03T00:00:00_pm10,p1.sjver.este,1900-01-03 00:00:00+00:00,24.92916666666667,µg/m³,PM10,mongodb,PM10
P1.SJVER.ESTE_1900-01-04T00:00:00_pm10,p1.sjver.este,1900-01-04 00:00:00+00:00,27.920833333333334,µg/m³,PM10,mongodb,PM10
P1.SJVER.ESTE_1900-01-05T00:00:00_pm10,p1.sjver.este,1900-01-05 00:00:00+00:00,31.85833333333333,µg/m³,PM10,mongodb,PM10
P1.SJVER.ESTE_1900-01-01T00:00:00_pm10,p1.sjver.este,1900-01-01 00:00:00+00:00,31.737500000000008,µg/m³,PM10,mongodb,PM10
P1.SJVER.ESTE_1900-01-02T00:00:00_pm10,p1.sjver.este,1900-01-02 00:00:00+00:00,24.133333333333336,µg/m³,PM10,mongodb,PM10
P1.SJVER.ESTE_1900-01-05T00:00:00_pm10,p1.sjver.este,1900-01-05 00:00:00+00:00,15.669565217391309,µg/m³,PM10,mongodb,PM10
P1.SJVER.ESTE_1900-01-06T00:00:00_pm10,p1.sjver.este,1900-01-06 00:00:00+00:00,15.341666666666663,µg/m³,PM10,mongodb,PM10
P1.SJVER.ESTE_1899-12-31T00:00:00_pm10,p1.sjver.este,1899-12-31 00:00:00+00:00,7.354166666666669,µg/m³,PM10,mongodb,PM10
P1.SJVER.ESTE_1900-01-06T00:00:00_pm10,p1.sjver.este,1900-01-06 00:00:00+00:00,20.35,µg/m³,PM10,mongodb,PM10
P1.SJVER.ESTE_1899-12-31T00:00:00_pm10,p1.sjver.este,1899-12-31 00:00:00+00:00,20.089285714285715,µg/m³,PM10,mongodb,PM10
P1.SJVER.ESTE_1900-01-06T00:00:00_pm10,p1.sjver.este,1900-01-06 00:00:00+00:00,27.916666666666668,µg/m³,PM10,mongodb,PM10
P1.SJVER.ESTE_1899-12-31T00:00:00_pm10,p1.sjver.este,1899-12-31 00:00:00+00:00,16.375,µg/m³,PM10,mongodb,PM10
P1.SJVER.ESTE_1900-01-06T00:00:00_pm10,p1.sjver.este,1900-01-06 00:00:00+00:00,28.245833333333334,µg/m³,PM10,mongodb,PM10
P1.SJVER.ESTE_1899-12-31T00:00:00_pm10,p1.sjver.este,1899-12-31 00:00:00+00:00,28.162499999999998,µg/m³,PM10,mongodb,PM10
P1.SJVER.ESTE_1900-01-06T00:00:00_pm10,p1.sjver.este,1900-01-06 00:00:00+00:00,33.05681892891981,µg/m³,PM10,mongodb,PM10
P1.SJVER.ESTE_1899-12-31T00:00:00_pm10,p1.sjver.este,1899-12-31 00:00:00+00:00,20.749105241586918,µg/m³,PM10,mongodb,PM10
P1.SJVER.ESTE_1900-01-06T00:00:00_pm10,p1.sjver.este,1900-01-06 00:00:00+00:00,23.391666666666666,µg/m³,PM10,mongodb,PM10
P1.SJVER.ESTE_1899-12-31T00:00:00_pm10,p1.sjver.este,1899-12-31 00:00:00+00:00,18.304166666666664,µg/m³,PM10,mongodb,PM10
P1.SJVER.ESTE_1900-01-06T00:00:00_pm10,p1.sjver.este,1900-01-06 00:00:00+00:00,17.56666666666667,µg/m³,PM10,mongodb,PM10
P1.SJVER.ESTE_1899-12-31T00:00:00_pm10,p1.sjver.este,1899-12-31 00:00:00+00:00,16.949999999999996,µg/m³,PM10,mongodb,PM10
P1.SJVER.ESTE_1900-01-06T00:00:00_pm10,p1.sjver.este,1900-01-06 00:00:00+00:00,23.220833333333335,µg/m³,PM10,mongodb,PM10
P1.SJVER.ESTE_1899-12-31T00:00:00_pm10,p1.sjver.este,1899-12-31 00:00:00+00:00,17.120833333333334,µg/m³,PM10,mongodb,PM10
P1.SJVER.ESTE_1900-01-06T00:00:00_pm10,p1.sjver.este,1900-01-06 00:00:00+00:00,71.25,µg/m³,PM10,mongodb,PM10
P1.SJVER.ESTE_1900-01-06T00:00:00_pm10,p1.sjver.este,1900-01-06 00:00:00+00:00,13.954166666666666,µg/m³,PM10,mongodb,PM10
P1.SJVER.ESTE_1899-12-31T00:00:00_pm10,p1.sjver.este,1899-12-31 00:00:00+00:00,19.275,µg/m³,PM10,mongodb,PM10
P1.SJVER.ESTE_1900-01-01T00:00:00_pm10,p1.sjver.este,1900-01-01 00:00:00+00:00,25.119122807017547,µg/m³,PM10,mongodb,PM10
P1.GRIJO.ESTE_1900-01-01T00:00:00_pm10,p1.grijo.este,1900-01-01 00:00:00+00:00,33.40006666666667,µg/m³,PM10,mongodb,PM10
P1.ASANTAS.ESTE_1900-01-05T00:00:00_pm10,p1.asantas.este,1900-01-05 00:00:00+00:00,36.333333333333336,µg/m³,PM10,mongodb,PM10
P1.ASANTAS.ESTE_1900-01-01T00:00:00_pm10,p1.asantas.este,1900-01-01 00:00:00+00:00,71.83333333333333,µg/m³,PM10,mongodb,PM10
P1.ASANTAS.ESTE_1900-01-02T00:00:00_pm10,p1.asantas.este,1900-01-02 00:00:00+00:00,15.333333333333334,µg/m³,PM10,mongodb,PM10
P1.ASANTAS.ESTE_1900-01-03T00:00:00_pm10,p1.asantas.este,1900-01-03 00:00:00+00:00,17.0,µg/m³,PM10,mongodb,PM10
P1.ASANTAS.ESTE_1900-01-04T00:00:00_pm10,p1.asantas.este,1900-01-04 00:00:00+00:00,22.5,µg/m³,PM10,mongodb,PM10
P1.ASANTAS.ESTE_1900-01-01T00:00:00_pm10,p1.asantas.este,1900-01-01 00:00:00+00:00,17.097208333333338,µg/m³,PM10,mongodb,PM10
P1.ASANTAS.ESTE_1900-01-02T00:00:00_pm10,p1.asantas.este,1900-01-02 00:00:00+00:00,44.947333333333326,µg/m³,PM10,mongodb,PM10
P1.ASANTAS.ESTE_1900-01-03T00:00:00_pm10,p1.asantas.este,1900-01-03 00:00:00+00:00,18.767500000000002,µg/m³,PM10,mongodb,PM10
P1.ASANTAS.ESTE_1900-01-04T00:00:00_pm10,p1.asantas.este,1900-01-04 00:00:00+00:00,14.580041666666666,µg/m³,PM10,mongodb,PM10
P1.ASANTAS.ESTE_1900-01-05T00:00:00_pm10,p1.asantas.este,1900-01-05 00:00:00+00:00,19.992916666666666,µg/m³,PM10,mongodb,PM10
P1.ASANTAS.ESTE_1900-01-02T00:00:00_pm10,p1.asantas.este,1900-01-02 00:00:00+00:00,22.416666666666668,µg/m³,PM10,mongodb,PM10
P1.ASANTAS.ESTE_1900-01-03T00:00:00_pm10,p1.asantas.este,1900-01-03 00:00:00+00:00,21.25,µg/m³,PM10,mongodb,PM10
P1.ASANTAS.ESTE_1900-01-04T00:00:00_pm10,p1.asantas.este,1900-01-04 00:00:00+00:00,24.25,µg/m³,PM10,mongodb,PM10
P1.ASANTAS.ESTE_1900-01-05T00:00:00_pm10,p1.asantas.este,1900-01-05 00:00:00+00:00,27.583333333333332,µg/m³,PM10,mongodb,PM10
P1.ASANTAS.ESTE_1900-01-01T00:00:00_pm10,p1.asantas.este,1900-01-01 00:00:00+00:00,31.545454545454547,µg/m³,PM10,mongodb,PM10
P1.ASANTAS.ESTE_1900-01-02T00:00:00_pm10,p1.asantas.este,1900-01-02 00:00:00+00:00,10.413875,µg/m³,PM10,mongodb,PM10
P1.ASANTAS.ESTE_1900-01-03T00:00:00_pm10,p1.asantas.este,1900-01-03 00:00:00+00:00,18.578833333333332,µg/m³,PM10,mongodb,PM10
P1.ASANTAS.ESTE_1900-01-04T00:00:00_pm10,p1.asantas.este,1900-01-04 00:00:00+00:00,9.979987499999998,µg/m³,PM10,mongodb,PM10
P1.ASANTAS.ESTE_1900-01-05T00:00:00_pm10,p1.asantas.este,1900-01-05 00:00:00+00:00,14.700333333333333,µg/m³,PM10,mongodb,PM10
P1.ASANTAS.ESTE_1900-01-01T00:00:00_pm10,p1.asantas.este,1900-01-01 00:00:00+00:00,18.891333333333332,µg/m³,PM10,mongodb,PM10
P1.ASANTAS.ESTE_1900-01-05T00:00:00_pm10,p1.asantas.este,1900-01-05 00:00:00+00:00,7.560227272727272,µg/m³,PM10,mongodb,PM10
P1.ASANTAS.ESTE_1900-01-01T00:00:00_pm10,p1.asantas.este,1900-01-01 00:00:00+00:00,38.30083333333334,µg/m³,PM10,mongodb,PM10
P1.ASANTAS.ESTE_1900-01-02T00:00:00_pm10,p1.asantas.este,1900-01-02 00:00:00+00:00,23.92260869565217,µg/m³,PM10,mongodb,PM10
P1.ASANTAS.ESTE_1900-01-03T00:00:00_pm10,p1.asantas.este,1900-01-03 00:00:00+00:00,24.374583333333334,µg/m³,PM10,mongodb,PM10
P1.ASANTAS.ESTE_1900-01-04T00:00:00_pm10,p1.asantas.este,1900-01-04 00:00:00+00:00,26.95179166666666,µg/m³,PM10,mongodb,PM10
P1.ASANTAS.ESTE_1900-01-05T00:00:00_pm10,p1.asantas.este,1900-01-05 00:00:00+00:00,27.80956521739131,µg/m³,PM10,mongodb,PM10
P1.ASANTAS.ESTE_1900-01-04T00:00:00_pm10,p1.asantas.este,1900-01-04 00:00:00+00:00,32.54208333333333,µg/m³,PM10,mongodb,PM10
P1.ASANTAS.ESTE_1900-01-05T00:00:00_pm10,p1.asantas.este,1900-01-05 00:00:00+00:00,31.00633333333333,µg/m³,PM10,mongodb,PM10
P1.ASANTAS.ESTE_1900-01-01T00:00:00_pm10,p1.asantas.este,1900-01-01 00:00:00+00:00,23.826521739130435,µg/m³,PM10,mongodb,PM10
P1.ASANTAS.ESTE_1900-01-02T00:00:00_pm10,p1.asantas.este,1900-01-02 00:00:00+00:00,27.75458333333333,µg/m³,PM10,mongodb,PM10
P1.ASANTAS.ESTE_1900-01-03T00:00:00_pm10,p1.asantas.este,1900-01-03 00:00:00+00:00,23.706691666666668,µg/m³,PM10,mongodb,PM10
P1.ASANTAS.ESTE_1900-01-04T00:00:00_pm10,p1.asantas.este,1900-01-04 00:00:00+00:00,29.47083333333333,µg/m³,PM10,mongodb,PM10
P1.ASANTAS.ESTE_1900-01-05T00:00:00_pm10,p1.asantas.este,1900-01-05 00:00:00+00:00,24.885741666666664,µg/m³,PM10,mongodb,PM10
P1.ASANTAS.ESTE_1900-01-03T00:00:00_pm10,p1.asantas.este,1900-01-03 00:00:00+00:00,17.452380952380956,µg/m³,PM10,mongodb,PM10
P1.ASANTAS.ESTE_1900-01-04T00:00:00_pm10,p1.asantas.este,1900-01-04 00:00:00+00:00,39.42368197278912,µg/m³,PM10,mongodb,PM10
P1.ASANTAS.ESTE_1900-01-05T00:00:00_pm10,p1.asantas.este,1900-01-05 00:00:00+00:00,25.827965561224485,µg/m³,PM10,mongodb,PM10
P1.ASANTAS.ESTE_1900-01-01T00:00:00_pm10,p1.asantas.este,1900-01-01 00:00:00+00:00,23.382996067176876,µg/m³,PM10,mongodb,PM10
P1.ASANTAS.ESTE_1900-01-01T00:00:00_pm10,p1.asantas.este,1900-01-01 00:00:00+00:00,16.042516847363945,µg/m³,PM10,mongodb,PM10
P1.ASANTAS.ESTE_1900-01-02T00:00:00_pm10,p1.asantas.este,1900-01-02 00:00:00+00:00,16.138103693664966,µg/m³,PM10,mongodb,PM10
P1.ASANTAS.ESTE_1900-01-03T00:00:00_pm10,p1.asantas.este,1900-01-03 00:00:00+00:00,23.127521258503396,µg/m³,PM10,mongodb,PM10
P1.ASANTAS.ESTE_1900-01-04T00:00:00_pm10,p1.asantas.este,1900-01-04 00:00:00+00:00,20.4281482514881,µg/m³,PM10,mongodb,PM10
P1.ASANTAS.ESTE_1900-01-05T00:00:00_pm10,p1.asantas.este,1900-01-05 00:00:00+00:00,7.167942176870749,µg/m³,PM10,mongodb,PM10
P1.ASANTAS.ESTE_1900-01-06T00:00:00_pm10,p1.asantas.este,1900-01-06 00:00:00+00:00,52.0,µg/m³,PM10,mongodb,PM10
P1.ASANTAS.ESTE_1899-12-31T00:00:00_pm10,p1.asantas.este,1899-12-31 00:00:00+00:00,44.5,µg/m³,PM10,mongodb,PM10
P1.ASANTAS.ESTE_1900-01-06T00:00:00_pm10,p1.asantas.este,1900-01-06 00:00:00+00:00,14.559708333333335,µg/m³,PM10,mongodb,PM10
P1.ASANTAS.ESTE_1899-12-31T00:00:00_pm10,p1.asantas.este,1899-12-31 00:00:00+00:00,29.292916666666667,µg/m³,PM10,mongodb,PM10
P1.ASANTAS.ESTE_1900-01-06T00:00:00_pm10,p1.asantas.este,1900-01-06 00:00:00+00:00,17.77958333333333,µg/m³,PM10,mongodb,PM10
P1.ASANTAS.ESTE_1899-12-31T00:00:00_pm10,p1.asantas.este,1899-12-31 00:00:00+00:00,31.53444683908046,µg/m³,PM10,mongodb,PM10
P1.ASANTAS.ESTE_1900-01-06T00:00:00_pm10,p1.asantas.este,1900-01-06 00:00:00+00:00,31.083333333333332,µg/m³,PM10,mongodb,PM10
P1.ASANTAS.ESTE_1899-12-31T00:00:00_pm10,p1.asantas.este,1899-12-31 00:00:00+00:00,35.166666666666664,µg/m³,PM10,mongodb,PM10
P1.ASANTAS.ESTE_1900-01-06T00:00:00_pm10,p1.asantas.este,1900-01-06 00:00:00+00:00,16.017458333333337,µg/m³,PM10,mongodb,PM10
P1.ASANTAS.ESTE_1899-12-31T00:00:00_pm10,p1.asantas.este,1899-12-31 00:00:00+00:00,18.2548875,µg/m³,PM10,mongodb,PM10
P1.ASANTAS.ESTE_1900-01-06T00:00:00_pm10,p1.asantas.este,1900-01-06 00:00:00+00:00,15.622478260869563,µg/m³,PM10,mongodb,PM10
P1.ASANTAS.ESTE_1899-12-31T00:00:00_pm10,p1.asantas.este,1899-12-31 00:00:00+00:00,29.16208333333334,µg/m³,PM10,mongodb,PM10
P1.ASANTAS.ESTE_1900-01-06T00:00:00_pm10,p1.asantas.este,1900-01-06 00:00:00+00:00,20.595909090909085,µg/m³,PM10,mongodb,PM10
P1.ASANTAS.ESTE_1899-12-31T00:00:00_pm10,p1.asantas.este,1899-12-31 00:00:00+00:00,15.284999999999997,µg/m³,PM10,mongodb,PM10
P1.ASANTAS.ESTE_1900-01-06T00:00:00_pm10,p1.asantas.este,1900-01-06 00:00:00+00:00,30.795,µg/m³,PM10,mongodb,PM10
P1.ASANTAS.ESTE_1899-12-31T00:00:00_pm10,p1.asantas.este,1899-12-31 00:00:00+00:00,24.376250000000002,µg/m³,PM10,mongodb,PM10
P1.ASANTAS.ESTE_1900-01-06T00:00:00_pm10,p1.asantas.este,1900-01-06 00:00:00+00:00,21.659654166666666,µg/m³,PM10,mongodb,PM10
P1.ASANTAS.ESTE_1899-12-31T00:00:00_pm10,p1.asantas.este,1899-12-31 00:00:00+00:00,12.793579166666666,µg/m³,PM10,mongodb,PM10
P1.ASANTAS.ESTE_1900-01-06T00:00:00_pm10,p1.asantas.este,1900-01-06 00:00:00+00:00,25.048841411564624,µg/m³,PM10,mongodb,PM10
P1.ASANTAS.ESTE_1899-12-31T00:00:00_pm10,p1.asantas.este,1899-12-31 00:00:00+00:00,13.67362882653061,µg/m³,PM10,mongodb,PM10
P1.ASANTAS.ESTE_1900-01-06T00:00:00_pm10,p1.asantas.este,1900-01-06 00:00:00+00:00,12.233690529336736,µg/m³,PM10,mongodb,PM10
P1.ASANTAS.ESTE_1899-12-31T00:00:00_pm10,p1.asantas.este,1899-12-31 00:00:00+00:00,18.236546035289116,µg/m³,PM10,mongodb,PM10
P1.PQ.NAÇOES_1900-01-01T00:00:00_temp,p1.pq.naçoes,1900-01-01 00:00:00+00:00,17.855,°C,Temperature,mongodb,Temperature
P1.GRIJO.ESTE_1900-01-01T00:00:00_temp,p1.grijo.este,1900-01-01 00:00:00+00:00,11.26,°C,Temperature,mongodb,Temperature
P1.PQ.NAÇOES_1900-01-01T00:00:00_temp,p1.pq.naçoes,1900-01-01 00:00:00+00:00,17.855,°C,Temperature,mongodb,Temperature
P1.GRIJO.ESTE_1900-01-01T00:00:00_temp,p1.grijo.este,1900-01-01 00:00:00+00:00,11.26,°C,Temperature,mongodb,Temperature
CTSa-gr03,empresa de electricidade dos açores s.a. - central termoeléctrica do pico - grupo 03,1899-12-30 12:00:00+00:00,6.48596618601665,%,O2,mongodb,O2
CTB-gr05,grupo 5,1899-12-30 12:00:00+00:00,5.379381437072234,%,O2,mongodb,O2
CTSb-gr07,grupo 7,1899-12-30 12:00:00+00:00,6.7442606989303675,%,O2,mongodb,O2
CCB-xs13,"coficab portugal - companhia de fios e cabos, lda. - 10549 - extrusora 1",2107-10-18 12:00:00+00:00,0.5,%,O2,mongodb,O2
0.0,mg/Nm³,CTSa-gr03,1899-12-30 12:00:00+00:00,empresa de electricidade dos açores s.a. - central termoeléctrica do pico - grupo 03,Bromides,mongodb,Bromides
0.0,mg/Nm³,CTB-gr05,1899-12-30 12:00:00+00:00,grupo 5,Bromides,mongodb,Bromides
0.0,mg/Nm³,CTSb-gr07,1899-12-30 12:00:00+00:00,grupo 7,Bromides,mongodb,Bromides
0.0,mg/Nm³,CCB-xs13,2107-10-18 12:00:00+00:00,"coficab portugal - companhia de fios e cabos, lda. - 10549 - extrusora 1",Bromides,mongodb,Bromides
0.0,mg/Nm³,CTSa-gr03,1899-12-30 12:00:00+00:00,empresa de electricidade dos açores s.a. - central termoeléctrica do pico - grupo 03,Fluorides,mongodb,Fluorides
0.0,mg/Nm³,CTB-gr05,1899-12-30 12:00:00+00:00,grupo 5,Fluorides,mongodb,Fluorides
0.0,mg/Nm³,CTSb-gr07,1899-12-30 12:00:00+00:00,grupo 7,Fluorides,mongodb,Fluorides
0.0,mg/Nm³,CCB-xs13,2107-10-18 12:00:00+00:00,"coficab portugal - companhia de fios e cabos, lda. - 10549 - extrusora 1",Fluorides,mongodb,Fluorides
0.0,mg/Nm³,CTSa-gr03,1899-12-30 12:00:00+00:00,empresa de electricidade dos açores s.a. - central termoeléctrica do pico - grupo 03,VOC,mongodb,VOC
0.0,mg/Nm³,CTB-gr05,1899-12-30 12:00:00+00:00,grupo 5,VOC,mongodb,VOC
14.096945691443736,mg/Nm³,CTSb-gr07,1899-12-30 12:00:00+00:00,grupo 7,VOC,mongodb,VOC
2.0114018055227336,mg/Nm³,CCB-xs13,2107-10-18 12:00:00+00:00,"coficab portugal - companhia de fios e cabos, lda. - 10549 - extrusora 1",VOC,mongodb,VOC
P1.OVAR.ESTE_1900-01-06T00:00:00_wd,p1.ovar.este,1900-01-06 00:00:00+00:00,0.0,Degree,WindDirection,mongodb,WindDirection
P1.OVAR.ESTE_1899-12-31T00:00:00_wd,p1.ovar.este,1899-12-31 00:00:00+00:00,0.0,Degree,WindDirection,mongodb,WindDirection
P1.OVAR.ESTE_1900-01-06T00:00:00_wd,p1.ovar.este,1900-01-06 00:00:00+00:00,0.0,Degree,WindDirection,mongodb,WindDirection
P1.OVAR.ESTE_1899-12-31T00:00:00_wd,p1.ovar.este,1899-12-31 00:00:00+00:00,0.0,Degree,WindDirection,mongodb,WindDirection
P1.OVAR.ESTE_1900-01-06T00:00:00_wd,p1.ovar.este,1900-01-06 00:00:00+00:00,0.0,Degree,WindDirection,mongodb,WindDirection
P1.OVAR.ESTE_1899-12-31T00:00:00_wd,p1.ovar.este,1899-12-31 00:00:00+00:00,0.0,Degree,WindDirection,mongodb,WindDirection
P1.OVAR.ESTE_1900-01-06T00:00:00_wd,p1.ovar.este,1900-01-06 00:00:00+00:00,0.0,Degree,WindDirection,mongodb,WindDirection
P1.OVAR.ESTE_1899-12-31T00:00:00_wd,p1.ovar.este,1899-12-31 00:00:00+00:00,0.0,Degree,WindDirection,mongodb,WindDirection
P1.OVAR.ESTE_1900-01-01T00:00:00_wd,p1.ovar.este,1900-01-01 00:00:00+00:00,120.2,Degree,WindDirection,mongodb,WindDirection
P1.PQ.NAÇOES_1900-01-01T00:00:00_wd,p1.pq.naçoes,1900-01-01 00:00:00+00:00,227.77333333333334,Degree,WindDirection,mongodb,WindDirection
P1.SJVER.ESTE_1900-01-06T00:00:00_wd,p1.sjver.este,1900-01-06 00:00:00+00:00,0.0,Degree,WindDirection,mongodb,WindDirection
P1.SJVER.ESTE_1899-12-31T00:00:00_wd,p1.sjver.este,1899-12-31 00:00:00+00:00,0.0,Degree,WindDirection,mongodb,WindDirection
P1.SJVER.ESTE_1900-01-06T00:00:00_wd,p1.sjver.este,1900-01-06 00:00:00+00:00,0.0,Degree,WindDirection,mongodb,WindDirection
P1.SJVER.ESTE_1899-12-31T00:00:00_wd,p1.sjver.este,1899-12-31 00:00:00+00:00,0.0,Degree,WindDirection,mongodb,WindDirection
P1.SJVER.ESTE_1900-01-06T00:00:00_wd,p1.sjver.este,1900-01-06 00:00:00+00:00,0.0,Degree,WindDirection,mongodb,WindDirection
P1.SJVER.ESTE_1899-12-31T00:00:00_wd,p1.sjver.este,1899-12-31 00:00:00+00:00,0.0,Degree,WindDirection,mongodb,WindDirection
P1.SJVER.ESTE_1900-01-06T00:00:00_wd,p1.sjver.este,1900-01-06 00:00:00+00:00,0.0,Degree,WindDirection,mongodb,WindDirection
P1.SJVER.ESTE_1899-12-31T00:00:00_wd,p1.sjver.este,1899-12-31 00:00:00+00:00,0.0,Degree,WindDirection,mongodb,WindDirection
P1.SJVER.ESTE_1900-01-06T00:00:00_wd,p1.sjver.este,1900-01-06 00:00:00+00:00,0.0,Degree,WindDirection,mongodb,WindDirection
P1.SJVER.ESTE_1899-12-31T00:00:00_wd,p1.sjver.este,1899-12-31 00:00:00+00:00,0.0,Degree,WindDirection,mongodb,WindDirection
P1.SJVER.ESTE_1900-01-06T00:00:00_wd,p1.sjver.este,1900-01-06 00:00:00+00:00,0.0,Degree,WindDirection,mongodb,WindDirection
P1.SJVER.ESTE_1899-12-31T00:00:00_wd,p1.sjver.este,1899-12-31 00:00:00+00:00,0.0,Degree,WindDirection,mongodb,WindDirection
P1.SJVER.ESTE_1900-01-06T00:00:00_wd,p1.sjver.este,1900-01-06 00:00:00+00:00,0.0,Degree,WindDirection,mongodb,WindDirection
P1.SJVER.ESTE_1899-12-31T00:00:00_wd,p1.sjver.este,1899-12-31 00:00:00+00:00,0.0,Degree,WindDirection,mongodb,WindDirection
P1.SJVER.ESTE_1900-01-06T00:00:00_wd,p1.sjver.este,1900-01-06 00:00:00+00:00,0.0,Degree,WindDirection,mongodb,WindDirection
P1.SJVER.ESTE_1899-12-31T00:00:00_wd,p1.sjver.este,1899-12-31 00:00:00+00:00,0.0,Degree,WindDirection,mongodb,WindDirection
P1.SJVER.ESTE_1900-01-06T00:00:00_wd,p1.sjver.este,1900-01-06 00:00:00+00:00,0.0,Degree,WindDirection,mongodb,WindDirection
P1.SJVER.ESTE_1900-01-06T00:00:00_wd,p1.sjver.este,1900-01-06 00:00:00+00:00,0.0,Degree,WindDirection,mongodb,WindDirection
P1.SJVER.ESTE_1899-12-31T00:00:00_wd,p1.sjver.este,1899-12-31 00:00:00+00:00,0.0,Degree,WindDirection,mongodb,WindDirection
P1.SJVER.ESTE_1900-01-01T00:00:00_wd,p1.sjver.este,1900-01-01 00:00:00+00:00,163.43578333333335,Degree,WindDirection,mongodb,WindDirection
P1.GRIJO.ESTE_1900-01-01T00:00:00_wd,p1.grijo.este,1900-01-01 00:00:00+00:00,119.06666666666666,Degree,WindDirection,mongodb,WindDirection
P1.ASANTAS.ESTE_1900-01-06T00:00:00_wd,p1.asantas.este,1900-01-06 00:00:00+00:00,0.0,Degree,WindDirection,mongodb,WindDirection
P1.ASANTAS.ESTE_1899-12-31T00:00:00_wd,p1.asantas.este,1899-12-31 00:00:00+00:00,0.0,Degree,WindDirection,mongodb,WindDirection
P1.ASANTAS.ESTE_1900-01-06T00:00:00_wd,p1.asantas.este,1900-01-06 00:00:00+00:00,0.0,Degree,WindDirection,mongodb,WindDirection
P1.ASANTAS.ESTE_1899-12-31T00:00:00_wd,p1.asantas.este,1899-12-31 00:00:00+00:00,0.0,Degree,WindDirection,mongodb,WindDirection
P1.ASANTAS.ESTE_1900-01-06T00:00:00_wd,p1.asantas.este,1900-01-06 00:00:00+00:00,0.0,Degree,WindDirection,mongodb,WindDirection
P1.ASANTAS.ESTE_1899-12-31T00:00:00_wd,p1.asantas.este,1899-12-31 00:00:00+00:00,0.0,Degree,WindDirection,mongodb,WindDirection
P1.ASANTAS.ESTE_1900-01-06T00:00:00_wd,p1.asantas.este,1900-01-06 00:00:00+00:00,0.0,Degree,WindDirection,mongodb,WindDirection
P1.ASANTAS.ESTE_1899-12-31T00:00:00_wd,p1.asantas.este,1899-12-31 00:00:00+00:00,0.0,Degree,WindDirection,mongodb,WindDirection
P1.ASANTAS.ESTE_1900-01-06T00:00:00_wd,p1.asantas.este,1900-01-06 00:00:00+00:00,0.0,Degree,WindDirection,mongodb,WindDirection
P1.ASANTAS.ESTE_1899-12-31T00:00:00_wd,p1.asantas.este,1899-12-31 00:00:00+00:00,0.0,Degree,WindDirection,mongodb,WindDirection
P1.ASANTAS.ESTE_1900-01-06T00:00:00_wd,p1.asantas.este,1900-01-06 00:00:00+00:00,0.0,Degree,WindDirection,mongodb,WindDirection
P1.ASANTAS.ESTE_1899-12-31T00:00:00_wd,p1.asantas.este,1899-12-31 00:00:00+00:00,0.0,Degree,WindDirection,mongodb,WindDirection
P1.ASANTAS.ESTE_1900-01-06T00:00:00_wd,p1.asantas.este,1900-01-06 00:00:00+00:00,0.0,Degree,WindDirection,mongodb,WindDirection
P1.ASANTAS.ESTE_1899-12-31T00:00:00_wd,p1.asantas.este,1899-12-31 00:00:00+00:00,0.0,Degree,WindDirection,mongodb,WindDirection
P1.ASANTAS.ESTE_1900-01-06T00:00:00_wd,p1.asantas.este,1900-01-06 00:00:00+00:00,0.0,Degree,WindDirection,mongodb,WindDirection
P1.ASANTAS.ESTE_1899-12-31T00:00:00_wd,p1.asantas.este,1899-12-31 00:00:00+00:00,0.0,Degree,WindDirection,mongodb,WindDirection
P1.ASANTAS.ESTE_1900-01-06T00:00:00_wd,p1.asantas.este,1900-01-06 00:00:00+00:00,0.0,Degree,WindDirection,mongodb,WindDirection
P1.ASANTAS.ESTE_1899-12-31T00:00:00_wd,p1.asantas.este,1899-12-31 00:00:00+00:00,0.0,Degree,WindDirection,mongodb,WindDirection
P1.ASANTAS.ESTE_1900-01-06T00:00:00_wd,p1.asantas.este,1900-01-06 00:00:00+00:00,0.0,Degree,WindDirection,mongodb,WindDirection
P1.ASANTAS.ESTE_1899-12-31T00:00:00_wd,p1.asantas.este,1899-12-31 00:00:00+00:00,0.0,Degree,WindDirection,mongodb,WindDirection
P1.ASANTAS.ESTE_1900-01-06T00:00:00_wd,p1.asantas.este,1900-01-06 00:00:00+00:00,0.0,Degree,WindDirection,mongodb,WindDirection
P1.ASANTAS.ESTE_1899-12-31T00:00:00_wd,p1.asantas.este,1899-12-31 00:00:00+00:00,0.0,Degree,WindDirection,mongodb,WindDirection
P1.OVAR.ESTE_1900-01-06T00:00:00_wd,p1.ovar.este,1900-01-06 00:00:00+00:00,0.0,Degree,WindDirection,mongodb,WindDirection
P1.OVAR.ESTE_1899-12-31T00:00:00_wd,p1.ovar.este,1899-12-31 00:00:00+00:00,0.0,Degree,WindDirection,mongodb,WindDirection
P1.OVAR.ESTE_1900-01-06T00:00:00_wd,p1.ovar.este,1900-01-06 00:00:00+00:00,0.0,Degree,WindDirection,mongodb,WindDirection
P1.OVAR.ESTE_1899-12-31T00:00:00_wd,p1.ovar.este,1899-12-31 00:00:00+00:00,0.0,Degree,WindDirection,mongodb,WindDirection
P1.OVAR.ESTE_1900-01-06T00:00:00_wd,p1.ovar.este,1900-01-06 00:00:00+00:00,0.0,Degree,WindDirection,mongodb,WindDirection
P1.OVAR.ESTE_1899-12-31T00:00:00_wd,p1.ovar.este,1899-12-31 00:00:00+00:00,0.0,Degree,WindDirection,mongodb,WindDirection
P1.OVAR.ESTE_1900-01-06T00:00:00_wd,p1.ovar.este,1900-01-06 00:00:00+00:00,0.0,Degree,WindDirection,mongodb,WindDirection
P1.OVAR.ESTE_1899-12-31T00:00:00_wd,p1.ovar.este,1899-12-31 00:00:00+00:00,0.0,Degree,WindDirection,mongodb,WindDirection
P1.OVAR.ESTE_1900-01-01T00:00:00_wd,p1.ovar.este,1900-01-01 00:00:00+00:00,120.2,Degree,WindDirection,mongodb,WindDirection
P1.PQ.NAÇOES_1900-01-01T00:00:00_wd,p1.pq.naçoes,1900-01-01 00:00:00+00:00,227.77333333333334,Degree,WindDirection,mongodb,WindDirection
P1.SJVER.ESTE_1900-01-06T00:00:00_wd,p1.sjver.este,1900-01-06 00:00:00+00:00,0.0,Degree,WindDirection,mongodb,WindDirection
P1.SJVER.ESTE_1899-12-31T00:00:00_wd,p1.sjver.este,1899-12-31 00:00:00+00:00,0.0,Degree,WindDirection,mongodb,WindDirection
P1.SJVER.ESTE_1900-01-06T00:00:00_wd,p1.sjver.este,1900-01-06 00:00:00+00:00,0.0,Degree,WindDirection,mongodb,WindDirection
P1.SJVER.ESTE_1899-12-31T00:00:00_wd,p1.sjver.este,1899-12-31 00:00:00+00:00,0.0,Degree,WindDirection,mongodb,WindDirection
P1.SJVER.ESTE_1900-01-06T00:00:00_wd,p1.sjver.este,1900-01-06 00:00:00+00:00,0.0,Degree,WindDirection,mongodb,WindDirection
P1.SJVER.ESTE_1899-12-31T00:00:00_wd,p1.sjver.este,1899-12-31 00:00:00+00:00,0.0,Degree,WindDirection,mongodb,WindDirection
P1.SJVER.ESTE_1900-01-06T00:00:00_wd,p1.sjver.este,1900-01-06 00:00:00+00:00,0.0,Degree,WindDirection,mongodb,WindDirection
P1.SJVER.ESTE_1899-12-31T00:00:00_wd,p1.sjver.este,1899-12-31 00:00:00+00:00,0.0,Degree,WindDirection,mongodb,WindDirection
P1.SJVER.ESTE_1900-01-06T00:00:00_wd,p1.sjver.este,1900-01-06 00:00:00+00:00,0.0,Degree,WindDirection,mongodb,WindDirection
P1.SJVER.ESTE_1899-12-31T00:00:00_wd,p1.sjver.este,1899-12-31 00:00:00+00:00,0.0,Degree,WindDirection,mongodb,WindDirection
P1.SJVER.ESTE_1900-01-06T00:00:00_wd,p1.sjver.este,1900-01-06 00:00:00+00:00,0.0,Degree,WindDirection,mongodb,WindDirection
P1.SJVER.ESTE_1899-12-31T00:00:00_wd,p1.sjver.este,1899-12-31 00:00:00+00:00,0.0,Degree,WindDirection,mongodb,WindDirection
P1.SJVER.ESTE_1900-01-06T00:00:00_wd,p1.sjver.este,1900-01-06 00:00:00+00:00,0.0,Degree,WindDirection,mongodb,WindDirection
P1.SJVER.ESTE_1899-12-31T00:00:00_wd,p1.sjver.este,1899-12-31 00:00:00+00:00,0.0,Degree,WindDirection,mongodb,WindDirection
P1.SJVER.ESTE_1900-01-06T00:00:00_wd,p1.sjver.este,1900-01-06 00:00:00+00:00,0.0,Degree,WindDirection,mongodb,WindDirection
P1.SJVER.ESTE_1899-12-31T00:00:00_wd,p1.sjver.este,1899-12-31 00:00:00+00:00,0.0,Degree,WindDirection,mongodb,WindDirection
P1.SJVER.ESTE_1900-01-06T00:00:00_wd,p1.sjver.este,1900-01-06 00:00:00+00:00,0.0,Degree,WindDirection,mongodb,WindDirection
P1.SJVER.ESTE_1900-01-06T00:00:00_wd,p1.sjver.este,1900-01-06 00:00:00+00:00,0.0,Degree,WindDirection,mongodb,WindDirection
P1.SJVER.ESTE_1899-12-31T00:00:00_wd,p1.sjver.este,1899-12-31 00:00:00+00:00,0.0,Degree,WindDirection,mongodb,WindDirection
P1.SJVER.ESTE_1900-01-01T00:00:00_wd,p1.sjver.este,1900-01-01 00:00:00+00:00,163.43578333333335,Degree,WindDirection,mongodb,WindDirection
P1.GRIJO.ESTE_1900-01-01T00:00:00_wd,p1.grijo.este,1900-01-01 00:00:00+00:00,119.06666666666666,Degree,WindDirection,mongodb,WindDirection
P1.ASANTAS.ESTE_1900-01-06T00:00:00_wd,p1.asantas.este,1900-01-06 00:00:00+00:00,0.0,Degree,WindDirection,mongodb,WindDirection
P1.ASANTAS.ESTE_1899-12-31T00:00:00_wd,p1.asantas.este,1899-12-31 00:00:00+00:00,0.0,Degree,WindDirection,mongodb,WindDirection
P1.ASANTAS.ESTE_1900-01-06T00:00:00_wd,p1.asantas.este,1900-01-06 00:00:00+00:00,0.0,Degree,WindDirection,mongodb,WindDirection
P1.ASANTAS.ESTE_1899-12-31T00:00:00_wd,p1.asantas.este,1899-12-31 00:00:00+00:00,0.0,Degree,WindDirection,mongodb,WindDirection
P1.ASANTAS.ESTE_1900-01-06T00:00:00_wd,p1.asantas.este,1900-01-06 00:00:00+00:00,0.0,Degree,WindDirection,mongodb,WindDirection
P1.ASANTAS.ESTE_1899-12-31T00:00:00_wd,p1.asantas.este,1899-12-31 00:00:00+00:00,0.0,Degree,WindDirection,mongodb,WindDirection
P1.ASANTAS.ESTE_1900-01-06T00:00:00_wd,p1.asantas.este,1900-01-06 00:00:00+00:00,0.0,Degree,WindDirection,mongodb,WindDirection
P1.ASANTAS.ESTE_1899-12-31T00:00:00_wd,p1.asantas.este,1899-12-31 00:00:00+00:00,0.0,Degree,WindDirection,mongodb,WindDirection
P1.ASANTAS.ESTE_1900-01-06T00:00:00_wd,p1.asantas.este,1900-01-06 00:00:00+00:00,0.0,Degree,WindDirection,mongodb,WindDirection
P1.ASANTAS.ESTE_1899-12-31T00:00:00_wd,p1.asantas.este,1899-12-31 00:00:00+00:00,0.0,Degree,WindDirection,mongodb,WindDirection
P1.ASANTAS.ESTE_1900-01-06T00:00:00_wd,p1.asantas.este,1900-01-06 00:00:00+00:00,0.0,Degree,WindDirection,mongodb,WindDirection
P1.ASANTAS.ESTE_1899-12-31T00:00:00_wd,p1.asantas.este,1899-12-31 00:00:00+00:00,0.0,Degree,WindDirection,mongodb,WindDirection
P1.ASANTAS.ESTE_1900-01-06T00:00:00_wd,p1.asantas.este,1900-01-06 00:00:00+00:00,0.0,Degree,WindDirection,mongodb,WindDirection
P1.ASANTAS.ESTE_1899-12-31T00:00:00_wd,p1.asantas.este,1899-12-31 00:00:00+00:00,0.0,Degree,WindDirection,mongodb,WindDirection
P1.ASANTAS.ESTE_1900-01-06T00:00:00_wd,p1.asantas.este,1900-01-06 00:00:00+00:00,0.0,Degree,WindDirection,mongodb,WindDirection
P1.ASANTAS.ESTE_1899-12-31T00:00:00_wd,p1.asantas.este,1899-12-31 00:00:00+00:00,0.0,Degree,WindDirection,mongodb,WindDirection
P1.ASANTAS.ESTE_1900-01-06T00:00:00_wd,p1.asantas.este,1900-01-06 00:00:00+00:00,0.0,Degree,WindDirection,mongodb,WindDirection
P1.ASANTAS.ESTE_1899-12-31T00:00:00_wd,p1.asantas.este,1899-12-31 00:00:00+00:00,0.0,Degree,WindDirection,mongodb,WindDirection
P1.ASANTAS.ESTE_1900-01-06T00:00:00_wd,p1.asantas.este,1900-01-06 00:00:00+00:00,0.0,Degree,WindDirection,mongodb,WindDirection
P1.ASANTAS.ESTE_1899-12-31T00:00:00_wd,p1.asantas.este,1899-12-31 00:00:00+00:00,0.0,Degree,WindDirection,mongodb,WindDirection
P1.ASANTAS.ESTE_1900-01-06T00:00:00_wd,p1.asantas.este,1900-01-06 00:00:00+00:00,0.0,Degree,WindDirection,mongodb,WindDirection
P1.ASANTAS.ESTE_1899-12-31T00:00:00_wd,p1.asantas.este,1899-12-31 00:00:00+00:00,0.0,Degree,WindDirection,mongodb,WindDirection
7.0,mg/Nm³,CTSa-gr03,1899-12-30 12:00:00+00:00,empresa de electricidade dos açores s.a. - central termoeléctrica do pico - grupo 03,H2S,mongodb,H2S
0.34375643903077135,mg/Nm³,CTB-gr05,1899-12-30 12:00:00+00:00,grupo 5,H2S,mongodb,H2S
3.0710924898794953,mg/Nm³,CTSb-gr07,1899-12-30 12:00:00+00:00,grupo 7,H2S,mongodb,H2S
7.0,mg/Nm³,CCB-xs13,2107-10-18 12:00:00+00:00,"coficab portugal - companhia de fios e cabos, lda. - 10549 - extrusora 1",H2S,mongodb,H2S
"P1.OVAR.ESTE_1900-01-06T00:00:00_pm2,5",p1.ovar.este,1900-01-06 00:00:00+00:00,0.0,µg/m³,PM25,mongodb,PM25
"P1.OVAR.ESTE_1899-12-31T00:00:00_pm2,5",p1.ovar.este,1899-12-31 00:00:00+00:00,0.0,µg/m³,PM25,mongodb,PM25
"P1.PQ.NAÇOES_1900-01-01T00:00:00_pm2,5",p1.pq.naçoes,1900-01-01 00:00:00+00:00,54.90866666666667,µg/m³,PM25,mongodb,PM25
"P1.GRIJO.ESTE_1900-01-01T00:00:00_pm2,5",p1.grijo.este,1900-01-01 00:00:00+00:00,22.357233333333333,µg/m³,PM25,mongodb,PM25
"P1.OVAR.ESTE_1900-01-06T00:00:00_pm2,5",p1.ovar.este,1900-01-06 00:00:00+00:00,0.0,µg/m³,PM25,mongodb,PM25
"P1.OVAR.ESTE_1899-12-31T00:00:00_pm2,5",p1.ovar.este,1899-12-31 00:00:00+00:00,0.0,µg/m³,PM25,mongodb,PM25
"P1.PQ.NAÇOES_1900-01-01T00:00:00_pm2,5",p1.pq.naçoes,1900-01-01 00:00:00+00:00,54.90866666666667,µg/m³,PM25,mongodb,PM25
"P1.GRIJO.ESTE_1900-01-01T00:00:00_pm2,5",p1.grijo.este,1900-01-01 00:00:00+00:00,22.357233333333333,µg/m³,PM25,mongodb,PM25
CTSa-gr03,empresa de electricidade dos açores s.a. - central termoeléctrica do pico - grupo 03,1899-12-30 12:00:00+00:00,32.35531388911796,mg/Nm³,PM25,mongodb,PM25
CTB-gr05,grupo 5,1899-12-30 12:00:00+00:00,40.8724863947009,mg/Nm³,PM25,mongodb,PM25
CTSb-gr07,grupo 7,1899-12-30 12:00:00+00:00,69.39329007629559,mg/Nm³,PM25,mongodb,PM25
CCB-xs13,"coficab portugal - companhia de fios e cabos, lda. - 10549 - extrusora 1",2107-10-18 12:00:00+00:00,1.0890416491711339,mg/Nm³,PM25,mongodb,PM25
P1.OVAR.ESTE_1900-01-03T00:00:00_no,p1.ovar.este,1900-01-03 00:00:00+00:00,7.135531625704863,µg/m³,NO,mongodb,NO
P1.OVAR.ESTE_1900-01-04T00:00:00_no,p1.ovar.este,1900-01-04 00:00:00+00:00,8.398236168741358,µg/m³,NO,mongodb,NO
P1.OVAR.ESTE_1900-01-05T00:00:00_no,p1.ovar.este,1900-01-05 00:00:00+00:00,3.770070472922652,µg/m³,NO,mongodb,NO
P1.OVAR.ESTE_1900-01-01T00:00:00_no,p1.ovar.este,1900-01-01 00:00:00+00:00,9.723618390254282,µg/m³,NO,mongodb,NO
P1.OVAR.ESTE_1900-01-02T00:00:00_no,p1.ovar.este,1900-01-02 00:00:00+00:00,6.86804412703479,µg/m³,NO,mongodb,NO
P1.OVAR.ESTE_1900-01-05T00:00:00_no,p1.ovar.este,1900-01-05 00:00:00+00:00,19.189620407887627,µg/m³,NO,mongodb,NO
P1.OVAR.ESTE_1900-01-01T00:00:00_no,p1.ovar.este,1900-01-01 00:00:00+00:00,13.530447156942197,µg/m³,NO,mongodb,NO
P1.OVAR.ESTE_1900-01-02T00:00:00_no,p1.ovar.este,1900-01-02 00:00:00+00:00,14.432267152890331,µg/m³,NO,mongodb,NO
P1.OVAR.ESTE_1900-01-03T00:00:00_no,p1.ovar.este,1900-01-03 00:00:00+00:00,15.848816820271223,µg/m³,NO,mongodb,NO
P1.OVAR.ESTE_1900-01-04T00:00:00_no,p1.ovar.este,1900-01-04 00:00:00+00:00,12.474961372231226,µg/m³,NO,mongodb,NO
P1.OVAR.ESTE_1900-01-04T00:00:00_no,p1.ovar.este,1900-01-04 00:00:00+00:00,11.933154994963429,µg/m³,NO,mongodb,NO
P1.OVAR.ESTE_1900-01-05T00:00:00_no,p1.ovar.este,1900-01-05 00:00:00+00:00,17.35380857881137,µg/m³,NO,mongodb,NO
P1.OVAR.ESTE_1900-01-01T00:00:00_no,p1.ovar.este,1900-01-01 00:00:00+00:00,13.730297467700261,µg/m³,NO,mongodb,NO
P1.OVAR.ESTE_1900-01-02T00:00:00_no,p1.ovar.este,1900-01-02 00:00:00+00:00,16.545989457364342,µg/m³,NO,mongodb,NO
P1.OVAR.ESTE_1900-01-03T00:00:00_no,p1.ovar.este,1900-01-03 00:00:00+00:00,14.95417815913749,µg/m³,NO,mongodb,NO
P1.OVAR.ESTE_1900-01-03T00:00:00_no,p1.ovar.este,1900-01-03 00:00:00+00:00,12.981822815774187,µg/m³,NO,mongodb,NO
P1.OVAR.ESTE_1900-01-04T00:00:00_no,p1.ovar.este,1900-01-04 00:00:00+00:00,17.031526200924663,µg/m³,NO,mongodb,NO
P1.OVAR.ESTE_1900-01-05T00:00:00_no,p1.ovar.este,1900-01-05 00:00:00+00:00,19.387053295938184,µg/m³,NO,mongodb,NO
P1.OVAR.ESTE_1900-01-01T00:00:00_no,p1.ovar.este,1900-01-01 00:00:00+00:00,11.52412842823866,µg/m³,NO,mongodb,NO
P1.OVAR.ESTE_1900-01-02T00:00:00_no,p1.ovar.este,1900-01-02 00:00:00+00:00,14.401447389762957,µg/m³,NO,mongodb,NO
P1.OVAR.ESTE_1900-01-06T00:00:00_no,p1.ovar.este,1900-01-06 00:00:00+00:00,3.536006742738589,µg/m³,NO,mongodb,NO
P1.OVAR.ESTE_1899-12-31T00:00:00_no,p1.ovar.este,1899-12-31 00:00:00+00:00,3.9003947760400037,µg/m³,NO,mongodb,NO
P1.OVAR.ESTE_1900-01-06T00:00:00_no,p1.ovar.este,1900-01-06 00:00:00+00:00,13.009226296596433,µg/m³,NO,mongodb,NO
P1.OVAR.ESTE_1899-12-31T00:00:00_no,p1.ovar.este,1899-12-31 00:00:00+00:00,11.39328653430578,µg/m³,NO,mongodb,NO
P1.OVAR.ESTE_1900-01-06T00:00:00_no,p1.ovar.este,1900-01-06 00:00:00+00:00,8.823855297157623,µg/m³,NO,mongodb,NO
P1.OVAR.ESTE_1899-12-31T00:00:00_no,p1.ovar.este,1899-12-31 00:00:00+00:00,7.6632783462532315,µg/m³,NO,mongodb,NO
P1.OVAR.ESTE_1900-01-06T00:00:00_no,p1.ovar.este,1900-01-06 00:00:00+00:00,10.713663175491284,µg/m³,NO,mongodb,NO
P1.OVAR.ESTE_1899-12-31T00:00:00_no,p1.ovar.este,1899-12-31 00:00:00+00:00,7.408341194058973,µg/m³,NO,mongodb,NO
P1.OVAR.ESTE_1900-01-01T00:00:00_no,p1.ovar.este,1900-01-01 00:00:00+00:00,3.019333333333334,µg/m³,NO,mongodb,NO
P1.PQ.NAÇOES_1900-01-01T00:00:00_no,p1.pq.naçoes,1900-01-01 00:00:00+00:00,24.897166666666667,µg/m³,NO,mongodb,NO
P1.SJVER.ESTE_1900-01-03T00:00:00_no,p1.sjver.este,1900-01-03 00:00:00+00:00,18.531016725834967,µg/m³,NO,mongodb,NO
P1.SJVER.ESTE_1900-01-04T00:00:00_no,p1.sjver.este,1900-01-04 00:00:00+00:00,7.463745479773721,µg/m³,NO,mongodb,NO
P1.SJVER.ESTE_1900-01-05T00:00:00_no,p1.sjver.este,1900-01-05 00:00:00+00:00,12.247373268224997,µg/m³,NO,mongodb,NO
P1.SJVER.ESTE_1900-01-01T00:00:00_no,p1.sjver.este,1900-01-01 00:00:00+00:00,15.7060737165119,µg/m³,NO,mongodb,NO
P1.SJVER.ESTE_1900-01-02T00:00:00_no,p1.sjver.este,1900-01-02 00:00:00+00:00,19.400747561105774,µg/m³,NO,mongodb,NO
P1.SJVER.ESTE_1900-01-02T00:00:00_no,p1.sjver.este,1900-01-02 00:00:00+00:00,18.090646721311476,µg/m³,NO,mongodb,NO
P1.SJVER.ESTE_1900-01-03T00:00:00_no,p1.sjver.este,1900-01-03 00:00:00+00:00,16.222900081967214,µg/m³,NO,mongodb,NO
P1.SJVER.ESTE_1900-01-04T00:00:00_no,p1.sjver.este,1900-01-04 00:00:00+00:00,25.19843994535519,µg/m³,NO,mongodb,NO
P1.SJVER.ESTE_1900-01-05T00:00:00_no,p1.sjver.este,1900-01-05 00:00:00+00:00,30.96022841530055,µg/m³,NO,mongodb,NO
P1.SJVER.ESTE_1900-01-01T00:00:00_no,p1.sjver.este,1900-01-01 00:00:00+00:00,17.330740983606557,µg/m³,NO,mongodb,NO
P1.SJVER.ESTE_1900-01-05T00:00:00_no,p1.sjver.este,1900-01-05 00:00:00+00:00,20.937072047461367,µg/m³,NO,mongodb,NO
P1.SJVER.ESTE_1900-01-01T00:00:00_no,p1.sjver.este,1900-01-01 00:00:00+00:00,23.765450441501105,µg/m³,NO,mongodb,NO
P1.SJVER.ESTE_1900-01-02T00:00:00_no,p1.sjver.este,1900-01-02 00:00:00+00:00,20.24177952538632,µg/m³,NO,mongodb,NO
P1.SJVER.ESTE_1900-01-03T00:00:00_no,p1.sjver.este,1900-01-03 00:00:00+00:00,21.667862858719648,µg/m³,NO,mongodb,NO
P1.SJVER.ESTE_1900-01-04T00:00:00_no,p1.sjver.este,1900-01-04 00:00:00+00:00,24.451970198675493,µg/m³,NO,mongodb,NO
P1.SJVER.ESTE_1900-01-04T00:00:00_no,p1.sjver.este,1900-01-04 00:00:00+00:00,11.732203864323965,µg/m³,NO,mongodb,NO
P1.SJVER.ESTE_1900-01-05T00:00:00_no,p1.sjver.este,1900-01-05 00:00:00+00:00,15.360714172123348,µg/m³,NO,mongodb,NO
P1.SJVER.ESTE_1900-01-01T00:00:00_no,p1.sjver.este,1900-01-01 00:00:00+00:00,10.45194074077099,µg/m³,NO,mongodb,NO
P1.SJVER.ESTE_1900-01-02T00:00:00_no,p1.sjver.este,1900-01-02 00:00:00+00:00,15.283674332734398,µg/m³,NO,mongodb,NO
P1.SJVER.ESTE_1900-01-01T00:00:00_no,p1.sjver.este,1900-01-01 00:00:00+00:00,18.75232162340967,µg/m³,NO,mongodb,NO
P1.SJVER.ESTE_1900-01-02T00:00:00_no,p1.sjver.este,1900-01-02 00:00:00+00:00,16.744560427480916,µg/m³,NO,mongodb,NO
P1.SJVER.ESTE_1900-01-03T00:00:00_no,p1.sjver.este,1900-01-03 00:00:00+00:00,18.65791166157761,µg/m³,NO,mongodb,NO
P1.SJVER.ESTE_1900-01-04T00:00:00_no,p1.sjver.este,1900-01-04 00:00:00+00:00,20.471762553435116,µg/m³,NO,mongodb,NO
P1.SJVER.ESTE_1900-01-05T00:00:00_no,p1.sjver.este,1900-01-05 00:00:00+00:00,30.73633270229007,µg/m³,NO,mongodb,NO
P1.SJVER.ESTE_1900-01-02T00:00:00_no,p1.sjver.este,1900-01-02 00:00:00+00:00,11.182174509264357,µg/m³,NO,mongodb,NO
P1.SJVER.ESTE_1900-01-03T00:00:00_no,p1.sjver.este,1900-01-03 00:00:00+00:00,8.802267932489451,µg/m³,NO,mongodb,NO
P1.SJVER.ESTE_1900-01-04T00:00:00_no,p1.sjver.este,1900-01-04 00:00:00+00:00,10.936631044961835,µg/m³,NO,mongodb,NO
P1.SJVER.ESTE_1900-01-05T00:00:00_no,p1.sjver.este,1900-01-05 00:00:00+00:00,11.466854017611448,µg/m³,NO,mongodb,NO
P1.SJVER.ESTE_1900-01-01T00:00:00_no,p1.sjver.este,1900-01-01 00:00:00+00:00,14.641423683727758,µg/m³,NO,mongodb,NO
P1.SJVER.ESTE_1900-01-05T00:00:00_no,p1.sjver.este,1900-01-05 00:00:00+00:00,7.928333333333335,µg/m³,NO,mongodb,NO
P1.SJVER.ESTE_1900-01-01T00:00:00_no,p1.sjver.este,1900-01-01 00:00:00+00:00,11.273333333333332,µg/m³,NO,mongodb,NO
P1.SJVER.ESTE_1900-01-02T00:00:00_no,p1.sjver.este,1900-01-02 00:00:00+00:00,11.17985682819383,µg/m³,NO,mongodb,NO
P1.SJVER.ESTE_1900-01-03T00:00:00_no,p1.sjver.este,1900-01-03 00:00:00+00:00,9.999636563876651,µg/m³,NO,mongodb,NO
P1.SJVER.ESTE_1900-01-04T00:00:00_no,p1.sjver.este,1900-01-04 00:00:00+00:00,9.899691629955944,µg/m³,NO,mongodb,NO
P1.SJVER.ESTE_1900-01-03T00:00:00_no,p1.sjver.este,1900-01-03 00:00:00+00:00,9.515813049655998,µg/m³,NO,mongodb,NO
P1.SJVER.ESTE_1900-01-04T00:00:00_no,p1.sjver.este,1900-01-04 00:00:00+00:00,10.70770710689002,µg/m³,NO,mongodb,NO
P1.SJVER.ESTE_1900-01-05T00:00:00_no,p1.sjver.este,1900-01-05 00:00:00+00:00,12.52097464353375,µg/m³,NO,mongodb,NO
P1.SJVER.ESTE_1900-01-01T00:00:00_no,p1.sjver.este,1900-01-01 00:00:00+00:00,10.487623860803668,µg/m³,NO,mongodb,NO
P1.SJVER.ESTE_1900-01-02T00:00:00_no,p1.sjver.este,1900-01-02 00:00:00+00:00,11.485779459567254,µg/m³,NO,mongodb,NO
P1.SJVER.ESTE_1900-01-05T00:00:00_no,p1.sjver.este,1900-01-05 00:00:00+00:00,7.977334801762113,µg/m³,NO,mongodb,NO
P1.SJVER.ESTE_1900-01-06T00:00:00_no,p1.sjver.este,1900-01-06 00:00:00+00:00,5.89144971715231,µg/m³,NO,mongodb,NO
P1.SJVER.ESTE_1899-12-31T00:00:00_no,p1.sjver.este,1899-12-31 00:00:00+00:00,5.707151926566335,µg/m³,NO,mongodb,NO
P1.SJVER.ESTE_1900-01-06T00:00:00_no,p1.sjver.este,1900-01-06 00:00:00+00:00,11.585527595628415,µg/m³,NO,mongodb,NO
P1.SJVER.ESTE_1899-12-31T00:00:00_no,p1.sjver.este,1899-12-31 00:00:00+00:00,6.098733633879782,µg/m³,NO,mongodb,NO
P1.SJVER.ESTE_1900-01-06T00:00:00_no,p1.sjver.este,1900-01-06 00:00:00+00:00,10.381711644591613,µg/m³,NO,mongodb,NO
P1.SJVER.ESTE_1899-12-31T00:00:00_no,p1.sjver.este,1899-12-31 00:00:00+00:00,5.545583112582782,µg/m³,NO,mongodb,NO
P1.SJVER.ESTE_1900-01-06T00:00:00_no,p1.sjver.este,1900-01-06 00:00:00+00:00,8.39017911739083,µg/m³,NO,mongodb,NO
P1.SJVER.ESTE_1899-12-31T00:00:00_no,p1.sjver.este,1899-12-31 00:00:00+00:00,6.54026110176413,µg/m³,NO,mongodb,NO
P1.SJVER.ESTE_1900-01-06T00:00:00_no,p1.sjver.este,1900-01-06 00:00:00+00:00,14.416141254452926,µg/m³,NO,mongodb,NO
P1.SJVER.ESTE_1899-12-31T00:00:00_no,p1.sjver.este,1899-12-31 00:00:00+00:00,10.922456830788805,µg/m³,NO,mongodb,NO
P1.SJVER.ESTE_1900-01-06T00:00:00_no,p1.sjver.este,1900-01-06 00:00:00+00:00,10.673494221243812,µg/m³,NO,mongodb,NO
P1.SJVER.ESTE_1899-12-31T00:00:00_no,p1.sjver.este,1899-12-31 00:00:00+00:00,11.039928361768483,µg/m³,NO,mongodb,NO
P1.SJVER.ESTE_1900-01-06T00:00:00_no,p1.sjver.este,1900-01-06 00:00:00+00:00,8.75,µg/m³,NO,mongodb,NO
P1.SJVER.ESTE_1899-12-31T00:00:00_no,p1.sjver.este,1899-12-31 00:00:00+00:00,8.235,µg/m³,NO,mongodb,NO
P1.SJVER.ESTE_1900-01-06T00:00:00_no,p1.sjver.este,1900-01-06 00:00:00+00:00,8.608285816133211,µg/m³,NO,mongodb,NO
P1.SJVER.ESTE_1899-12-31T00:00:00_no,p1.sjver.este,1899-12-31 00:00:00+00:00,7.1462170655100214,µg/m³,NO,mongodb,NO
P1.SJVER.ESTE_1900-01-06T00:00:00_no,p1.sjver.este,1900-01-06 00:00:00+00:00,10.159999999999998,µg/m³,NO,mongodb,NO
P1.SJVER.ESTE_1900-01-06T00:00:00_no,p1.sjver.este,1900-01-06 00:00:00+00:00,7.981464757709248,µg/m³,NO,mongodb,NO
P1.SJVER.ESTE_1899-12-31T00:00:00_no,p1.sjver.este,1899-12-31 00:00:00+00:00,8.228436123348018,µg/m³,NO,mongodb,NO
P1.SJVER.ESTE_1900-01-01T00:00:00_no,p1.sjver.este,1900-01-01 00:00:00+00:00,6.804833333333335,µg/m³,NO,mongodb,NO
P1.GRIJO.ESTE_1900-01-01T00:00:00_no,p1.grijo.este,1900-01-01 00:00:00+00:00,6.346666666666667,µg/m³,NO,mongodb,NO
P1.ASANTAS.ESTE_1900-01-05T00:00:00_no,p1.asantas.este,1900-01-05 00:00:00+00:00,65.332575,µg/m³,NO,mongodb,NO
P1.ASANTAS.ESTE_1900-01-01T00:00:00_no,p1.asantas.este,1900-01-01 00:00:00+00:00,73.37310749999999,µg/m³,NO,mongodb,NO
P1.ASANTAS.ESTE_1900-01-02T00:00:00_no,p1.asantas.este,1900-01-02 00:00:00+00:00,10.098742499999998,µg/m³,NO,mongodb,NO
P1.ASANTAS.ESTE_1900-01-03T00:00:00_no,p1.asantas.este,1900-01-03 00:00:00+00:00,12.624727500000004,µg/m³,NO,mongodb,NO
P1.ASANTAS.ESTE_1900-01-04T00:00:00_no,p1.asantas.este,1900-01-04 00:00:00+00:00,17.723475,µg/m³,NO,mongodb,NO
P1.ASANTAS.ESTE_1900-01-01T00:00:00_no,p1.asantas.este,1900-01-01 00:00:00+00:00,16.043666216150402,µg/m³,NO,mongodb,NO
P1.ASANTAS.ESTE_1900-01-02T00:00:00_no,p1.asantas.este,1900-01-02 00:00:00+00:00,19.322164283800895,µg/m³,NO,mongodb,NO
P1.ASANTAS.ESTE_1900-01-03T00:00:00_no,p1.asantas.este,1900-01-03 00:00:00+00:00,31.432746629993073,µg/m³,NO,mongodb,NO
P1.ASANTAS.ESTE_1900-01-04T00:00:00_no,p1.asantas.este,1900-01-04 00:00:00+00:00,7.858128214494447,µg/m³,NO,mongodb,NO
P1.ASANTAS.ESTE_1900-01-05T00:00:00_no,p1.asantas.este,1900-01-05 00:00:00+00:00,36.41477683615819,µg/m³,NO,mongodb,NO
P1.ASANTAS.ESTE_1900-01-02T00:00:00_no,p1.asantas.este,1900-01-02 00:00:00+00:00,15.603749999999998,µg/m³,NO,mongodb,NO
P1.ASANTAS.ESTE_1900-01-03T00:00:00_no,p1.asantas.este,1900-01-03 00:00:00+00:00,17.940416666666668,µg/m³,NO,mongodb,NO
P1.ASANTAS.ESTE_1900-01-04T00:00:00_no,p1.asantas.este,1900-01-04 00:00:00+00:00,19.637916666666662,µg/m³,NO,mongodb,NO
P1.ASANTAS.ESTE_1900-01-05T00:00:00_no,p1.asantas.este,1900-01-05 00:00:00+00:00,17.140000000000004,µg/m³,NO,mongodb,NO
P1.ASANTAS.ESTE_1900-01-01T00:00:00_no,p1.asantas.este,1900-01-01 00:00:00+00:00,17.967083333333335,µg/m³,NO,mongodb,NO
P1.ASANTAS.ESTE_1900-01-05T00:00:00_no,p1.asantas.este,1900-01-05 00:00:00+00:00,11.381473636363637,µg/m³,NO,mongodb,NO
P1.ASANTAS.ESTE_1900-01-01T00:00:00_no,p1.asantas.este,1900-01-01 00:00:00+00:00,10.451689166666666,µg/m³,NO,mongodb,NO
P1.ASANTAS.ESTE_1900-01-02T00:00:00_no,p1.asantas.este,1900-01-02 00:00:00+00:00,7.513838260869565,µg/m³,NO,mongodb,NO
P1.ASANTAS.ESTE_1900-01-03T00:00:00_no,p1.asantas.este,1900-01-03 00:00:00+00:00,15.830547500000003,µg/m³,NO,mongodb,NO
P1.ASANTAS.ESTE_1900-01-04T00:00:00_no,p1.asantas.este,1900-01-04 00:00:00+00:00,17.354452500000004,µg/m³,NO,mongodb,NO
P1.ASANTAS.ESTE_1900-01-05T00:00:00_no,p1.asantas.este,1900-01-05 00:00:00+00:00,12.91326260869565,µg/m³,NO,mongodb,NO
P1.ASANTAS.ESTE_1900-01-04T00:00:00_no,p1.asantas.este,1900-01-04 00:00:00+00:00,28.893124999999998,µg/m³,NO,mongodb,NO
P1.ASANTAS.ESTE_1900-01-05T00:00:00_no,p1.asantas.este,1900-01-05 00:00:00+00:00,42.79208333333333,µg/m³,NO,mongodb,NO
P1.ASANTAS.ESTE_1900-01-01T00:00:00_no,p1.asantas.este,1900-01-01 00:00:00+00:00,78.43447826086957,µg/m³,NO,mongodb,NO
P1.ASANTAS.ESTE_1900-01-02T00:00:00_no,p1.asantas.este,1900-01-02 00:00:00+00:00,49.237125,µg/m³,NO,mongodb,NO
P1.ASANTAS.ESTE_1900-01-03T00:00:00_no,p1.asantas.este,1900-01-03 00:00:00+00:00,90.70016666666668,µg/m³,NO,mongodb,NO
P1.ASANTAS.ESTE_1900-01-04T00:00:00_no,p1.asantas.este,1900-01-04 00:00:00+00:00,87.895625,µg/m³,NO,mongodb,NO
P1.ASANTAS.ESTE_1900-01-05T00:00:00_no,p1.asantas.este,1900-01-05 00:00:00+00:00,53.59524999999999,µg/m³,NO,mongodb,NO
P1.ASANTAS.ESTE_1900-01-02T00:00:00_no,p1.asantas.este,1900-01-02 00:00:00+00:00,35.051939999999995,µg/m³,NO,mongodb,NO
P1.ASANTAS.ESTE_1900-01-03T00:00:00_no,p1.asantas.este,1900-01-03 00:00:00+00:00,10.956330000000001,µg/m³,NO,mongodb,NO
P1.ASANTAS.ESTE_1900-01-04T00:00:00_no,p1.asantas.este,1900-01-04 00:00:00+00:00,46.29933,µg/m³,NO,mongodb,NO
P1.ASANTAS.ESTE_1900-01-05T00:00:00_no,p1.asantas.este,1900-01-05 00:00:00+00:00,22.9053825,µg/m³,NO,mongodb,NO
P1.ASANTAS.ESTE_1900-01-01T00:00:00_no,p1.asantas.este,1900-01-01 00:00:00+00:00,38.92210000000001,µg/m³,NO,mongodb,NO
P1.ASANTAS.ESTE_1900-01-01T00:00:00_no,p1.asantas.este,1900-01-01 00:00:00+00:00,21.08559375,µg/m³,NO,mongodb,NO
P1.ASANTAS.ESTE_1900-01-02T00:00:00_no,p1.asantas.este,1900-01-02 00:00:00+00:00,28.96195958333334,µg/m³,NO,mongodb,NO
P1.ASANTAS.ESTE_1900-01-03T00:00:00_no,p1.asantas.este,1900-01-03 00:00:00+00:00,28.233947391304355,µg/m³,NO,mongodb,NO
P1.ASANTAS.ESTE_1900-01-04T00:00:00_no,p1.asantas.este,1900-01-04 00:00:00+00:00,13.013972833333334,µg/m³,NO,mongodb,NO
P1.ASANTAS.ESTE_1900-01-05T00:00:00_no,p1.asantas.este,1900-01-05 00:00:00+00:00,3.5369049166666664,µg/m³,NO,mongodb,NO
P1.ASANTAS.ESTE_1900-01-06T00:00:00_no,p1.asantas.este,1900-01-06 00:00:00+00:00,47.2816575,µg/m³,NO,mongodb,NO
P1.ASANTAS.ESTE_1899-12-31T00:00:00_no,p1.asantas.este,1899-12-31 00:00:00+00:00,47.182905000000005,µg/m³,NO,mongodb,NO
P1.ASANTAS.ESTE_1900-01-06T00:00:00_no,p1.asantas.este,1900-01-06 00:00:00+00:00,11.187996468926555,µg/m³,NO,mongodb,NO
P1.ASANTAS.ESTE_1899-12-31T00:00:00_no,p1.asantas.este,1899-12-31 00:00:00+00:00,8.638421829339567,µg/m³,NO,mongodb,NO
P1.ASANTAS.ESTE_1900-01-06T00:00:00_no,p1.asantas.este,1900-01-06 00:00:00+00:00,13.603304704850963,µg/m³,NO,mongodb,NO
P1.ASANTAS.ESTE_1899-12-31T00:00:00_no,p1.asantas.este,1899-12-31 00:00:00+00:00,10.262317991428015,µg/m³,NO,mongodb,NO
P1.ASANTAS.ESTE_1900-01-06T00:00:00_no,p1.asantas.este,1900-01-06 00:00:00+00:00,18.58458333333333,µg/m³,NO,mongodb,NO
P1.ASANTAS.ESTE_1899-12-31T00:00:00_no,p1.asantas.este,1899-12-31 00:00:00+00:00,19.354999999999997,µg/m³,NO,mongodb,NO
P1.ASANTAS.ESTE_1900-01-06T00:00:00_no,p1.asantas.este,1900-01-06 00:00:00+00:00,6.162068695652175,µg/m³,NO,mongodb,NO
P1.ASANTAS.ESTE_1899-12-31T00:00:00_no,p1.asantas.este,1899-12-31 00:00:00+00:00,9.729905833333333,µg/m³,NO,mongodb,NO
P1.ASANTAS.ESTE_1900-01-06T00:00:00_no,p1.asantas.este,1900-01-06 00:00:00+00:00,9.758809999999999,µg/m³,NO,mongodb,NO
P1.ASANTAS.ESTE_1899-12-31T00:00:00_no,p1.asantas.este,1899-12-31 00:00:00+00:00,12.155496363636361,µg/m³,NO,mongodb,NO
P1.ASANTAS.ESTE_1900-01-06T00:00:00_no,p1.asantas.este,1900-01-06 00:00:00+00:00,18.905041666666666,µg/m³,NO,mongodb,NO
P1.ASANTAS.ESTE_1899-12-31T00:00:00_no,p1.asantas.este,1899-12-31 00:00:00+00:00,16.970166666666668,µg/m³,NO,mongodb,NO
P1.ASANTAS.ESTE_1900-01-06T00:00:00_no,p1.asantas.este,1900-01-06 00:00:00+00:00,29.507708333333326,µg/m³,NO,mongodb,NO
P1.ASANTAS.ESTE_1899-12-31T00:00:00_no,p1.asantas.este,1899-12-31 00:00:00+00:00,70.50679166666667,µg/m³,NO,mongodb,NO
P1.ASANTAS.ESTE_1900-01-06T00:00:00_no,p1.asantas.este,1900-01-06 00:00:00+00:00,3.3264,µg/m³,NO,mongodb,NO
P1.ASANTAS.ESTE_1899-12-31T00:00:00_no,p1.asantas.este,1899-12-31 00:00:00+00:00,11.182479999999998,µg/m³,NO,mongodb,NO
P1.ASANTAS.ESTE_1900-01-06T00:00:00_no,p1.asantas.este,1900-01-06 00:00:00+00:00,2.9594058333333333,µg/m³,NO,mongodb,NO
P1.ASANTAS.ESTE_1899-12-31T00:00:00_no,p1.asantas.este,1899-12-31 00:00:00+00:00,29.240072499999997,µg/m³,NO,mongodb,NO
P1.OVAR.ESTE_1900-01-03T00:00:00_no,p1.ovar.este,1900-01-03 00:00:00+00:00,7.135531625704863,µg/m³,NO,mongodb,NO
P1.OVAR.ESTE_1900-01-04T00:00:00_no,p1.ovar.este,1900-01-04 00:00:00+00:00,8.398236168741358,µg/m³,NO,mongodb,NO
P1.OVAR.ESTE_1900-01-05T00:00:00_no,p1.ovar.este,1900-01-05 00:00:00+00:00,3.770070472922652,µg/m³,NO,mongodb,NO
P1.OVAR.ESTE_1900-01-01T00:00:00_no,p1.ovar.este,1900-01-01 00:00:00+00:00,9.723618390254282,µg/m³,NO,mongodb,NO
P1.OVAR.ESTE_1900-01-02T00:00:00_no,p1.ovar.este,1900-01-02 00:00:00+00:00,6.86804412703479,µg/m³,NO,mongodb,NO
P1.OVAR.ESTE_1900-01-05T00:00:00_no,p1.ovar.este,1900-01-05 00:00:00+00:00,19.189620407887627,µg/m³,NO,mongodb,NO
P1.OVAR.ESTE_1900-01-01T00:00:00_no,p1.ovar.este,1900-01-01 00:00:00+00:00,13.530447156942197,µg/m³,NO,mongodb,NO
P1.OVAR.ESTE_1900-01-02T00:00:00_no,p1.ovar.este,1900-01-02 00:00:00+00:00,14.432267152890331,µg/m³,NO,mongodb,NO
P1.OVAR.ESTE_1900-01-03T00:00:00_no,p1.ovar.este,1900-01-03 00:00:00+00:00,15.848816820271223,µg/m³,NO,mongodb,NO
P1.OVAR.ESTE_1900-01-04T00:00:00_no,p1.ovar.este,1900-01-04 00:00:00+00:00,12.474961372231226,µg/m³,NO,mongodb,NO
P1.OVAR.ESTE_1900-01-04T00:00:00_no,p1.ovar.este,1900-01-04 00:00:00+00:00,11.933154994963429,µg/m³,NO,mongodb,NO
P1.OVAR.ESTE_1900-01-05T00:00:00_no,p1.ovar.este,1900-01-05 00:00:00+00:00,17.35380857881137,µg/m³,NO,mongodb,NO
P1.OVAR.ESTE_1900-01-01T00:00:00_no,p1.ovar.este,1900-01-01 00:00:00+00:00,13.730297467700261,µg/m³,NO,mongodb,NO
P1.OVAR.ESTE_1900-01-02T00:00:00_no,p1.ovar.este,1900-01-02 00:00:00+00:00,16.545989457364342,µg/m³,NO,mongodb,NO
P1.OVAR.ESTE_1900-01-03T00:00:00_no,p1.ovar.este,1900-01-03 00:00:00+00:00,14.95417815913749,µg/m³,NO,mongodb,NO
P1.OVAR.ESTE_1900-01-03T00:00:00_no,p1.ovar.este,1900-01-03 00:00:00+00:00,12.981822815774187,µg/m³,NO,mongodb,NO
P1.OVAR.ESTE_1900-01-04T00:00:00_no,p1.ovar.este,1900-01-04 00:00:00+00:00,17.031526200924663,µg/m³,NO,mongodb,NO
P1.OVAR.ESTE_1900-01-05T00:00:00_no,p1.ovar.este,1900-01-05 00:00:00+00:00,19.387053295938184,µg/m³,NO,mongodb,NO
P1.OVAR.ESTE_1900-01-01T00:00:00_no,p1.ovar.este,1900-01-01 00:00:00+00:00,11.52412842823866,µg/m³,NO,mongodb,NO
P1.OVAR.ESTE_1900-01-02T00:00:00_no,p1.ovar.este,1900-01-02 00:00:00+00:00,14.401447389762957,µg/m³,NO,mongodb,NO
P1.OVAR.ESTE_1900-01-06T00:00:00_no,p1.ovar.este,1900-01-06 00:00:00+00:00,3.536006742738589,µg/m³,NO,mongodb,NO
P1.OVAR.ESTE_1899-12-31T00:00:00_no,p1.ovar.este,1899-12-31 00:00:00+00:00,3.9003947760400037,µg/m³,NO,mongodb,NO
P1.OVAR.ESTE_1900-01-06T00:00:00_no,p1.ovar.este,1900-01-06 00:00:00+00:00,13.009226296596433,µg/m³,NO,mongodb,NO
P1.OVAR.ESTE_1899-12-31T00:00:00_no,p1.ovar.este,1899-12-31 00:00:00+00:00,11.39328653430578,µg/m³,NO,mongodb,NO
P1.OVAR.ESTE_1900-01-06T00:00:00_no,p1.ovar.este,1900-01-06 00:00:00+00:00,8.823855297157623,µg/m³,NO,mongodb,NO
P1.OVAR.ESTE_1899-12-31T00:00:00_no,p1.ovar.este,1899-12-31 00:00:00+00:00,7.6632783462532315,µg/m³,NO,mongodb,NO
P1.OVAR.ESTE_1900-01-06T00:00:00_no,p1.ovar.este,1900-01-06 00:00:00+00:00,10.713663175491284,µg/m³,NO,mongodb,NO
P1.OVAR.ESTE_1899-12-31T00:00:00_no,p1.ovar.este,1899-12-31 00:00:00+00:00,7.408341194058973,µg/m³,NO,mongodb,NO
P1.OVAR.ESTE_1900-01-01T00:00:00_no,p1.ovar.este,1900-01-01 00:00:00+00:00,3.019333333333334,µg/m³,NO,mongodb,NO
P1.PQ.NAÇOES_1900-01-01T00:00:00_no,p1.pq.naçoes,1900-01-01 00:00:00+00:00,24.897166666666667,µg/m³,NO,mongodb,NO
P1.SJVER.ESTE_1900-01-03T00:00:00_no,p1.sjver.este,1900-01-03 00:00:00+00:00,18.531016725834967,µg/m³,NO,mongodb,NO
P1.SJVER.ESTE_1900-01-04T00:00:00_no,p1.sjver.este,1900-01-04 00:00:00+00:00,7.463745479773721,µg/m³,NO,mongodb,NO
P1.SJVER.ESTE_1900-01-05T00:00:00_no,p1.sjver.este,1900-01-05 00:00:00+00:00,12.247373268224997,µg/m³,NO,mongodb,NO
P1.SJVER.ESTE_1900-01-01T00:00:00_no,p1.sjver.este,1900-01-01 00:00:00+00:00,15.7060737165119,µg/m³,NO,mongodb,NO
P1.SJVER.ESTE_1900-01-02T00:00:00_no,p1.sjver.este,1900-01-02 00:00:00+00:00,19.400747561105774,µg/m³,NO,mongodb,NO
P1.SJVER.ESTE_1900-01-02T00:00:00_no,p1.sjver.este,1900-01-02 00:00:00+00:00,18.090646721311476,µg/m³,NO,mongodb,NO
P1.SJVER.ESTE_1900-01-03T00:00:00_no,p1.sjver.este,1900-01-03 00:00:00+00:00,16.222900081967214,µg/m³,NO,mongodb,NO
P1.SJVER.ESTE_1900-01-04T00:00:00_no,p1.sjver.este,1900-01-04 00:00:00+00:00,25.19843994535519,µg/m³,NO,mongodb,NO
P1.SJVER.ESTE_1900-01-05T00:00:00_no,p1.sjver.este,1900-01-05 00:00:00+00:00,30.96022841530055,µg/m³,NO,mongodb,NO
P1.SJVER.ESTE_1900-01-01T00:00:00_no,p1.sjver.este,1900-01-01 00:00:00+00:00,17.330740983606557,µg/m³,NO,mongodb,NO
P1.SJVER.ESTE_1900-01-05T00:00:00_no,p1.sjver.este,1900-01-05 00:00:00+00:00,20.937072047461367,µg/m³,NO,mongodb,NO
P1.SJVER.ESTE_1900-01-01T00:00:00_no,p1.sjver.este,1900-01-01 00:00:00+00:00,23.765450441501105,µg/m³,NO,mongodb,NO
P1.SJVER.ESTE_1900-01-02T00:00:00_no,p1.sjver.este,1900-01-02 00:00:00+00:00,20.24177952538632,µg/m³,NO,mongodb,NO
P1.SJVER.ESTE_1900-01-03T00:00:00_no,p1.sjver.este,1900-01-03 00:00:00+00:00,21.667862858719648,µg/m³,NO,mongodb,NO
P1.SJVER.ESTE_1900-01-04T00:00:00_no,p1.sjver.este,1900-01-04 00:00:00+00:00,24.451970198675493,µg/m³,NO,mongodb,NO
P1.SJVER.ESTE_1900-01-04T00:00:00_no,p1.sjver.este,1900-01-04 00:00:00+00:00,11.732203864323965,µg/m³,NO,mongodb,NO
P1.SJVER.ESTE_1900-01-05T00:00:00_no,p1.sjver.este,1900-01-05 00:00:00+00:00,15.360714172123348,µg/m³,NO,mongodb,NO
P1.SJVER.ESTE_1900-01-01T00:00:00_no,p1.sjver.este,1900-01-01 00:00:00+00:00,10.45194074077099,µg/m³,NO,mongodb,NO
P1.SJVER.ESTE_1900-01-02T00:00:00_no,p1.sjver.este,1900-01-02 00:00:00+00:00,15.283674332734398,µg/m³,NO,mongodb,NO
P1.SJVER.ESTE_1900-01-01T00:00:00_no,p1.sjver.este,1900-01-01 00:00:00+00:00,18.75232162340967,µg/m³,NO,mongodb,NO
P1.SJVER.ESTE_1900-01-02T00:00:00_no,p1.sjver.este,1900-01-02 00:00:00+00:00,16.744560427480916,µg/m³,NO,mongodb,NO
P1.SJVER.ESTE_1900-01-03T00:00:00_no,p1.sjver.este,1900-01-03 00:00:00+00:00,18.65791166157761,µg/m³,NO,mongodb,NO
P1.SJVER.ESTE_1900-01-04T00:00:00_no,p1.sjver.este,1900-01-04 00:00:00+00:00,20.471762553435116,µg/m³,NO,mongodb,NO
P1.SJVER.ESTE_1900-01-05T00:00:00_no,p1.sjver.este,1900-01-05 00:00:00+00:00,30.73633270229007,µg/m³,NO,mongodb,NO
P1.SJVER.ESTE_1900-01-02T00:00:00_no,p1.sjver.este,1900-01-02 00:00:00+00:00,11.182174509264357,µg/m³,NO,mongodb,NO
P1.SJVER.ESTE_1900-01-03T00:00:00_no,p1.sjver.este,1900-01-03 00:00:00+00:00,8.802267932489451,µg/m³,NO,mongodb,NO
P1.SJVER.ESTE_1900-01-04T00:00:00_no,p1.sjver.este,1900-01-04 00:00:00+00:00,10.936631044961835,µg/m³,NO,mongodb,NO
P1.SJVER.ESTE_1900-01-05T00:00:00_no,p1.sjver.este,1900-01-05 00:00:00+00:00,11.466854017611448,µg/m³,NO,mongodb,NO
P1.SJVER.ESTE_1900-01-01T00:00:00_no,p1.sjver.este,1900-01-01 00:00:00+00:00,14.641423683727758,µg/m³,NO,mongodb,NO
P1.SJVER.ESTE_1900-01-05T00:00:00_no,p1.sjver.este,1900-01-05 00:00:00+00:00,7.928333333333335,µg/m³,NO,mongodb,NO
P1.SJVER.ESTE_1900-01-01T00:00:00_no,p1.sjver.este,1900-01-01 00:00:00+00:00,11.273333333333332,µg/m³,NO,mongodb,NO
P1.SJVER.ESTE_1900-01-02T00:00:00_no,p1.sjver.este,1900-01-02 00:00:00+00:00,11.17985682819383,µg/m³,NO,mongodb,NO
P1.SJVER.ESTE_1900-01-03T00:00:00_no,p1.sjver.este,1900-01-03 00:00:00+00:00,9.999636563876651,µg/m³,NO,mongodb,NO
P1.SJVER.ESTE_1900-01-04T00:00:00_no,p1.sjver.este,1900-01-04 00:00:00+00:00,9.899691629955944,µg/m³,NO,mongodb,NO
P1.SJVER.ESTE_1900-01-03T00:00:00_no,p1.sjver.este,1900-01-03 00:00:00+00:00,9.515813049655998,µg/m³,NO,mongodb,NO
P1.SJVER.ESTE_1900-01-04T00:00:00_no,p1.sjver.este,1900-01-04 00:00:00+00:00,10.70770710689002,µg/m³,NO,mongodb,NO
P1.SJVER.ESTE_1900-01-05T00:00:00_no,p1.sjver.este,1900-01-05 00:00:00+00:00,12.52097464353375,µg/m³,NO,mongodb,NO
P1.SJVER.ESTE_1900-01-01T00:00:00_no,p1.sjver.este,1900-01-01 00:00:00+00:00,10.487623860803668,µg/m³,NO,mongodb,NO
P1.SJVER.ESTE_1900-01-02T00:00:00_no,p1.sjver.este,1900-01-02 00:00:00+00:00,11.485779459567254,µg/m³,NO,mongodb,NO
P1.SJVER.ESTE_1900-01-05T00:00:00_no,p1.sjver.este,1900-01-05 00:00:00+00:00,7.977334801762113,µg/m³,NO,mongodb,NO
P1.SJVER.ESTE_1900-01-06T00:00:00_no,p1.sjver.este,1900-01-06 00:00:00+00:00,5.89144971715231,µg/m³,NO,mongodb,NO
P1.SJVER.ESTE_1899-12-31T00:00:00_no,p1.sjver.este,1899-12-31 00:00:00+00:00,5.707151926566335,µg/m³,NO,mongodb,NO
P1.SJVER.ESTE_1900-01-06T00:00:00_no,p1.sjver.este,1900-01-06 00:00:00+00:00,11.585527595628415,µg/m³,NO,mongodb,NO
P1.SJVER.ESTE_1899-12-31T00:00:00_no,p1.sjver.este,1899-12-31 00:00:00+00:00,6.098733633879782,µg/m³,NO,mongodb,NO
P1.SJVER.ESTE_1900-01-06T00:00:00_no,p1.sjver.este,1900-01-06 00:00:00+00:00,10.381711644591613,µg/m³,NO,mongodb,NO
P1.SJVER.ESTE_1899-12-31T00:00:00_no,p1.sjver.este,1899-12-31 00:00:00+00:00,5.545583112582782,µg/m³,NO,mongodb,NO
P1.SJVER.ESTE_1900-01-06T00:00:00_no,p1.sjver.este,1900-01-06 00:00:00+00:00,8.39017911739083,µg/m³,NO,mongodb,NO
P1.SJVER.ESTE_1899-12-31T00:00:00_no,p1.sjver.este,1899-12-31 00:00:00+00:00,6.54026110176413,µg/m³,NO,mongodb,NO
P1.SJVER.ESTE_1900-01-06T00:00:00_no,p1.sjver.este,1900-01-06 00:00:00+00:00,14.416141254452926,µg/m³,NO,mongodb,NO
P1.SJVER.ESTE_1899-12-31T00:00:00_no,p1.sjver.este,1899-12-31 00:00:00+00:00,10.922456830788805,µg/m³,NO,mongodb,NO
P1.SJVER.ESTE_1900-01-06T00:00:00_no,p1.sjver.este,1900-01-06 00:00:00+00:00,10.673494221243812,µg/m³,NO,mongodb,NO
P1.SJVER.ESTE_1899-12-31T00:00:00_no,p1.sjver.este,1899-12-31 00:00:00+00:00,11.039928361768483,µg/m³,NO,mongodb,NO
P1.SJVER.ESTE_1900-01-06T00:00:00_no,p1.sjver.este,1900-01-06 00:00:00+00:00,8.75,µg/m³,NO,mongodb,NO
P1.SJVER.ESTE_1899-12-31T00:00:00_no,p1.sjver.este,1899-12-31 00:00:00+00:00,8.235,µg/m³,NO,mongodb,NO
P1.SJVER.ESTE_1900-01-06T00:00:00_no,p1.sjver.este,1900-01-06 00:00:00+00:00,8.608285816133211,µg/m³,NO,mongodb,NO
P1.SJVER.ESTE_1899-12-31T00:00:00_no,p1.sjver.este,1899-12-31 00:00:00+00:00,7.1462170655100214,µg/m³,NO,mongodb,NO
P1.SJVER.ESTE_1900-01-06T00:00:00_no,p1.sjver.este,1900-01-06 00:00:00+00:00,10.159999999999998,µg/m³,NO,mongodb,NO
P1.SJVER.ESTE_1900-01-06T00:00:00_no,p1.sjver.este,1900-01-06 00:00:00+00:00,7.981464757709248,µg/m³,NO,mongodb,NO
P1.SJVER.ESTE_1899-12-31T00:00:00_no,p1.sjver.este,1899-12-31 00:00:00+00:00,8.228436123348018,µg/m³,NO,mongodb,NO
P1.SJVER.ESTE_1900-01-01T00:00:00_no,p1.sjver.este,1900-01-01 00:00:00+00:00,6.804833333333335,µg/m³,NO,mongodb,NO
P1.GRIJO.ESTE_1900-01-01T00:00:00_no,p1.grijo.este,1900-01-01 00:00:00+00:00,6.346666666666667,µg/m³,NO,mongodb,NO
P1.ASANTAS.ESTE_1900-01-05T00:00:00_no,p1.asantas.este,1900-01-05 00:00:00+00:00,65.332575,µg/m³,NO,mongodb,NO
P1.ASANTAS.ESTE_1900-01-01T00:00:00_no,p1.asantas.este,1900-01-01 00:00:00+00:00,73.37310749999999,µg/m³,NO,mongodb,NO
P1.ASANTAS.ESTE_1900-01-02T00:00:00_no,p1.asantas.este,1900-01-02 00:00:00+00:00,10.098742499999998,µg/m³,NO,mongodb,NO
P1.ASANTAS.ESTE_1900-01-03T00:00:00_no,p1.asantas.este,1900-01-03 00:00:00+00:00,12.624727500000004,µg/m³,NO,mongodb,NO
P1.ASANTAS.ESTE_1900-01-04T00:00:00_no,p1.asantas.este,1900-01-04 00:00:00+00:00,17.723475,µg/m³,NO,mongodb,NO
P1.ASANTAS.ESTE_1900-01-01T00:00:00_no,p1.asantas.este,1900-01-01 00:00:00+00:00,16.043666216150402,µg/m³,NO,mongodb,NO
P1.ASANTAS.ESTE_1900-01-02T00:00:00_no,p1.asantas.este,1900-01-02 00:00:00+00:00,19.322164283800895,µg/m³,NO,mongodb,NO
P1.ASANTAS.ESTE_1900-01-03T00:00:00_no,p1.asantas.este,1900-01-03 00:00:00+00:00,31.432746629993073,µg/m³,NO,mongodb,NO
P1.ASANTAS.ESTE_1900-01-04T00:00:00_no,p1.asantas.este,1900-01-04 00:00:00+00:00,7.858128214494447,µg/m³,NO,mongodb,NO
P1.ASANTAS.ESTE_1900-01-05T00:00:00_no,p1.asantas.este,1900-01-05 00:00:00+00:00,36.41477683615819,µg/m³,NO,mongodb,NO
P1.ASANTAS.ESTE_1900-01-02T00:00:00_no,p1.asantas.este,1900-01-02 00:00:00+00:00,15.603749999999998,µg/m³,NO,mongodb,NO
P1.ASANTAS.ESTE_1900-01-03T00:00:00_no,p1.asantas.este,1900-01-03 00:00:00+00:00,17.940416666666668,µg/m³,NO,mongodb,NO
P1.ASANTAS.ESTE_1900-01-04T00:00:00_no,p1.asantas.este,1900-01-04 00:00:00+00:00,19.637916666666662,µg/m³,NO,mongodb,NO
P1.ASANTAS.ESTE_1900-01-05T00:00:00_no,p1.asantas.este,1900-01-05 00:00:00+00:00,17.140000000000004,µg/m³,NO,mongodb,NO
P1.ASANTAS.ESTE_1900-01-01T00:00:00_no,p1.asantas.este,1900-01-01 00:00:00+00:00,17.967083333333335,µg/m³,NO,mongodb,NO
P1.ASANTAS.ESTE_1900-01-05T00:00:00_no,p1.asantas.este,1900-01-05 00:00:00+00:00,11.381473636363637,µg/m³,NO,mongodb,NO
P1.ASANTAS.ESTE_1900-01-01T00:00:00_no,p1.asantas.este,1900-01-01 00:00:00+00:00,10.451689166666666,µg/m³,NO,mongodb,NO
P1.ASANTAS.ESTE_1900-01-02T00:00:00_no,p1.asantas.este,1900-01-02 00:00:00+00:00,7.513838260869565,µg/m³,NO,mongodb,NO
P1.ASANTAS.ESTE_1900-01-03T00:00:00_no,p1.asantas.este,1900-01-03 00:00:00+00:00,15.830547500000003,µg/m³,NO,mongodb,NO
P1.ASANTAS.ESTE_1900-01-04T00:00:00_no,p1.asantas.este,1900-01-04 00:00:00+00:00,17.354452500000004,µg/m³,NO,mongodb,NO
P1.ASANTAS.ESTE_1900-01-05T00:00:00_no,p1.asantas.este,1900-01-05 00:00:00+00:00,12.91326260869565,µg/m³,NO,mongodb,NO
P1.ASANTAS.ESTE_1900-01-04T00:00:00_no,p1.asantas.este,1900-01-04 00:00:00+00:00,28.893124999999998,µg/m³,NO,mongodb,NO
P1.ASANTAS.ESTE_1900-01-05T00:00:00_no,p1.asantas.este,1900-01-05 00:00:00+00:00,42.79208333333333,µg/m³,NO,mongodb,NO
P1.ASANTAS.ESTE_1900-01-01T00:00:00_no,p1.asantas.este,1900-01-01 00:00:00+00:00,78.43447826086957,µg/m³,NO,mongodb,NO
P1.ASANTAS.ESTE_1900-01-02T00:00:00_no,p1.asantas.este,1900-01-02 00:00:00+00:00,49.237125,µg/m³,NO,mongodb,NO
P1.ASANTAS.ESTE_1900-01-03T00:00:00_no,p1.asantas.este,1900-01-03 00:00:00+00:00,90.70016666666668,µg/m³,NO,mongodb,NO
P1.ASANTAS.ESTE_1900-01-04T00:00:00_no,p1.asantas.este,1900-01-04 00:00:00+00:00,87.895625,µg/m³,NO,mongodb,NO
P1.ASANTAS.ESTE_1900-01-05T00:00:00_no,p1.asantas.este,1900-01-05 00:00:00+00:00,53.59524999999999,µg/m³,NO,mongodb,NO
P1.ASANTAS.ESTE_1900-01-02T00:00:00_no,p1.asantas.este,1900-01-02 00:00:00+00:00,35.051939999999995,µg/m³,NO,mongodb,NO
P1.ASANTAS.ESTE_1900-01-03T00:00:00_no,p1.asantas.este,1900-01-03 00:00:00+00:00,10.956330000000001,µg/m³,NO,mongodb,NO
P1.ASANTAS.ESTE_1900-01-04T00:00:00_no,p1.asantas.este,1900-01-04 00:00:00+00:00,46.29933,µg/m³,NO,mongodb,NO
P1.ASANTAS.ESTE_1900-01-05T00:00:00_no,p1.asantas.este,1900-01-05 00:00:00+00:00,22.9053825,µg/m³,NO,mongodb,NO
P1.ASANTAS.ESTE_1900-01-01T00:00:00_no,p1.asantas.este,1900-01-01 00:00:00+00:00,38.92210000000001,µg/m³,NO,mongodb,NO
P1.ASANTAS.ESTE_1900-01-01T00:00:00_no,p1.asantas.este,1900-01-01 00:00:00+00:00,21.08559375,µg/m³,NO,mongodb,NO
P1.ASANTAS.ESTE_1900-01-02T00:00:00_no,p1.asantas.este,1900-01-02 00:00:00+00:00,28.96195958333334,µg/m³,NO,mongodb,NO
P1.ASANTAS.ESTE_1900-01-03T00:00:00_no,p1.asantas.este,1900-01-03 00:00:00+00:00,28.233947391304355,µg/m³,NO,mongodb,NO
P1.ASANTAS.ESTE_1900-01-04T00:00:00_no,p1.asantas.este,1900-01-04 00:00:00+00:00,13.013972833333334,µg/m³,NO,mongodb,NO
P1.ASANTAS.ESTE_1900-01-05T00:00:00_no,p1.asantas.este,1900-01-05 00:00:00+00:00,3.5369049166666664,µg/m³,NO,mongodb,NO
P1.ASANTAS.ESTE_1900-01-06T00:00:00_no,p1.asantas.este,1900-01-06 00:00:00+00:00,47.2816575,µg/m³,NO,mongodb,NO
P1.ASANTAS.ESTE_1899-12-31T00:00:00_no,p1.asantas.este,1899-12-31 00:00:00+00:00,47.182905000000005,µg/m³,NO,mongodb,NO
P1.ASANTAS.ESTE_1900-01-06T00:00:00_no,p1.asantas.este,1900-01-06 00:00:00+00:00,11.187996468926555,µg/m³,NO,mongodb,NO
P1.ASANTAS.ESTE_1899-12-31T00:00:00_no,p1.asantas.este,1899-12-31 00:00:00+00:00,8.638421829339567,µg/m³,NO,mongodb,NO
P1.ASANTAS.ESTE_1900-01-06T00:00:00_no,p1.asantas.este,1900-01-06 00:00:00+00:00,13.603304704850963,µg/m³,NO,mongodb,NO
P1.ASANTAS.ESTE_1899-12-31T00:00:00_no,p1.asantas.este,1899-12-31 00:00:00+00:00,10.262317991428015,µg/m³,NO,mongodb,NO
P1.ASANTAS.ESTE_1900-01-06T00:00:00_no,p1.asantas.este,1900-01-06 00:00:00+00:00,18.58458333333333,µg/m³,NO,mongodb,NO
P1.ASANTAS.ESTE_1899-12-31T00:00:00_no,p1.asantas.este,1899-12-31 00:00:00+00:00,19.354999999999997,µg/m³,NO,mongodb,NO
P1.ASANTAS.ESTE_1900-01-06T00:00:00_no,p1.asantas.este,1900-01-06 00:00:00+00:00,6.162068695652175,µg/m³,NO,mongodb,NO
P1.ASANTAS.ESTE_1899-12-31T00:00:00_no,p1.asantas.este,1899-12-31 00:00:00+00:00,9.729905833333333,µg/m³,NO,mongodb,NO
P1.ASANTAS.ESTE_1900-01-06T00:00:00_no,p1.asantas.este,1900-01-06 00:00:00+00:00,9.758809999999999,µg/m³,NO,mongodb,NO
P1.ASANTAS.ESTE_1899-12-31T00:00:00_no,p1.asantas.este,1899-12-31 00:00:00+00:00,12.155496363636361,µg/m³,NO,mongodb,NO
P1.ASANTAS.ESTE_1900-01-06T00:00:00_no,p1.asantas.este,1900-01-06 00:00:00+00:00,18.905041666666666,µg/m³,NO,mongodb,NO
P1.ASANTAS.ESTE_1899-12-31T00:00:00_no,p1.asantas.este,1899-12-31 00:00:00+00:00,16.970166666666668,µg/m³,NO,mongodb,NO
P1.ASANTAS.ESTE_1900-01-06T00:00:00_no,p1.asantas.este,1900-01-06 00:00:00+00:00,29.507708333333326,µg/m³,NO,mongodb,NO
P1.ASANTAS.ESTE_1899-12-31T00:00:00_no,p1.asantas.este,1899-12-31 00:00:00+00:00,70.50679166666667,µg/m³,NO,mongodb,NO
P1.ASANTAS.ESTE_1900-01-06T00:00:00_no,p1.asantas.este,1900-01-06 00:00:00+00:00,3.3264,µg/m³,NO,mongodb,NO
P1.ASANTAS.ESTE_1899-12-31T00:00:00_no,p1.asantas.este,1899-12-31 00:00:00+00:00,11.182479999999998,µg/m³,NO,mongodb,NO
P1.ASANTAS.ESTE_1900-01-06T00:00:00_no,p1.asantas.este,1900-01-06 00:00:00+00:00,2.9594058333333333,µg/m³,NO,mongodb,NO
P1.ASANTAS.ESTE_1899-12-31T00:00:00_no,p1.asantas.este,1899-12-31 00:00:00+00:00,29.240072499999997,µg/m³,NO,mongodb,NO
7.0,mg/Nm³,CTSa-gr03,1899-12-30 12:00:00+00:00,empresa de electricidade dos açores s.a. - central termoeléctrica do pico - grupo 03,Chlorides,mongodb,Chlorides
7.0,mg/Nm³,CTB-gr05,1899-12-30 12:00:00+00:00,grupo 5,Chlorides,mongodb,Chlorides
0.5813939333398618,mg/Nm³,CTSb-gr07,1899-12-30 12:00:00+00:00,grupo 7,Chlorides,mongodb,Chlorides
7.0,mg/Nm³,CCB-xs13,2107-10-18 12:00:00+00:00,"coficab portugal - companhia de fios e cabos, lda. - 10549 - extrusora 1",Chlorides,mongodb,Chlorides
"P1.OVAR.ESTE_1900-01-06T00:00:00_pm2,5",p1.ovar.este,1900-01-06 00:00:00+00:00,0.0,µg/m³,Particles,mongodb,Particles
"P1.OVAR.ESTE_1899-12-31T00:00:00_pm2,5",p1.ovar.este,1899-12-31 00:00:00+00:00,0.0,µg/m³,Particles,mongodb,Particles
"P1.PQ.NAÇOES_1900-01-01T00:00:00_pm2,5",p1.pq.naçoes,1900-01-01 00:00:00+00:00,54.90866666666667,µg/m³,Particles,mongodb,Particles
"P1.GRIJO.ESTE_1900-01-01T00:00:00_pm2,5",p1.grijo.este,1900-01-01 00:00:00+00:00,22.357233333333333,µg/m³,Particles,mongodb,Particles
"P1.OVAR.ESTE_1900-01-06T00:00:00_pm2,5",p1.ovar.este,1900-01-06 00:00:00+00:00,0.0,µg/m³,Particles,mongodb,Particles
"P1.OVAR.ESTE_1899-12-31T00:00:00_pm2,5",p1.ovar.este,1899-12-31 00:00:00+00:00,0.0,µg/m³,Particles,mongodb,Particles
"P1.PQ.NAÇOES_1900-01-01T00:00:00_pm2,5",p1.pq.naçoes,1900-01-01 00:00:00+00:00,54.90866666666667,µg/m³,Particles,mongodb,Particles
"P1.GRIJO.ESTE_1900-01-01T00:00:00_pm2,5",p1.grijo.este,1900-01-01 00:00:00+00:00,22.357233333333333,µg/m³,Particles,mongodb,Particles
CTSa-gr03,empresa de electricidade dos açores s.a. - central termoeléctrica do pico - grupo 03,1899-12-30 12:00:00+00:00,32.35531388911796,mg/Nm³,Particles,mongodb,Particles
CTB-gr05,grupo 5,1899-12-30 12:00:00+00:00,40.8724863947009,mg/Nm³,Particles,mongodb,Particles
CTSb-gr07,grupo 7,1899-12-30 12:00:00+00:00,69.39329007629559,mg/Nm³,Particles,mongodb,Particles
CCB-xs13,"coficab portugal - companhia de fios e cabos, lda. - 10549 - extrusora 1",2107-10-18 12:00:00+00:00,1.0890416491711339,mg/Nm³,Particles,mongodb,Particles
P1.OVAR.ESTE_1900-01-06T00:00:00_radiação global,p1.ovar.este,1900-01-06 00:00:00+00:00,0.0,(W/m2),Radiation,mongodb,Radiation
P1.OVAR.ESTE_1899-12-31T00:00:00_radiação global,p1.ovar.este,1899-12-31 00:00:00+00:00,0.0,(W/m2),Radiation,mongodb,Radiation
P1.OVAR.ESTE_1900-01-06T00:00:00_radiação global,p1.ovar.este,1900-01-06 00:00:00+00:00,0.0,(W/m2),Radiation,mongodb,Radiation
P1.OVAR.ESTE_1899-12-31T00:00:00_radiação global,p1.ovar.este,1899-12-31 00:00:00+00:00,0.0,(W/m2),Radiation,mongodb,Radiation
P1.OVAR.ESTE_1900-01-06T00:00:00_radiação global,p1.ovar.este,1900-01-06 00:00:00+00:00,0.0,(W/m2),Radiation,mongodb,Radiation
P1.OVAR.ESTE_1899-12-31T00:00:00_radiação global,p1.ovar.este,1899-12-31 00:00:00+00:00,0.0,(W/m2),Radiation,mongodb,Radiation
P1.OVAR.ESTE_1900-01-06T00:00:00_radiação global,p1.ovar.este,1900-01-06 00:00:00+00:00,0.0,(W/m2),Radiation,mongodb,Radiation
P1.OVAR.ESTE_1899-12-31T00:00:00_radiação global,p1.ovar.este,1899-12-31 00:00:00+00:00,0.0,(W/m2),Radiation,mongodb,Radiation
P1.PQ.NAÇOES_1900-01-01T00:00:00_radiação global,p1.pq.naçoes,1900-01-01 00:00:00+00:00,-1.0991333333333333,(W/m2),Radiation,mongodb,Radiation
P1.SJVER.ESTE_1900-01-06T00:00:00_radiação global,p1.sjver.este,1900-01-06 00:00:00+00:00,0.0,(W/m2),Radiation,mongodb,Radiation
P1.SJVER.ESTE_1899-12-31T00:00:00_radiação global,p1.sjver.este,1899-12-31 00:00:00+00:00,0.0,(W/m2),Radiation,mongodb,Radiation
P1.SJVER.ESTE_1900-01-06T00:00:00_radiação global,p1.sjver.este,1900-01-06 00:00:00+00:00,0.0,(W/m2),Radiation,mongodb,Radiation
P1.SJVER.ESTE_1899-12-31T00:00:00_radiação global,p1.sjver.este,1899-12-31 00:00:00+00:00,0.0,(W/m2),Radiation,mongodb,Radiation
P1.SJVER.ESTE_1900-01-06T00:00:00_radiação global,p1.sjver.este,1900-01-06 00:00:00+00:00,0.0,(W/m2),Radiation,mongodb,Radiation
P1.SJVER.ESTE_1899-12-31T00:00:00_radiação global,p1.sjver.este,1899-12-31 00:00:00+00:00,0.0,(W/m2),Radiation,mongodb,Radiation
P1.SJVER.ESTE_1900-01-06T00:00:00_radiação global,p1.sjver.este,1900-01-06 00:00:00+00:00,0.0,(W/m2),Radiation,mongodb,Radiation
P1.SJVER.ESTE_1899-12-31T00:00:00_radiação global,p1.sjver.este,1899-12-31 00:00:00+00:00,0.0,(W/m2),Radiation,mongodb,Radiation
P1.SJVER.ESTE_1900-01-06T00:00:00_radiação global,p1.sjver.este,1900-01-06 00:00:00+00:00,0.0,(W/m2),Radiation,mongodb,Radiation
P1.SJVER.ESTE_1899-12-31T00:00:00_radiação global,p1.sjver.este,1899-12-31 00:00:00+00:00,0.0,(W/m2),Radiation,mongodb,Radiation
P1.SJVER.ESTE_1900-01-06T00:00:00_radiação global,p1.sjver.este,1900-01-06 00:00:00+00:00,0.0,(W/m2),Radiation,mongodb,Radiation
P1.SJVER.ESTE_1899-12-31T00:00:00_radiação global,p1.sjver.este,1899-12-31 00:00:00+00:00,0.0,(W/m2),Radiation,mongodb,Radiation
P1.SJVER.ESTE_1900-01-06T00:00:00_radiação global,p1.sjver.este,1900-01-06 00:00:00+00:00,0.0,(W/m2),Radiation,mongodb,Radiation
P1.SJVER.ESTE_1899-12-31T00:00:00_radiação global,p1.sjver.este,1899-12-31 00:00:00+00:00,0.0,(W/m2),Radiation,mongodb,Radiation
P1.SJVER.ESTE_1900-01-06T00:00:00_radiação global,p1.sjver.este,1900-01-06 00:00:00+00:00,0.0,(W/m2),Radiation,mongodb,Radiation
P1.SJVER.ESTE_1899-12-31T00:00:00_radiação global,p1.sjver.este,1899-12-31 00:00:00+00:00,0.0,(W/m2),Radiation,mongodb,Radiation
P1.SJVER.ESTE_1900-01-06T00:00:00_radiação global,p1.sjver.este,1900-01-06 00:00:00+00:00,0.0,(W/m2),Radiation,mongodb,Radiation
P1.SJVER.ESTE_1900-01-06T00:00:00_radiação global,p1.sjver.este,1900-01-06 00:00:00+00:00,0.0,(W/m2),Radiation,mongodb,Radiation
P1.SJVER.ESTE_1899-12-31T00:00:00_radiação global,p1.sjver.este,1899-12-31 00:00:00+00:00,0.0,(W/m2),Radiation,mongodb,Radiation
P1.ASANTAS.ESTE_1900-01-06T00:00:00_radiação global,p1.asantas.este,1900-01-06 00:00:00+00:00,0.0,(W/m2),Radiation,mongodb,Radiation
P1.ASANTAS.ESTE_1899-12-31T00:00:00_radiação global,p1.asantas.este,1899-12-31 00:00:00+00:00,0.0,(W/m2),Radiation,mongodb,Radiation
P1.ASANTAS.ESTE_1900-01-06T00:00:00_radiação global,p1.asantas.este,1900-01-06 00:00:00+00:00,0.0,(W/m2),Radiation,mongodb,Radiation
P1.ASANTAS.ESTE_1899-12-31T00:00:00_radiação global,p1.asantas.este,1899-12-31 00:00:00+00:00,0.0,(W/m2),Radiation,mongodb,Radiation
P1.ASANTAS.ESTE_1900-01-06T00:00:00_radiação global,p1.asantas.este,1900-01-06 00:00:00+00:00,0.0,(W/m2),Radiation,mongodb,Radiation
P1.ASANTAS.ESTE_1899-12-31T00:00:00_radiação global,p1.asantas.este,1899-12-31 00:00:00+00:00,0.0,(W/m2),Radiation,mongodb,Radiation
P1.ASANTAS.ESTE_1900-01-06T00:00:00_radiação global,p1.asantas.este,1900-01-06 00:00:00+00:00,0.0,(W/m2),Radiation,mongodb,Radiation
P1.ASANTAS.ESTE_1899-12-31T00:00:00_radiação global,p1.asantas.este,1899-12-31 00:00:00+00:00,0.0,(W/m2),Radiation,mongodb,Radiation
P1.ASANTAS.ESTE_1900-01-06T00:00:00_radiação global,p1.asantas.este,1900-01-06 00:00:00+00:00,0.0,(W/m2),Radiation,mongodb,Radiation
P1.ASANTAS.ESTE_1899-12-31T00:00:00_radiação global,p1.asantas.este,1899-12-31 00:00:00+00:00,0.0,(W/m2),Radiation,mongodb,Radiation
P1.ASANTAS.ESTE_1900-01-06T00:00:00_radiação global,p1.asantas.este,1900-01-06 00:00:00+00:00,0.0,(W/m2),Radiation,mongodb,Radiation
P1.ASANTAS.ESTE_1899-12-31T00:00:00_radiação global,p1.asantas.este,1899-12-31 00:00:00+00:00,0.0,(W/m2),Radiation,mongodb,Radiation
P1.ASANTAS.ESTE_1900-01-06T00:00:00_radiação global,p1.asantas.este,1900-01-06 00:00:00+00:00,0.0,(W/m2),Radiation,mongodb,Radiation
P1.ASANTAS.ESTE_1899-12-31T00:00:00_radiação global,p1.asantas.este,1899-12-31 00:00:00+00:00,0.0,(W/m2),Radiation,mongodb,Radiation
P1.ASANTAS.ESTE_1900-01-06T00:00:00_radiação global,p1.asantas.este,1900-01-06 00:00:00+00:00,0.0,(W/m2),Radiation,mongodb,Radiation
P1.ASANTAS.ESTE_1899-12-31T00:00:00_radiação global,p1.asantas.este,1899-12-31 00:00:00+00:00,0.0,(W/m2),Radiation,mongodb,Radiation
P1.ASANTAS.ESTE_1900-01-06T00:00:00_radiação global,p1.asantas.este,1900-01-06 00:00:00+00:00,0.0,(W/m2),Radiation,mongodb,Radiation
P1.ASANTAS.ESTE_1899-12-31T00:00:00_radiação global,p1.asantas.este,1899-12-31 00:00:00+00:00,0.0,(W/m2),Radiation,mongodb,Radiation
P1.ASANTAS.ESTE_1900-01-06T00:00:00_radiação global,p1.asantas.este,1900-01-06 00:00:00+00:00,0.0,(W/m2),Radiation,mongodb,Radiation
P1.ASANTAS.ESTE_1899-12-31T00:00:00_radiação global,p1.asantas.este,1899-12-31 00:00:00+00:00,0.0,(W/m2),Radiation,mongodb,Radiation
P1.ASANTAS.ESTE_1900-01-06T00:00:00_radiação global,p1.asantas.este,1900-01-06 00:00:00+00:00,0.0,(W/m2),Radiation,mongodb,Radiation
P1.ASANTAS.ESTE_1899-12-31T00:00:00_radiação global,p1.asantas.este,1899-12-31 00:00:00+00:00,0.0,(W/m2),Radiation,mongodb,Radiation
P1.OVAR.ESTE_1900-01-06T00:00:00_radiação global,p1.ovar.este,1900-01-06 00:00:00+00:00,0.0,(W/m2),Radiation,mongodb,Radiation
P1.OVAR.ESTE_1899-12-31T00:00:00_radiação global,p1.ovar.este,1899-12-31 00:00:00+00:00,0.0,(W/m2),Radiation,mongodb,Radiation
P1.OVAR.ESTE_1900-01-06T00:00:00_radiação global,p1.ovar.este,1900-01-06 00:00:00+00:00,0.0,(W/m2),Radiation,mongodb,Radiation
P1.OVAR.ESTE_1899-12-31T00:00:00_radiação global,p1.ovar.este,1899-12-31 00:00:00+00:00,0.0,(W/m2),Radiation,mongodb,Radiation
P1.OVAR.ESTE_1900-01-06T00:00:00_radiação global,p1.ovar.este,1900-01-06 00:00:00+00:00,0.0,(W/m2),Radiation,mongodb,Radiation
P1.OVAR.ESTE_1899-12-31T00:00:00_radiação global,p1.ovar.este,1899-12-31 00:00:00+00:00,0.0,(W/m2),Radiation,mongodb,Radiation
P1.OVAR.ESTE_1900-01-06T00:00:00_radiação global,p1.ovar.este,1900-01-06 00:00:00+00:00,0.0,(W/m2),Radiation,mongodb,Radiation
P1.OVAR.ESTE_1899-12-31T00:00:00_radiação global,p1.ovar.este,1899-12-31 00:00:00+00:00,0.0,(W/m2),Radiation,mongodb,Radiation
P1.PQ.NAÇOES_1900-01-01T00:00:00_radiação global,p1.pq.naçoes,1900-01-01 00:00:00+00:00,-1.0991333333333333,(W/m2),Radiation,mongodb,Radiation
P1.SJVER.ESTE_1900-01-06T00:00:00_radiação global,p1.sjver.este,1900-01-06 00:00:00+00:00,0.0,(W/m2),Radiation,mongodb,Radiation
P1.SJVER.ESTE_1899-12-31T00:00:00_radiação global,p1.sjver.este,1899-12-31 00:00:00+00:00,0.0,(W/m2),Radiation,mongodb,Radiation
P1.SJVER.ESTE_1900-01-06T00:00:00_radiação global,p1.sjver.este,1900-01-06 00:00:00+00:00,0.0,(W/m2),Radiation,mongodb,Radiation
P1.SJVER.ESTE_1899-12-31T00:00:00_radiação global,p1.sjver.este,1899-12-31 00:00:00+00:00,0.0,(W/m2),Radiation,mongodb,Radiation
P1.SJVER.ESTE_1900-01-06T00:00:00_radiação global,p1.sjver.este,1900-01-06 00:00:00+00:00,0.0,(W/m2),Radiation,mongodb,Radiation
P1.SJVER.ESTE_1899-12-31T00:00:00_radiação global,p1.sjver.este,1899-12-31 00:00:00+00:00,0.0,(W/m2),Radiation,mongodb,Radiation
P1.SJVER.ESTE_1900-01-06T00:00:00_radiação global,p1.sjver.este,1900-01-06 00:00:00+00:00,0.0,(W/m2),Radiation,mongodb,Radiation
P1.SJVER.ESTE_1899-12-31T00:00:00_radiação global,p1.sjver.este,1899-12-31 00:00:00+00:00,0.0,(W/m2),Radiation,mongodb,Radiation
P1.SJVER.ESTE_1900-01-06T00:00:00_radiação global,p1.sjver.este,1900-01-06 00:00:00+00:00,0.0,(W/m2),Radiation,mongodb,Radiation
P1.SJVER.ESTE_1899-12-31T00:00:00_radiação global,p1.sjver.este,1899-12-31 00:00:00+00:00,0.0,(W/m2),Radiation,mongodb,Radiation
P1.SJVER.ESTE_1900-01-06T00:00:00_radiação global,p1.sjver.este,1900-01-06 00:00:00+00:00,0.0,(W/m2),Radiation,mongodb,Radiation
P1.SJVER.ESTE_1899-12-31T00:00:00_radiação global,p1.sjver.este,1899-12-31 00:00:00+00:00,0.0,(W/m2),Radiation,mongodb,Radiation
P1.SJVER.ESTE_1900-01-06T00:00:00_radiação global,p1.sjver.este,1900-01-06 00:00:00+00:00,0.0,(W/m2),Radiation,mongodb,Radiation
P1.SJVER.ESTE_1899-12-31T00:00:00_radiação global,p1.sjver.este,1899-12-31 00:00:00+00:00,0.0,(W/m2),Radiation,mongodb,Radiation
P1.SJVER.ESTE_1900-01-06T00:00:00_radiação global,p1.sjver.este,1900-01-06 00:00:00+00:00,0.0,(W/m2),Radiation,mongodb,Radiation
P1.SJVER.ESTE_1899-12-31T00:00:00_radiação global,p1.sjver.este,1899-12-31 00:00:00+00:00,0.0,(W/m2),Radiation,mongodb,Radiation
P1.SJVER.ESTE_1900-01-06T00:00:00_radiação global,p1.sjver.este,1900-01-06 00:00:00+00:00,0.0,(W/m2),Radiation,mongodb,Radiation
P1.SJVER.ESTE_1900-01-06T00:00:00_radiação global,p1.sjver.este,1900-01-06 00:00:00+00:00,0.0,(W/m2),Radiation,mongodb,Radiation
P1.SJVER.ESTE_1899-12-31T00:00:00_radiação global,p1.sjver.este,1899-12-31 00:00:00+00:00,0.0,(W/m2),Radiation,mongodb,Radiation
P1.ASANTAS.ESTE_1900-01-06T00:00:00_radiação global,p1.asantas.este,1900-01-06 00:00:00+00:00,0.0,(W/m2),Radiation,mongodb,Radiation
P1.ASANTAS.ESTE_1899-12-31T00:00:00_radiação global,p1.asantas.este,1899-12-31 00:00:00+00:00,0.0,(W/m2),Radiation,mongodb,Radiation
P1.ASANTAS.ESTE_1900-01-06T00:00:00_radiação global,p1.asantas.este,1900-01-06 00:00:00+00:00,0.0,(W/m2),Radiation,mongodb,Radiation
P1.ASANTAS.ESTE_1899-12-31T00:00:00_radiação global,p1.asantas.este,1899-12-31 00:00:00+00:00,0.0,(W/m2),Radiation,mongodb,Radiation
P1.ASANTAS.ESTE_1900-01-06T00:00:00_radiação global,p1.asantas.este,1900-01-06 00:00:00+00:00,0.0,(W/m2),Radiation,mongodb,Radiation
P1.ASANTAS.ESTE_1899-12-31T00:00:00_radiação global,p1.asantas.este,1899-12-31 00:00:00+00:00,0.0,(W/m2),Radiation,mongodb,Radiation
P1.ASANTAS.ESTE_1900-01-06T00:00:00_radiação global,p1.asantas.este,1900-01-06 00:00:00+00:00,0.0,(W/m2),Radiation,mongodb,Radiation
P1.ASANTAS.ESTE_1899-12-31T00:00:00_radiação global,p1.asantas.este,1899-12-31 00:00:00+00:00,0.0,(W/m2),Radiation,mongodb,Radiation
P1.ASANTAS.ESTE_1900-01-06T00:00:00_radiação global,p1.asantas.este,1900-01-06 00:00:00+00:00,0.0,(W/m2),Radiation,mongodb,Radiation
P1.ASANTAS.ESTE_1899-12-31T00:00:00_radiação global,p1.asantas.este,1899-12-31 00:00:00+00:00,0.0,(W/m2),Radiation,mongodb,Radiation
P1.ASANTAS.ESTE_1900-01-06T00:00:00_radiação global,p1.asantas.este,1900-01-06 00:00:00+00:00,0.0,(W/m2),Radiation,mongodb,Radiation
P1.ASANTAS.ESTE_1899-12-31T00:00:00_radiação global,p1.asantas.este,1899-12-31 00:00:00+00:00,0.0,(W/m2),Radiation,mongodb,Radiation
P1.ASANTAS.ESTE_1900-01-06T00:00:00_radiação global,p1.asantas.este,1900-01-06 00:00:00+00:00,0.0,(W/m2),Radiation,mongodb,Radiation
P1.ASANTAS.ESTE_1899-12-31T00:00:00_radiação global,p1.asantas.este,1899-12-31 00:00:00+00:00,0.0,(W/m2),Radiation,mongodb,Radiation
P1.ASANTAS.ESTE_1900-01-06T00:00:00_radiação global,p1.asantas.este,1900-01-06 00:00:00+00:00,0.0,(W/m2),Radiation,mongodb,Radiation
P1.ASANTAS.ESTE_1899-12-31T00:00:00_radiação global,p1.asantas.este,1899-12-31 00:00:00+00:00,0.0,(W/m2),Radiation,mongodb,Radiation
P1.ASANTAS.ESTE_1900-01-06T00:00:00_radiação global,p1.asantas.este,1900-01-06 00:00:00+00:00,0.0,(W/m2),Radiation,mongodb,Radiation
P1.ASANTAS.ESTE_1899-12-31T00:00:00_radiação global,p1.asantas.este,1899-12-31 00:00:00+00:00,0.0,(W/m2),Radiation,mongodb,Radiation
P1.ASANTAS.ESTE_1900-01-06T00:00:00_radiação global,p1.asantas.este,1900-01-06 00:00:00+00:00,0.0,(W/m2),Radiation,mongodb,Radiation
P1.ASANTAS.ESTE_1899-12-31T00:00:00_radiação global,p1.asantas.este,1899-12-31 00:00:00+00:00,0.0,(W/m2),Radiation,mongodb,Radiation
P1.ASANTAS.ESTE_1900-01-06T00:00:00_radiação global,p1.asantas.este,1900-01-06 00:00:00+00:00,0.0,(W/m2),Radiation,mongodb,Radiation
P1.ASANTAS.ESTE_1899-12-31T00:00:00_radiação global,p1.asantas.este,1899-12-31 00:00:00+00:00,0.0,(W/m2),Radiation,mongodb,Radiation
P1.OVAR.ESTE_1900-01-01T00:00:00_so2,p1.ovar.este,1900-01-01 00:00:00+00:00,0.5286666666666666,µg/m³,SO2,mongodb,SO2
P1.PQ.NAÇOES_1900-01-01T00:00:00_so2,p1.pq.naçoes,1900-01-01 00:00:00+00:00,2.5686666666666667,µg/m³,SO2,mongodb,SO2
P1.GRIJO.ESTE_1900-01-01T00:00:00_so2,p1.grijo.este,1900-01-01 00:00:00+00:00,2.8733333333333335,µg/m³,SO2,mongodb,SO2
P1.OVAR.ESTE_1900-01-01T00:00:00_so2,p1.ovar.este,1900-01-01 00:00:00+00:00,0.5286666666666666,µg/m³,SO2,mongodb,SO2
P1.PQ.NAÇOES_1900-01-01T00:00:00_so2,p1.pq.naçoes,1900-01-01 00:00:00+00:00,2.5686666666666667,µg/m³,SO2,mongodb,SO2
P1.GRIJO.ESTE_1900-01-01T00:00:00_so2,p1.grijo.este,1900-01-01 00:00:00+00:00,2.8733333333333335,µg/m³,SO2,mongodb,SO2
CTSa-gr03,empresa de electricidade dos açores s.a. - central termoeléctrica do pico - grupo 03,1899-12-30 12:00:00+00:00,175.0977478305995,mg/Nm³,SO2,mongodb,SO2
CTB-gr05,grupo 5,1899-12-30 12:00:00+00:00,674.7918774779903,mg/Nm³,SO2,mongodb,SO2
CTSb-gr07,grupo 7,1899-12-30 12:00:00+00:00,518.3289200924236,mg/Nm³,SO2,mongodb,SO2
CCB-xs13,"coficab portugal - companhia de fios e cabos, lda. - 10549 - extrusora 1",2107-10-18 12:00:00+00:00,7.0,mg/Nm³,SO2,mongodb,SO2
P1.OVAR.ESTE_1900-01-03T00:00:00_nox,p1.ovar.este,1900-01-03 00:00:00+00:00,30.94307870370371,µg/m³,NOx,mongodb,NOx
P1.OVAR.ESTE_1900-01-04T00:00:00_nox,p1.ovar.este,1900-01-04 00:00:00+00:00,36.67789351851852,µg/m³,NOx,mongodb,NOx
P1.OVAR.ESTE_1900-01-05T00:00:00_nox,p1.ovar.este,1900-01-05 00:00:00+00:00,18.874600694444442,µg/m³,NOx,mongodb,NOx
P1.OVAR.ESTE_1900-01-01T00:00:00_nox,p1.ovar.este,1900-01-01 00:00:00+00:00,32.33777199074075,µg/m³,NOx,mongodb,NOx
P1.OVAR.ESTE_1900-01-02T00:00:00_nox,p1.ovar.este,1900-01-02 00:00:00+00:00,26.788935185185192,µg/m³,NOx,mongodb,NOx
P1.OVAR.ESTE_1900-01-05T00:00:00_nox,p1.ovar.este,1900-01-05 00:00:00+00:00,49.43493318718029,µg/m³,NOx,mongodb,NOx
P1.OVAR.ESTE_1900-01-01T00:00:00_nox,p1.ovar.este,1900-01-01 00:00:00+00:00,36.58869601384975,µg/m³,NOx,mongodb,NOx
P1.OVAR.ESTE_1900-01-02T00:00:00_nox,p1.ovar.este,1900-01-02 00:00:00+00:00,36.25218629293246,µg/m³,NOx,mongodb,NOx
P1.OVAR.ESTE_1900-01-03T00:00:00_nox,p1.ovar.este,1900-01-03 00:00:00+00:00,44.367594502366096,µg/m³,NOx,mongodb,NOx
P1.OVAR.ESTE_1900-01-04T00:00:00_nox,p1.ovar.este,1900-01-04 00:00:00+00:00,29.560362224658103,µg/m³,NOx,mongodb,NOx
P1.OVAR.ESTE_1900-01-04T00:00:00_nox,p1.ovar.este,1900-01-04 00:00:00+00:00,32.27399575503562,µg/m³,NOx,mongodb,NOx
P1.OVAR.ESTE_1900-01-05T00:00:00_nox,p1.ovar.este,1900-01-05 00:00:00+00:00,43.13024607487922,µg/m³,NOx,mongodb,NOx
P1.OVAR.ESTE_1900-01-01T00:00:00_nox,p1.ovar.este,1900-01-01 00:00:00+00:00,33.32992904589372,µg/m³,NOx,mongodb,NOx
P1.OVAR.ESTE_1900-01-02T00:00:00_nox,p1.ovar.este,1900-01-02 00:00:00+00:00,41.44066274154589,µg/m³,NOx,mongodb,NOx
P1.OVAR.ESTE_1900-01-03T00:00:00_nox,p1.ovar.este,1900-01-03 00:00:00+00:00,39.320804636744136,µg/m³,NOx,mongodb,NOx
P1.OVAR.ESTE_1900-01-03T00:00:00_nox,p1.ovar.este,1900-01-03 00:00:00+00:00,34.40082531453188,µg/m³,NOx,mongodb,NOx
P1.OVAR.ESTE_1900-01-04T00:00:00_nox,p1.ovar.este,1900-01-04 00:00:00+00:00,45.650244855618816,µg/m³,NOx,mongodb,NOx
P1.OVAR.ESTE_1900-01-05T00:00:00_nox,p1.ovar.este,1900-01-05 00:00:00+00:00,52.0177960312511,µg/m³,NOx,mongodb,NOx
P1.OVAR.ESTE_1900-01-01T00:00:00_nox,p1.ovar.este,1900-01-01 00:00:00+00:00,30.039622461425285,µg/m³,NOx,mongodb,NOx
P1.OVAR.ESTE_1900-01-02T00:00:00_nox,p1.ovar.este,1900-01-02 00:00:00+00:00,40.653072783456025,µg/m³,NOx,mongodb,NOx
P1.OVAR.ESTE_1900-01-06T00:00:00_nox,p1.ovar.este,1900-01-06 00:00:00+00:00,16.08561921296296,µg/m³,NOx,mongodb,NOx
P1.OVAR.ESTE_1899-12-31T00:00:00_nox,p1.ovar.este,1899-12-31 00:00:00+00:00,18.995196759259255,µg/m³,NOx,mongodb,NOx
P1.OVAR.ESTE_1900-01-06T00:00:00_nox,p1.ovar.este,1900-01-06 00:00:00+00:00,35.72619245223927,µg/m³,NOx,mongodb,NOx
P1.OVAR.ESTE_1899-12-31T00:00:00_nox,p1.ovar.este,1899-12-31 00:00:00+00:00,32.823763649650274,µg/m³,NOx,mongodb,NOx
P1.OVAR.ESTE_1900-01-06T00:00:00_nox,p1.ovar.este,1900-01-06 00:00:00+00:00,22.331095259661833,µg/m³,NOx,mongodb,NOx
P1.OVAR.ESTE_1899-12-31T00:00:00_nox,p1.ovar.este,1899-12-31 00:00:00+00:00,20.72452445652174,µg/m³,NOx,mongodb,NOx
P1.OVAR.ESTE_1900-01-06T00:00:00_nox,p1.ovar.este,1900-01-06 00:00:00+00:00,27.92223554620342,µg/m³,NOx,mongodb,NOx
P1.OVAR.ESTE_1899-12-31T00:00:00_nox,p1.ovar.este,1899-12-31 00:00:00+00:00,22.372329370805062,µg/m³,NOx,mongodb,NOx
P1.OVAR.ESTE_1900-01-01T00:00:00_nox,p1.ovar.este,1900-01-01 00:00:00+00:00,10.505333333333333,µg/m³,NOx,mongodb,NOx
P1.PQ.NAÇOES_1900-01-01T00:00:00_nox,p1.pq.naçoes,1900-01-01 00:00:00+00:00,78.45,µg/m³,NOx,mongodb,NOx
P1.SJVER.ESTE_1900-01-03T00:00:00_nox,p1.sjver.este,1900-01-03 00:00:00+00:00,80.93879730401635,µg/m³,NOx,mongodb,NOx
P1.SJVER.ESTE_1900-01-04T00:00:00_nox,p1.sjver.este,1900-01-04 00:00:00+00:00,40.73803473104616,µg/m³,NOx,mongodb,NOx
P1.SJVER.ESTE_1900-01-05T00:00:00_nox,p1.sjver.este,1900-01-05 00:00:00+00:00,53.66144430326133,µg/m³,NOx,mongodb,NOx
P1.SJVER.ESTE_1900-01-01T00:00:00_nox,p1.sjver.este,1900-01-01 00:00:00+00:00,63.16302626005929,µg/m³,NOx,mongodb,NOx
P1.SJVER.ESTE_1900-01-02T00:00:00_nox,p1.sjver.este,1900-01-02 00:00:00+00:00,68.53521865734858,µg/m³,NOx,mongodb,NOx
P1.SJVER.ESTE_1900-01-02T00:00:00_nox,p1.sjver.este,1900-01-02 00:00:00+00:00,59.21990967461095,µg/m³,NOx,mongodb,NOx
P1.SJVER.ESTE_1900-01-03T00:00:00_nox,p1.sjver.este,1900-01-03 00:00:00+00:00,52.613535749265424,µg/m³,NOx,mongodb,NOx
P1.SJVER.ESTE_1900-01-04T00:00:00_nox,p1.sjver.este,1900-01-04 00:00:00+00:00,76.10200076178039,µg/m³,NOx,mongodb,NOx
P1.SJVER.ESTE_1900-01-05T00:00:00_nox,p1.sjver.este,1900-01-05 00:00:00+00:00,89.29046142126454,µg/m³,NOx,mongodb,NOx
P1.SJVER.ESTE_1900-01-01T00:00:00_nox,p1.sjver.este,1900-01-01 00:00:00+00:00,57.22019262161279,µg/m³,NOx,mongodb,NOx
P1.SJVER.ESTE_1900-01-05T00:00:00_nox,p1.sjver.este,1900-01-05 00:00:00+00:00,63.173606189851256,µg/m³,NOx,mongodb,NOx
P1.SJVER.ESTE_1900-01-01T00:00:00_nox,p1.sjver.este,1900-01-01 00:00:00+00:00,67.85693077427821,µg/m³,NOx,mongodb,NOx
P1.SJVER.ESTE_1900-01-02T00:00:00_nox,p1.sjver.este,1900-01-02 00:00:00+00:00,55.05070592738408,µg/m³,NOx,mongodb,NOx
P1.SJVER.ESTE_1900-01-03T00:00:00_nox,p1.sjver.este,1900-01-03 00:00:00+00:00,68.22475940507435,µg/m³,NOx,mongodb,NOx
P1.SJVER.ESTE_1900-01-04T00:00:00_nox,p1.sjver.este,1900-01-04 00:00:00+00:00,72.04300634295713,µg/m³,NOx,mongodb,NOx
P1.SJVER.ESTE_1900-01-04T00:00:00_nox,p1.sjver.este,1900-01-04 00:00:00+00:00,52.12111406300571,µg/m³,NOx,mongodb,NOx
P1.SJVER.ESTE_1900-01-05T00:00:00_nox,p1.sjver.este,1900-01-05 00:00:00+00:00,64.62088750134859,µg/m³,NOx,mongodb,NOx
P1.SJVER.ESTE_1900-01-01T00:00:00_nox,p1.sjver.este,1900-01-01 00:00:00+00:00,47.99534325889166,µg/m³,NOx,mongodb,NOx
P1.SJVER.ESTE_1900-01-02T00:00:00_nox,p1.sjver.este,1900-01-02 00:00:00+00:00,66.01685380479735,µg/m³,NOx,mongodb,NOx
P1.SJVER.ESTE_1900-01-01T00:00:00_nox,p1.sjver.este,1900-01-01 00:00:00+00:00,70.20911410491935,µg/m³,NOx,mongodb,NOx
P1.SJVER.ESTE_1900-01-02T00:00:00_nox,p1.sjver.este,1900-01-02 00:00:00+00:00,83.48093743621146,µg/m³,NOx,mongodb,NOx
P1.SJVER.ESTE_1900-01-03T00:00:00_nox,p1.sjver.este,1900-01-03 00:00:00+00:00,82.06354613186365,µg/m³,NOx,mongodb,NOx
P1.SJVER.ESTE_1900-01-04T00:00:00_nox,p1.sjver.este,1900-01-04 00:00:00+00:00,66.55109665237804,µg/m³,NOx,mongodb,NOx
P1.SJVER.ESTE_1900-01-05T00:00:00_nox,p1.sjver.este,1900-01-05 00:00:00+00:00,84.09688711982038,µg/m³,NOx,mongodb,NOx
P1.SJVER.ESTE_1900-01-02T00:00:00_nox,p1.sjver.este,1900-01-02 00:00:00+00:00,36.94596134282807,µg/m³,NOx,mongodb,NOx
P1.SJVER.ESTE_1900-01-03T00:00:00_nox,p1.sjver.este,1900-01-03 00:00:00+00:00,23.902723804679553,µg/m³,NOx,mongodb,NOx
P1.SJVER.ESTE_1900-01-04T00:00:00_nox,p1.sjver.este,1900-01-04 00:00:00+00:00,33.45963952408333,µg/m³,NOx,mongodb,NOx
P1.SJVER.ESTE_1900-01-05T00:00:00_nox,p1.sjver.este,1900-01-05 00:00:00+00:00,40.71259240420482,µg/m³,NOx,mongodb,NOx
P1.SJVER.ESTE_1900-01-01T00:00:00_nox,p1.sjver.este,1900-01-01 00:00:00+00:00,57.8268480840963,µg/m³,NOx,mongodb,NOx
P1.SJVER.ESTE_1900-01-05T00:00:00_nox,p1.sjver.este,1900-01-05 00:00:00+00:00,28.278333333333332,µg/m³,NOx,mongodb,NOx
P1.SJVER.ESTE_1900-01-01T00:00:00_nox,p1.sjver.este,1900-01-01 00:00:00+00:00,55.74458333333333,µg/m³,NOx,mongodb,NOx
P1.SJVER.ESTE_1900-01-02T00:00:00_nox,p1.sjver.este,1900-01-02 00:00:00+00:00,48.1746555772994,µg/m³,NOx,mongodb,NOx
P1.SJVER.ESTE_1900-01-03T00:00:00_nox,p1.sjver.este,1900-01-03 00:00:00+00:00,34.61423679060665,µg/m³,NOx,mongodb,NOx
P1.SJVER.ESTE_1900-01-04T00:00:00_nox,p1.sjver.este,1900-01-04 00:00:00+00:00,36.40949119373777,µg/m³,NOx,mongodb,NOx
P1.SJVER.ESTE_1900-01-03T00:00:00_nox,p1.sjver.este,1900-01-03 00:00:00+00:00,24.73370943733254,µg/m³,NOx,mongodb,NOx
P1.SJVER.ESTE_1900-01-04T00:00:00_nox,p1.sjver.este,1900-01-04 00:00:00+00:00,28.53370348317952,µg/m³,NOx,mongodb,NOx
P1.SJVER.ESTE_1900-01-05T00:00:00_nox,p1.sjver.este,1900-01-05 00:00:00+00:00,39.87466507889253,µg/m³,NOx,mongodb,NOx
P1.SJVER.ESTE_1900-01-01T00:00:00_nox,p1.sjver.este,1900-01-01 00:00:00+00:00,33.922994938969936,µg/m³,NOx,mongodb,NOx
P1.SJVER.ESTE_1900-01-02T00:00:00_nox,p1.sjver.este,1900-01-02 00:00:00+00:00,37.20267936885978,µg/m³,NOx,mongodb,NOx
P1.SJVER.ESTE_1900-01-05T00:00:00_nox,p1.sjver.este,1900-01-05 00:00:00+00:00,25.42367906066536,µg/m³,NOx,mongodb,NOx
P1.SJVER.ESTE_1900-01-06T00:00:00_nox,p1.sjver.este,1900-01-06 00:00:00+00:00,32.31521601016519,µg/m³,NOx,mongodb,NOx
P1.SJVER.ESTE_1899-12-31T00:00:00_nox,p1.sjver.este,1899-12-31 00:00:00+00:00,32.520411901736544,µg/m³,NOx,mongodb,NOx
P1.SJVER.ESTE_1900-01-06T00:00:00_nox,p1.sjver.este,1900-01-06 00:00:00+00:00,45.6281096963761,µg/m³,NOx,mongodb,NOx
P1.SJVER.ESTE_1899-12-31T00:00:00_nox,p1.sjver.este,1899-12-31 00:00:00+00:00,26.57925726412014,µg/m³,NOx,mongodb,NOx
P1.SJVER.ESTE_1900-01-06T00:00:00_nox,p1.sjver.este,1900-01-06 00:00:00+00:00,39.11035651793526,µg/m³,NOx,mongodb,NOx
P1.SJVER.ESTE_1899-12-31T00:00:00_nox,p1.sjver.este,1899-12-31 00:00:00+00:00,21.37129702537183,µg/m³,NOx,mongodb,NOx
P1.SJVER.ESTE_1900-01-06T00:00:00_nox,p1.sjver.este,1900-01-06 00:00:00+00:00,54.87683519437552,µg/m³,NOx,mongodb,NOx
P1.SJVER.ESTE_1899-12-31T00:00:00_nox,p1.sjver.este,1899-12-31 00:00:00+00:00,40.29497518610422,µg/m³,NOx,mongodb,NOx
P1.SJVER.ESTE_1900-01-06T00:00:00_nox,p1.sjver.este,1900-01-06 00:00:00+00:00,43.4109359052868,µg/m³,NOx,mongodb,NOx
P1.SJVER.ESTE_1899-12-31T00:00:00_nox,p1.sjver.este,1899-12-31 00:00:00+00:00,37.63494156970811,µg/m³,NOx,mongodb,NOx
P1.SJVER.ESTE_1900-01-06T00:00:00_nox,p1.sjver.este,1900-01-06 00:00:00+00:00,36.0615979993218,µg/m³,NOx,mongodb,NOx
P1.SJVER.ESTE_1899-12-31T00:00:00_nox,p1.sjver.este,1899-12-31 00:00:00+00:00,38.1869498134961,µg/m³,NOx,mongodb,NOx
P1.SJVER.ESTE_1900-01-06T00:00:00_nox,p1.sjver.este,1900-01-06 00:00:00+00:00,32.38416666666667,µg/m³,NOx,mongodb,NOx
P1.SJVER.ESTE_1899-12-31T00:00:00_nox,p1.sjver.este,1899-12-31 00:00:00+00:00,27.935833333333335,µg/m³,NOx,mongodb,NOx
P1.SJVER.ESTE_1900-01-06T00:00:00_nox,p1.sjver.este,1900-01-06 00:00:00+00:00,23.742551354569823,µg/m³,NOx,mongodb,NOx
P1.SJVER.ESTE_1899-12-31T00:00:00_nox,p1.sjver.este,1899-12-31 00:00:00+00:00,23.379217028877648,µg/m³,NOx,mongodb,NOx
P1.SJVER.ESTE_1900-01-06T00:00:00_nox,p1.sjver.este,1900-01-06 00:00:00+00:00,51.09541666666666,µg/m³,NOx,mongodb,NOx
P1.SJVER.ESTE_1900-01-06T00:00:00_nox,p1.sjver.este,1900-01-06 00:00:00+00:00,26.106653620352247,µg/m³,NOx,mongodb,NOx
P1.SJVER.ESTE_1899-12-31T00:00:00_nox,p1.sjver.este,1899-12-31 00:00:00+00:00,28.463551859099805,µg/m³,NOx,mongodb,NOx
P1.SJVER.ESTE_1900-01-01T00:00:00_nox,p1.sjver.este,1900-01-01 00:00:00+00:00,33.05433333333333,µg/m³,NOx,mongodb,NOx
P1.GRIJO.ESTE_1900-01-01T00:00:00_nox,p1.grijo.este,1900-01-01 00:00:00+00:00,28.79333333333333,µg/m³,NOx,mongodb,NOx
P1.ASANTAS.ESTE_1900-01-05T00:00:00_nox,p1.asantas.este,1900-01-05 00:00:00+00:00,162.92906250000004,µg/m³,NOx,mongodb,NOx
P1.ASANTAS.ESTE_1900-01-01T00:00:00_nox,p1.asantas.este,1900-01-01 00:00:00+00:00,184.93875,µg/m³,NOx,mongodb,NOx
P1.ASANTAS.ESTE_1900-01-02T00:00:00_nox,p1.asantas.este,1900-01-02 00:00:00+00:00,46.67296875000002,µg/m³,NOx,mongodb,NOx
P1.ASANTAS.ESTE_1900-01-03T00:00:00_nox,p1.asantas.este,1900-01-03 00:00:00+00:00,53.1834375,µg/m³,NOx,mongodb,NOx
P1.ASANTAS.ESTE_1900-01-04T00:00:00_nox,p1.asantas.este,1900-01-04 00:00:00+00:00,64.9771875,µg/m³,NOx,mongodb,NOx
P1.ASANTAS.ESTE_1900-01-01T00:00:00_nox,p1.asantas.este,1900-01-01 00:00:00+00:00,59.52624839275276,µg/m³,NOx,mongodb,NOx
P1.ASANTAS.ESTE_1900-01-02T00:00:00_nox,p1.asantas.este,1900-01-02 00:00:00+00:00,72.44777574030782,µg/m³,NOx,mongodb,NOx
P1.ASANTAS.ESTE_1900-01-03T00:00:00_nox,p1.asantas.este,1900-01-03 00:00:00+00:00,103.35376201803946,µg/m³,NOx,mongodb,NOx
P1.ASANTAS.ESTE_1900-01-04T00:00:00_nox,p1.asantas.este,1900-01-04 00:00:00+00:00,34.2018014562634,µg/m³,NOx,mongodb,NOx
P1.ASANTAS.ESTE_1900-01-05T00:00:00_nox,p1.asantas.este,1900-01-05 00:00:00+00:00,108.21735875706213,µg/m³,NOx,mongodb,NOx
P1.ASANTAS.ESTE_1900-01-02T00:00:00_nox,p1.asantas.este,1900-01-02 00:00:00+00:00,60.09250000000001,µg/m³,NOx,mongodb,NOx
P1.ASANTAS.ESTE_1900-01-03T00:00:00_nox,p1.asantas.este,1900-01-03 00:00:00+00:00,74.85083333333331,µg/m³,NOx,mongodb,NOx
P1.ASANTAS.ESTE_1900-01-04T00:00:00_nox,p1.asantas.este,1900-01-04 00:00:00+00:00,81.22374999999998,µg/m³,NOx,mongodb,NOx
P1.ASANTAS.ESTE_1900-01-05T00:00:00_nox,p1.asantas.este,1900-01-05 00:00:00+00:00,66.29750000000001,µg/m³,NOx,mongodb,NOx
P1.ASANTAS.ESTE_1900-01-01T00:00:00_nox,p1.asantas.este,1900-01-01 00:00:00+00:00,66.17083333333333,µg/m³,NOx,mongodb,NOx
P1.ASANTAS.ESTE_1900-01-05T00:00:00_nox,p1.asantas.este,1900-01-05 00:00:00+00:00,47.55322727272728,µg/m³,NOx,mongodb,NOx
P1.ASANTAS.ESTE_1900-01-01T00:00:00_nox,p1.asantas.este,1900-01-01 00:00:00+00:00,47.66341666666668,µg/m³,NOx,mongodb,NOx
P1.ASANTAS.ESTE_1900-01-02T00:00:00_nox,p1.asantas.este,1900-01-02 00:00:00+00:00,37.63743478260869,µg/m³,NOx,mongodb,NOx
P1.ASANTAS.ESTE_1900-01-03T00:00:00_nox,p1.asantas.este,1900-01-03 00:00:00+00:00,67.8164875,µg/m³,NOx,mongodb,NOx
P1.ASANTAS.ESTE_1900-01-04T00:00:00_nox,p1.asantas.este,1900-01-04 00:00:00+00:00,61.853437500000005,µg/m³,NOx,mongodb,NOx
P1.ASANTAS.ESTE_1900-01-05T00:00:00_nox,p1.asantas.este,1900-01-05 00:00:00+00:00,46.96282608695652,µg/m³,NOx,mongodb,NOx
P1.ASANTAS.ESTE_1900-01-04T00:00:00_nox,p1.asantas.este,1900-01-04 00:00:00+00:00,79.10875,µg/m³,NOx,mongodb,NOx
P1.ASANTAS.ESTE_1900-01-05T00:00:00_nox,p1.asantas.este,1900-01-05 00:00:00+00:00,101.7652083333333,µg/m³,NOx,mongodb,NOx
P1.ASANTAS.ESTE_1900-01-01T00:00:00_nox,p1.asantas.este,1900-01-01 00:00:00+00:00,166.75521739130434,µg/m³,NOx,mongodb,NOx
P1.ASANTAS.ESTE_1900-01-02T00:00:00_nox,p1.asantas.este,1900-01-02 00:00:00+00:00,116.80064583333332,µg/m³,NOx,mongodb,NOx
P1.ASANTAS.ESTE_1900-01-03T00:00:00_nox,p1.asantas.este,1900-01-03 00:00:00+00:00,226.82427083333332,µg/m³,NOx,mongodb,NOx
P1.ASANTAS.ESTE_1900-01-04T00:00:00_nox,p1.asantas.este,1900-01-04 00:00:00+00:00,234.71666666666667,µg/m³,NOx,mongodb,NOx
P1.ASANTAS.ESTE_1900-01-05T00:00:00_nox,p1.asantas.este,1900-01-05 00:00:00+00:00,157.10291666666663,µg/m³,NOx,mongodb,NOx
P1.ASANTAS.ESTE_1900-01-02T00:00:00_nox,p1.asantas.este,1900-01-02 00:00:00+00:00,82.85109375,µg/m³,NOx,mongodb,NOx
P1.ASANTAS.ESTE_1900-01-03T00:00:00_nox,p1.asantas.este,1900-01-03 00:00:00+00:00,38.43328125,µg/m³,NOx,mongodb,NOx
P1.ASANTAS.ESTE_1900-01-04T00:00:00_nox,p1.asantas.este,1900-01-04 00:00:00+00:00,104.95640625,µg/m³,NOx,mongodb,NOx
P1.ASANTAS.ESTE_1900-01-05T00:00:00_nox,p1.asantas.este,1900-01-05 00:00:00+00:00,68.80218749999999,µg/m³,NOx,mongodb,NOx
P1.ASANTAS.ESTE_1900-01-01T00:00:00_nox,p1.asantas.este,1900-01-01 00:00:00+00:00,100.82333333333332,µg/m³,NOx,mongodb,NOx
P1.ASANTAS.ESTE_1900-01-01T00:00:00_nox,p1.asantas.este,1900-01-01 00:00:00+00:00,70.17041666666665,µg/m³,NOx,mongodb,NOx
P1.ASANTAS.ESTE_1900-01-02T00:00:00_nox,p1.asantas.este,1900-01-02 00:00:00+00:00,86.47583333333334,µg/m³,NOx,mongodb,NOx
P1.ASANTAS.ESTE_1900-01-03T00:00:00_nox,p1.asantas.este,1900-01-03 00:00:00+00:00,94.55217391304349,µg/m³,NOx,mongodb,NOx
P1.ASANTAS.ESTE_1900-01-04T00:00:00_nox,p1.asantas.este,1900-01-04 00:00:00+00:00,52.076249999999995,µg/m³,NOx,mongodb,NOx
P1.ASANTAS.ESTE_1900-01-05T00:00:00_nox,p1.asantas.este,1900-01-05 00:00:00+00:00,23.29307291666667,µg/m³,NOx,mongodb,NOx
P1.ASANTAS.ESTE_1900-01-06T00:00:00_nox,p1.asantas.este,1900-01-06 00:00:00+00:00,136.22578125,µg/m³,NOx,mongodb,NOx
P1.ASANTAS.ESTE_1899-12-31T00:00:00_nox,p1.asantas.este,1899-12-31 00:00:00+00:00,139.2778125,µg/m³,NOx,mongodb,NOx
P1.ASANTAS.ESTE_1900-01-06T00:00:00_nox,p1.asantas.este,1900-01-06 00:00:00+00:00,41.279501412429376,µg/m³,NOx,mongodb,NOx
P1.ASANTAS.ESTE_1899-12-31T00:00:00_nox,p1.asantas.este,1899-12-31 00:00:00+00:00,40.477510909799335,µg/m³,NOx,mongodb,NOx
P1.ASANTAS.ESTE_1900-01-06T00:00:00_nox,p1.asantas.este,1900-01-06 00:00:00+00:00,42.11556090492889,µg/m³,NOx,mongodb,NOx
P1.ASANTAS.ESTE_1899-12-31T00:00:00_nox,p1.asantas.este,1899-12-31 00:00:00+00:00,35.234507135203586,µg/m³,NOx,mongodb,NOx
P1.ASANTAS.ESTE_1900-01-06T00:00:00_nox,p1.asantas.este,1900-01-06 00:00:00+00:00,71.32666666666667,µg/m³,NOx,mongodb,NOx
P1.ASANTAS.ESTE_1899-12-31T00:00:00_nox,p1.asantas.este,1899-12-31 00:00:00+00:00,69.82666666666665,µg/m³,NOx,mongodb,NOx
P1.ASANTAS.ESTE_1900-01-06T00:00:00_nox,p1.asantas.este,1900-01-06 00:00:00+00:00,31.462434782608693,µg/m³,NOx,mongodb,NOx
P1.ASANTAS.ESTE_1899-12-31T00:00:00_nox,p1.asantas.este,1899-12-31 00:00:00+00:00,41.158458333333336,µg/m³,NOx,mongodb,NOx
P1.ASANTAS.ESTE_1900-01-06T00:00:00_nox,p1.asantas.este,1900-01-06 00:00:00+00:00,38.18677272727273,µg/m³,NOx,mongodb,NOx
P1.ASANTAS.ESTE_1899-12-31T00:00:00_nox,p1.asantas.este,1899-12-31 00:00:00+00:00,38.77490909090909,µg/m³,NOx,mongodb,NOx
P1.ASANTAS.ESTE_1900-01-06T00:00:00_nox,p1.asantas.este,1900-01-06 00:00:00+00:00,56.62166666666667,µg/m³,NOx,mongodb,NOx
P1.ASANTAS.ESTE_1899-12-31T00:00:00_nox,p1.asantas.este,1899-12-31 00:00:00+00:00,47.592854166666676,µg/m³,NOx,mongodb,NOx
P1.ASANTAS.ESTE_1900-01-06T00:00:00_nox,p1.asantas.este,1900-01-06 00:00:00+00:00,81.59791666666668,µg/m³,NOx,mongodb,NOx
P1.ASANTAS.ESTE_1899-12-31T00:00:00_nox,p1.asantas.este,1899-12-31 00:00:00+00:00,162.675,µg/m³,NOx,mongodb,NOx
P1.ASANTAS.ESTE_1900-01-06T00:00:00_nox,p1.asantas.este,1900-01-06 00:00:00+00:00,24.24890625,µg/m³,NOx,mongodb,NOx
P1.ASANTAS.ESTE_1899-12-31T00:00:00_nox,p1.asantas.este,1899-12-31 00:00:00+00:00,37.29940217391305,µg/m³,NOx,mongodb,NOx
P1.ASANTAS.ESTE_1900-01-06T00:00:00_nox,p1.asantas.este,1900-01-06 00:00:00+00:00,15.675400000000002,µg/m³,NOx,mongodb,NOx
P1.ASANTAS.ESTE_1899-12-31T00:00:00_nox,p1.asantas.este,1899-12-31 00:00:00+00:00,82.36285833333334,µg/m³,NOx,mongodb,NOx
P1.OVAR.ESTE_1900-01-03T00:00:00_nox,p1.ovar.este,1900-01-03 00:00:00+00:00,30.94307870370371,µg/m³,NOx,mongodb,NOx
P1.OVAR.ESTE_1900-01-04T00:00:00_nox,p1.ovar.este,1900-01-04 00:00:00+00:00,36.67789351851852,µg/m³,NOx,mongodb,NOx
P1.OVAR.ESTE_1900-01-05T00:00:00_nox,p1.ovar.este,1900-01-05 00:00:00+00:00,18.874600694444442,µg/m³,NOx,mongodb,NOx
P1.OVAR.ESTE_1900-01-01T00:00:00_nox,p1.ovar.este,1900-01-01 00:00:00+00:00,32.33777199074075,µg/m³,NOx,mongodb,NOx
P1.OVAR.ESTE_1900-01-02T00:00:00_nox,p1.ovar.este,1900-01-02 00:00:00+00:00,26.788935185185192,µg/m³,NOx,mongodb,NOx
P1.OVAR.ESTE_1900-01-05T00:00:00_nox,p1.ovar.este,1900-01-05 00:00:00+00:00,49.43493318718029,µg/m³,NOx,mongodb,NOx
P1.OVAR.ESTE_1900-01-01T00:00:00_nox,p1.ovar.este,1900-01-01 00:00:00+00:00,36.58869601384975,µg/m³,NOx,mongodb,NOx
P1.OVAR.ESTE_1900-01-02T00:00:00_nox,p1.ovar.este,1900-01-02 00:00:00+00:00,36.25218629293246,µg/m³,NOx,mongodb,NOx
P1.OVAR.ESTE_1900-01-03T00:00:00_nox,p1.ovar.este,1900-01-03 00:00:00+00:00,44.367594502366096,µg/m³,NOx,mongodb,NOx
P1.OVAR.ESTE_1900-01-04T00:00:00_nox,p1.ovar.este,1900-01-04 00:00:00+00:00,29.560362224658103,µg/m³,NOx,mongodb,NOx
P1.OVAR.ESTE_1900-01-04T00:00:00_nox,p1.ovar.este,1900-01-04 00:00:00+00:00,32.27399575503562,µg/m³,NOx,mongodb,NOx
P1.OVAR.ESTE_1900-01-05T00:00:00_nox,p1.ovar.este,1900-01-05 00:00:00+00:00,43.13024607487922,µg/m³,NOx,mongodb,NOx
P1.OVAR.ESTE_1900-01-01T00:00:00_nox,p1.ovar.este,1900-01-01 00:00:00+00:00,33.32992904589372,µg/m³,NOx,mongodb,NOx
P1.OVAR.ESTE_1900-01-02T00:00:00_nox,p1.ovar.este,1900-01-02 00:00:00+00:00,41.44066274154589,µg/m³,NOx,mongodb,NOx
P1.OVAR.ESTE_1900-01-03T00:00:00_nox,p1.ovar.este,1900-01-03 00:00:00+00:00,39.320804636744136,µg/m³,NOx,mongodb,NOx
P1.OVAR.ESTE_1900-01-03T00:00:00_nox,p1.ovar.este,1900-01-03 00:00:00+00:00,34.40082531453188,µg/m³,NOx,mongodb,NOx
P1.OVAR.ESTE_1900-01-04T00:00:00_nox,p1.ovar.este,1900-01-04 00:00:00+00:00,45.650244855618816,µg/m³,NOx,mongodb,NOx
P1.OVAR.ESTE_1900-01-05T00:00:00_nox,p1.ovar.este,1900-01-05 00:00:00+00:00,52.0177960312511,µg/m³,NOx,mongodb,NOx
P1.OVAR.ESTE_1900-01-01T00:00:00_nox,p1.ovar.este,1900-01-01 00:00:00+00:00,30.039622461425285,µg/m³,NOx,mongodb,NOx
P1.OVAR.ESTE_1900-01-02T00:00:00_nox,p1.ovar.este,1900-01-02 00:00:00+00:00,40.653072783456025,µg/m³,NOx,mongodb,NOx
P1.OVAR.ESTE_1900-01-06T00:00:00_nox,p1.ovar.este,1900-01-06 00:00:00+00:00,16.08561921296296,µg/m³,NOx,mongodb,NOx
P1.OVAR.ESTE_1899-12-31T00:00:00_nox,p1.ovar.este,1899-12-31 00:00:00+00:00,18.995196759259255,µg/m³,NOx,mongodb,NOx
P1.OVAR.ESTE_1900-01-06T00:00:00_nox,p1.ovar.este,1900-01-06 00:00:00+00:00,35.72619245223927,µg/m³,NOx,mongodb,NOx
P1.OVAR.ESTE_1899-12-31T00:00:00_nox,p1.ovar.este,1899-12-31 00:00:00+00:00,32.823763649650274,µg/m³,NOx,mongodb,NOx
P1.OVAR.ESTE_1900-01-06T00:00:00_nox,p1.ovar.este,1900-01-06 00:00:00+00:00,22.331095259661833,µg/m³,NOx,mongodb,NOx
P1.OVAR.ESTE_1899-12-31T00:00:00_nox,p1.ovar.este,1899-12-31 00:00:00+00:00,20.72452445652174,µg/m³,NOx,mongodb,NOx
P1.OVAR.ESTE_1900-01-06T00:00:00_nox,p1.ovar.este,1900-01-06 00:00:00+00:00,27.92223554620342,µg/m³,NOx,mongodb,NOx
P1.OVAR.ESTE_1899-12-31T00:00:00_nox,p1.ovar.este,1899-12-31 00:00:00+00:00,22.372329370805062,µg/m³,NOx,mongodb,NOx
P1.OVAR.ESTE_1900-01-01T00:00:00_nox,p1.ovar.este,1900-01-01 00:00:00+00:00,10.505333333333333,µg/m³,NOx,mongodb,NOx
P1.PQ.NAÇOES_1900-01-01T00:00:00_nox,p1.pq.naçoes,1900-01-01 00:00:00+00:00,78.45,µg/m³,NOx,mongodb,NOx
P1.SJVER.ESTE_1900-01-03T00:00:00_nox,p1.sjver.este,1900-01-03 00:00:00+00:00,80.93879730401635,µg/m³,NOx,mongodb,NOx
P1.SJVER.ESTE_1900-01-04T00:00:00_nox,p1.sjver.este,1900-01-04 00:00:00+00:00,40.73803473104616,µg/m³,NOx,mongodb,NOx
P1.SJVER.ESTE_1900-01-05T00:00:00_nox,p1.sjver.este,1900-01-05 00:00:00+00:00,53.66144430326133,µg/m³,NOx,mongodb,NOx
P1.SJVER.ESTE_1900-01-01T00:00:00_nox,p1.sjver.este,1900-01-01 00:00:00+00:00,63.16302626005929,µg/m³,NOx,mongodb,NOx
P1.SJVER.ESTE_1900-01-02T00:00:00_nox,p1.sjver.este,1900-01-02 00:00:00+00:00,68.53521865734858,µg/m³,NOx,mongodb,NOx
P1.SJVER.ESTE_1900-01-02T00:00:00_nox,p1.sjver.este,1900-01-02 00:00:00+00:00,59.21990967461095,µg/m³,NOx,mongodb,NOx
P1.SJVER.ESTE_1900-01-03T00:00:00_nox,p1.sjver.este,1900-01-03 00:00:00+00:00,52.613535749265424,µg/m³,NOx,mongodb,NOx
P1.SJVER.ESTE_1900-01-04T00:00:00_nox,p1.sjver.este,1900-01-04 00:00:00+00:00,76.10200076178039,µg/m³,NOx,mongodb,NOx
P1.SJVER.ESTE_1900-01-05T00:00:00_nox,p1.sjver.este,1900-01-05 00:00:00+00:00,89.29046142126454,µg/m³,NOx,mongodb,NOx
P1.SJVER.ESTE_1900-01-01T00:00:00_nox,p1.sjver.este,1900-01-01 00:00:00+00:00,57.22019262161279,µg/m³,NOx,mongodb,NOx
P1.SJVER.ESTE_1900-01-05T00:00:00_nox,p1.sjver.este,1900-01-05 00:00:00+00:00,63.173606189851256,µg/m³,NOx,mongodb,NOx
P1.SJVER.ESTE_1900-01-01T00:00:00_nox,p1.sjver.este,1900-01-01 00:00:00+00:00,67.85693077427821,µg/m³,NOx,mongodb,NOx
P1.SJVER.ESTE_1900-01-02T00:00:00_nox,p1.sjver.este,1900-01-02 00:00:00+00:00,55.05070592738408,µg/m³,NOx,mongodb,NOx
P1.SJVER.ESTE_1900-01-03T00:00:00_nox,p1.sjver.este,1900-01-03 00:00:00+00:00,68.22475940507435,µg/m³,NOx,mongodb,NOx
P1.SJVER.ESTE_1900-01-04T00:00:00_nox,p1.sjver.este,1900-01-04 00:00:00+00:00,72.04300634295713,µg/m³,NOx,mongodb,NOx
P1.SJVER.ESTE_1900-01-04T00:00:00_nox,p1.sjver.este,1900-01-04 00:00:00+00:00,52.12111406300571,µg/m³,NOx,mongodb,NOx
P1.SJVER.ESTE_1900-01-05T00:00:00_nox,p1.sjver.este,1900-01-05 00:00:00+00:00,64.62088750134859,µg/m³,NOx,mongodb,NOx
P1.SJVER.ESTE_1900-01-01T00:00:00_nox,p1.sjver.este,1900-01-01 00:00:00+00:00,47.99534325889166,µg/m³,NOx,mongodb,NOx
P1.SJVER.ESTE_1900-01-02T00:00:00_nox,p1.sjver.este,1900-01-02 00:00:00+00:00,66.01685380479735,µg/m³,NOx,mongodb,NOx
P1.SJVER.ESTE_1900-01-01T00:00:00_nox,p1.sjver.este,1900-01-01 00:00:00+00:00,70.20911410491935,µg/m³,NOx,mongodb,NOx
P1.SJVER.ESTE_1900-01-02T00:00:00_nox,p1.sjver.este,1900-01-02 00:00:00+00:00,83.48093743621146,µg/m³,NOx,mongodb,NOx
P1.SJVER.ESTE_1900-01-03T00:00:00_nox,p1.sjver.este,1900-01-03 00:00:00+00:00,82.06354613186365,µg/m³,NOx,mongodb,NOx
P1.SJVER.ESTE_1900-01-04T00:00:00_nox,p1.sjver.este,1900-01-04 00:00:00+00:00,66.55109665237804,µg/m³,NOx,mongodb,NOx
P1.SJVER.ESTE_1900-01-05T00:00:00_nox,p1.sjver.este,1900-01-05 00:00:00+00:00,84.09688711982038,µg/m³,NOx,mongodb,NOx
P1.SJVER.ESTE_1900-01-02T00:00:00_nox,p1.sjver.este,1900-01-02 00:00:00+00:00,36.94596134282807,µg/m³,NOx,mongodb,NOx
P1.SJVER.ESTE_1900-01-03T00:00:00_nox,p1.sjver.este,1900-01-03 00:00:00+00:00,23.902723804679553,µg/m³,NOx,mongodb,NOx
P1.SJVER.ESTE_1900-01-04T00:00:00_nox,p1.sjver.este,1900-01-04 00:00:00+00:00,33.45963952408333,µg/m³,NOx,mongodb,NOx
P1.SJVER.ESTE_1900-01-05T00:00:00_nox,p1.sjver.este,1900-01-05 00:00:00+00:00,40.71259240420482,µg/m³,NOx,mongodb,NOx
P1.SJVER.ESTE_1900-01-01T00:00:00_nox,p1.sjver.este,1900-01-01 00:00:00+00:00,57.8268480840963,µg/m³,NOx,mongodb,NOx
P1.SJVER.ESTE_1900-01-05T00:00:00_nox,p1.sjver.este,1900-01-05 00:00:00+00:00,28.278333333333332,µg/m³,NOx,mongodb,NOx
P1.SJVER.ESTE_1900-01-01T00:00:00_nox,p1.sjver.este,1900-01-01 00:00:00+00:00,55.74458333333333,µg/m³,NOx,mongodb,NOx
P1.SJVER.ESTE_1900-01-02T00:00:00_nox,p1.sjver.este,1900-01-02 00:00:00+00:00,48.1746555772994,µg/m³,NOx,mongodb,NOx
P1.SJVER.ESTE_1900-01-03T00:00:00_nox,p1.sjver.este,1900-01-03 00:00:00+00:00,34.61423679060665,µg/m³,NOx,mongodb,NOx
P1.SJVER.ESTE_1900-01-04T00:00:00_nox,p1.sjver.este,1900-01-04 00:00:00+00:00,36.40949119373777,µg/m³,NOx,mongodb,NOx
P1.SJVER.ESTE_1900-01-03T00:00:00_nox,p1.sjver.este,1900-01-03 00:00:00+00:00,24.73370943733254,µg/m³,NOx,mongodb,NOx
P1.SJVER.ESTE_1900-01-04T00:00:00_nox,p1.sjver.este,1900-01-04 00:00:00+00:00,28.53370348317952,µg/m³,NOx,mongodb,NOx
P1.SJVER.ESTE_1900-01-05T00:00:00_nox,p1.sjver.este,1900-01-05 00:00:00+00:00,39.87466507889253,µg/m³,NOx,mongodb,NOx
P1.SJVER.ESTE_1900-01-01T00:00:00_nox,p1.sjver.este,1900-01-01 00:00:00+00:00,33.922994938969936,µg/m³,NOx,mongodb,NOx
P1.SJVER.ESTE_1900-01-02T00:00:00_nox,p1.sjver.este,1900-01-02 00:00:00+00:00,37.20267936885978,µg/m³,NOx,mongodb,NOx
P1.SJVER.ESTE_1900-01-05T00:00:00_nox,p1.sjver.este,1900-01-05 00:00:00+00:00,25.42367906066536,µg/m³,NOx,mongodb,NOx
P1.SJVER.ESTE_1900-01-06T00:00:00_nox,p1.sjver.este,1900-01-06 00:00:00+00:00,32.31521601016519,µg/m³,NOx,mongodb,NOx
P1.SJVER.ESTE_1899-12-31T00:00:00_nox,p1.sjver.este,1899-12-31 00:00:00+00:00,32.520411901736544,µg/m³,NOx,mongodb,NOx
P1.SJVER.ESTE_1900-01-06T00:00:00_nox,p1.sjver.este,1900-01-06 00:00:00+00:00,45.6281096963761,µg/m³,NOx,mongodb,NOx
P1.SJVER.ESTE_1899-12-31T00:00:00_nox,p1.sjver.este,1899-12-31 00:00:00+00:00,26.57925726412014,µg/m³,NOx,mongodb,NOx
P1.SJVER.ESTE_1900-01-06T00:00:00_nox,p1.sjver.este,1900-01-06 00:00:00+00:00,39.11035651793526,µg/m³,NOx,mongodb,NOx
P1.SJVER.ESTE_1899-12-31T00:00:00_nox,p1.sjver.este,1899-12-31 00:00:00+00:00,21.37129702537183,µg/m³,NOx,mongodb,NOx
P1.SJVER.ESTE_1900-01-06T00:00:00_nox,p1.sjver.este,1900-01-06 00:00:00+00:00,54.87683519437552,µg/m³,NOx,mongodb,NOx
P1.SJVER.ESTE_1899-12-31T00:00:00_nox,p1.sjver.este,1899-12-31 00:00:00+00:00,40.29497518610422,µg/m³,NOx,mongodb,NOx
P1.SJVER.ESTE_1900-01-06T00:00:00_nox,p1.sjver.este,1900-01-06 00:00:00+00:00,43.4109359052868,µg/m³,NOx,mongodb,NOx
P1.SJVER.ESTE_1899-12-31T00:00:00_nox,p1.sjver.este,1899-12-31 00:00:00+00:00,37.63494156970811,µg/m³,NOx,mongodb,NOx
P1.SJVER.ESTE_1900-01-06T00:00:00_nox,p1.sjver.este,1900-01-06 00:00:00+00:00,36.0615979993218,µg/m³,NOx,mongodb,NOx
P1.SJVER.ESTE_1899-12-31T00:00:00_nox,p1.sjver.este,1899-12-31 00:00:00+00:00,38.1869498134961,µg/m³,NOx,mongodb,NOx
P1.SJVER.ESTE_1900-01-06T00:00:00_nox,p1.sjver.este,1900-01-06 00:00:00+00:00,32.38416666666667,µg/m³,NOx,mongodb,NOx
P1.SJVER.ESTE_1899-12-31T00:00:00_nox,p1.sjver.este,1899-12-31 00:00:00+00:00,27.935833333333335,µg/m³,NOx,mongodb,NOx
P1.SJVER.ESTE_1900-01-06T00:00:00_nox,p1.sjver.este,1900-01-06 00:00:00+00:00,23.742551354569823,µg/m³,NOx,mongodb,NOx
P1.SJVER.ESTE_1899-12-31T00:00:00_nox,p1.sjver.este,1899-12-31 00:00:00+00:00,23.379217028877648,µg/m³,NOx,mongodb,NOx
P1.SJVER.ESTE_1900-01-06T00:00:00_nox,p1.sjver.este,1900-01-06 00:00:00+00:00,51.09541666666666,µg/m³,NOx,mongodb,NOx
P1.SJVER.ESTE_1900-01-06T00:00:00_nox,p1.sjver.este,1900-01-06 00:00:00+00:00,26.106653620352247,µg/m³,NOx,mongodb,NOx
P1.SJVER.ESTE_1899-12-31T00:00:00_nox,p1.sjver.este,1899-12-31 00:00:00+00:00,28.463551859099805,µg/m³,NOx,mongodb,NOx
P1.SJVER.ESTE_1900-01-01T00:00:00_nox,p1.sjver.este,1900-01-01 00:00:00+00:00,33.05433333333333,µg/m³,NOx,mongodb,NOx
P1.GRIJO.ESTE_1900-01-01T00:00:00_nox,p1.grijo.este,1900-01-01 00:00:00+00:00,28.79333333333333,µg/m³,NOx,mongodb,NOx
P1.ASANTAS.ESTE_1900-01-05T00:00:00_nox,p1.asantas.este,1900-01-05 00:00:00+00:00,162.92906250000004,µg/m³,NOx,mongodb,NOx
P1.ASANTAS.ESTE_1900-01-01T00:00:00_nox,p1.asantas.este,1900-01-01 00:00:00+00:00,184.93875,µg/m³,NOx,mongodb,NOx
P1.ASANTAS.ESTE_1900-01-02T00:00:00_nox,p1.asantas.este,1900-01-02 00:00:00+00:00,46.67296875000002,µg/m³,NOx,mongodb,NOx
P1.ASANTAS.ESTE_1900-01-03T00:00:00_nox,p1.asantas.este,1900-01-03 00:00:00+00:00,53.1834375,µg/m³,NOx,mongodb,NOx
P1.ASANTAS.ESTE_1900-01-04T00:00:00_nox,p1.asantas.este,1900-01-04 00:00:00+00:00,64.9771875,µg/m³,NOx,mongodb,NOx
P1.ASANTAS.ESTE_1900-01-01T00:00:00_nox,p1.asantas.este,1900-01-01 00:00:00+00:00,59.52624839275276,µg/m³,NOx,mongodb,NOx
P1.ASANTAS.ESTE_1900-01-02T00:00:00_nox,p1.asantas.este,1900-01-02 00:00:00+00:00,72.44777574030782,µg/m³,NOx,mongodb,NOx
P1.ASANTAS.ESTE_1900-01-03T00:00:00_nox,p1.asantas.este,1900-01-03 00:00:00+00:00,103.35376201803946,µg/m³,NOx,mongodb,NOx
P1.ASANTAS.ESTE_1900-01-04T00:00:00_nox,p1.asantas.este,1900-01-04 00:00:00+00:00,34.2018014562634,µg/m³,NOx,mongodb,NOx
P1.ASANTAS.ESTE_1900-01-05T00:00:00_nox,p1.asantas.este,1900-01-05 00:00:00+00:00,108.21735875706213,µg/m³,NOx,mongodb,NOx
P1.ASANTAS.ESTE_1900-01-02T00:00:00_nox,p1.asantas.este,1900-01-02 00:00:00+00:00,60.09250000000001,µg/m³,NOx,mongodb,NOx
P1.ASANTAS.ESTE_1900-01-03T00:00:00_nox,p1.asantas.este,1900-01-03 00:00:00+00:00,74.85083333333331,µg/m³,NOx,mongodb,NOx
P1.ASANTAS.ESTE_1900-01-04T00:00:00_nox,p1.asantas.este,1900-01-04 00:00:00+00:00,81.22374999999998,µg/m³,NOx,mongodb,NOx
P1.ASANTAS.ESTE_1900-01-05T00:00:00_nox,p1.asantas.este,1900-01-05 00:00:00+00:00,66.29750000000001,µg/m³,NOx,mongodb,NOx
P1.ASANTAS.ESTE_1900-01-01T00:00:00_nox,p1.asantas.este,1900-01-01 00:00:00+00:00,66.17083333333333,µg/m³,NOx,mongodb,NOx
P1.ASANTAS.ESTE_1900-01-05T00:00:00_nox,p1.asantas.este,1900-01-05 00:00:00+00:00,47.55322727272728,µg/m³,NOx,mongodb,NOx
P1.ASANTAS.ESTE_1900-01-01T00:00:00_nox,p1.asantas.este,1900-01-01 00:00:00+00:00,47.66341666666668,µg/m³,NOx,mongodb,NOx
P1.ASANTAS.ESTE_1900-01-02T00:00:00_nox,p1.asantas.este,1900-01-02 00:00:00+00:00,37.63743478260869,µg/m³,NOx,mongodb,NOx
P1.ASANTAS.ESTE_1900-01-03T00:00:00_nox,p1.asantas.este,1900-01-03 00:00:00+00:00,67.8164875,µg/m³,NOx,mongodb,NOx
P1.ASANTAS.ESTE_1900-01-04T00:00:00_nox,p1.asantas.este,1900-01-04 00:00:00+00:00,61.853437500000005,µg/m³,NOx,mongodb,NOx
P1.ASANTAS.ESTE_1900-01-05T00:00:00_nox,p1.asantas.este,1900-01-05 00:00:00+00:00,46.96282608695652,µg/m³,NOx,mongodb,NOx
P1.ASANTAS.ESTE_1900-01-04T00:00:00_nox,p1.asantas.este,1900-01-04 00:00:00+00:00,79.10875,µg/m³,NOx,mongodb,NOx
P1.ASANTAS.ESTE_1900-01-05T00:00:00_nox,p1.asantas.este,1900-01-05 00:00:00+00:00,101.7652083333333,µg/m³,NOx,mongodb,NOx
P1.ASANTAS.ESTE_1900-01-01T00:00:00_nox,p1.asantas.este,1900-01-01 00:00:00+00:00,166.75521739130434,µg/m³,NOx,mongodb,NOx
P1.ASANTAS.ESTE_1900-01-02T00:00:00_nox,p1.asantas.este,1900-01-02 00:00:00+00:00,116.80064583333332,µg/m³,NOx,mongodb,NOx
P1.ASANTAS.ESTE_1900-01-03T00:00:00_nox,p1.asantas.este,1900-01-03 00:00:00+00:00,226.82427083333332,µg/m³,NOx,mongodb,NOx
P1.ASANTAS.ESTE_1900-01-04T00:00:00_nox,p1.asantas.este,1900-01-04 00:00:00+00:00,234.71666666666667,µg/m³,NOx,mongodb,NOx
P1.ASANTAS.ESTE_1900-01-05T00:00:00_nox,p1.asantas.este,1900-01-05 00:00:00+00:00,157.10291666666663,µg/m³,NOx,mongodb,NOx
P1.ASANTAS.ESTE_1900-01-02T00:00:00_nox,p1.asantas.este,1900-01-02 00:00:00+00:00,82.85109375,µg/m³,NOx,mongodb,NOx
P1.ASANTAS.ESTE_1900-01-03T00:00:00_nox,p1.asantas.este,1900-01-03 00:00:00+00:00,38.43328125,µg/m³,NOx,mongodb,NOx
P1.ASANTAS.ESTE_1900-01-04T00:00:00_nox,p1.asantas.este,1900-01-04 00:00:00+00:00,104.95640625,µg/m³,NOx,mongodb,NOx
P1.ASANTAS.ESTE_1900-01-05T00:00:00_nox,p1.asantas.este,1900-01-05 00:00:00+00:00,68.80218749999999,µg/m³,NOx,mongodb,NOx
P1.ASANTAS.ESTE_1900-01-01T00:00:00_nox,p1.asantas.este,1900-01-01 00:00:00+00:00,100.82333333333332,µg/m³,NOx,mongodb,NOx
P1.ASANTAS.ESTE_1900-01-01T00:00:00_nox,p1.asantas.este,1900-01-01 00:00:00+00:00,70.17041666666665,µg/m³,NOx,mongodb,NOx
P1.ASANTAS.ESTE_1900-01-02T00:00:00_nox,p1.asantas.este,1900-01-02 00:00:00+00:00,86.47583333333334,µg/m³,NOx,mongodb,NOx
P1.ASANTAS.ESTE_1900-01-03T00:00:00_nox,p1.asantas.este,1900-01-03 00:00:00+00:00,94.55217391304349,µg/m³,NOx,mongodb,NOx
P1.ASANTAS.ESTE_1900-01-04T00:00:00_nox,p1.asantas.este,1900-01-04 00:00:00+00:00,52.076249999999995,µg/m³,NOx,mongodb,NOx
P1.ASANTAS.ESTE_1900-01-05T00:00:00_nox,p1.asantas.este,1900-01-05 00:00:00+00:00,23.29307291666667,µg/m³,NOx,mongodb,NOx
P1.ASANTAS.ESTE_1900-01-06T00:00:00_nox,p1.asantas.este,1900-01-06 00:00:00+00:00,136.22578125,µg/m³,NOx,mongodb,NOx
P1.ASANTAS.ESTE_1899-12-31T00:00:00_nox,p1.asantas.este,1899-12-31 00:00:00+00:00,139.2778125,µg/m³,NOx,mongodb,NOx
P1.ASANTAS.ESTE_1900-01-06T00:00:00_nox,p1.asantas.este,1900-01-06 00:00:00+00:00,41.279501412429376,µg/m³,NOx,mongodb,NOx
P1.ASANTAS.ESTE_1899-12-31T00:00:00_nox,p1.asantas.este,1899-12-31 00:00:00+00:00,40.477510909799335,µg/m³,NOx,mongodb,NOx
P1.ASANTAS.ESTE_1900-01-06T00:00:00_nox,p1.asantas.este,1900-01-06 00:00:00+00:00,42.11556090492889,µg/m³,NOx,mongodb,NOx
P1.ASANTAS.ESTE_1899-12-31T00:00:00_nox,p1.asantas.este,1899-12-31 00:00:00+00:00,35.234507135203586,µg/m³,NOx,mongodb,NOx
P1.ASANTAS.ESTE_1900-01-06T00:00:00_nox,p1.asantas.este,1900-01-06 00:00:00+00:00,71.32666666666667,µg/m³,NOx,mongodb,NOx
P1.ASANTAS.ESTE_1899-12-31T00:00:00_nox,p1.asantas.este,1899-12-31 00:00:00+00:00,69.82666666666665,µg/m³,NOx,mongodb,NOx
P1.ASANTAS.ESTE_1900-01-06T00:00:00_nox,p1.asantas.este,1900-01-06 00:00:00+00:00,31.462434782608693,µg/m³,NOx,mongodb,NOx
P1.ASANTAS.ESTE_1899-12-31T00:00:00_nox,p1.asantas.este,1899-12-31 00:00:00+00:00,41.158458333333336,µg/m³,NOx,mongodb,NOx
P1.ASANTAS.ESTE_1900-01-06T00:00:00_nox,p1.asantas.este,1900-01-06 00:00:00+00:00,38.18677272727273,µg/m³,NOx,mongodb,NOx
P1.ASANTAS.ESTE_1899-12-31T00:00:00_nox,p1.asantas.este,1899-12-31 00:00:00+00:00,38.77490909090909,µg/m³,NOx,mongodb,NOx
P1.ASANTAS.ESTE_1900-01-06T00:00:00_nox,p1.asantas.este,1900-01-06 00:00:00+00:00,56.62166666666667,µg/m³,NOx,mongodb,NOx
P1.ASANTAS.ESTE_1899-12-31T00:00:00_nox,p1.asantas.este,1899-12-31 00:00:00+00:00,47.592854166666676,µg/m³,NOx,mongodb,NOx
P1.ASANTAS.ESTE_1900-01-06T00:00:00_nox,p1.asantas.este,1900-01-06 00:00:00+00:00,81.59791666666668,µg/m³,NOx,mongodb,NOx
P1.ASANTAS.ESTE_1899-12-31T00:00:00_nox,p1.asantas.este,1899-12-31 00:00:00+00:00,162.675,µg/m³,NOx,mongodb,NOx
P1.ASANTAS.ESTE_1900-01-06T00:00:00_nox,p1.asantas.este,1900-01-06 00:00:00+00:00,24.24890625,µg/m³,NOx,mongodb,NOx
P1.ASANTAS.ESTE_1899-12-31T00:00:00_nox,p1.asantas.este,1899-12-31 00:00:00+00:00,37.29940217391305,µg/m³,NOx,mongodb,NOx
P1.ASANTAS.ESTE_1900-01-06T00:00:00_nox,p1.asantas.este,1900-01-06 00:00:00+00:00,15.675400000000002,µg/m³,NOx,mongodb,NOx
P1.ASANTAS.ESTE_1899-12-31T00:00:00_nox,p1.asantas.este,1899-12-31 00:00:00+00:00,82.36285833333334,µg/m³,NOx,mongodb,NOx
CTSa-gr03,empresa de electricidade dos açores s.a. - central termoeléctrica do pico - grupo 03,1899-12-30 12:00:00+00:00,2334.943873007246,mg/Nm³,NOx,mongodb,NOx
CTB-gr05,grupo 5,1899-12-30 12:00:00+00:00,2606.7229904317023,mg/Nm³,NOx,mongodb,NOx
CTSb-gr07,grupo 7,1899-12-30 12:00:00+00:00,2189.3630663768827,mg/Nm³,NOx,mongodb,NOx
CCB-xs13,"coficab portugal - companhia de fios e cabos, lda. - 10549 - extrusora 1",2107-10-18 12:00:00+00:00,0.8623636728937665,mg/Nm³,NOx,mongodb,NOx
P1.OVAR.ESTE_1900-01-06T00:00:00_precipitação,p1.ovar.este,1900-01-06 00:00:00+00:00,0.0,mm,Precipitation,mongodb,Precipitation
P1.OVAR.ESTE_1899-12-31T00:00:00_precipitação,p1.ovar.este,1899-12-31 00:00:00+00:00,0.0,mm,Precipitation,mongodb,Precipitation
P1.OVAR.ESTE_1900-01-06T00:00:00_precipitação,p1.ovar.este,1900-01-06 00:00:00+00:00,0.0,mm,Precipitation,mongodb,Precipitation
P1.OVAR.ESTE_1899-12-31T00:00:00_precipitação,p1.ovar.este,1899-12-31 00:00:00+00:00,0.0,mm,Precipitation,mongodb,Precipitation
P1.OVAR.ESTE_1900-01-06T00:00:00_precipitação,p1.ovar.este,1900-01-06 00:00:00+00:00,0.0,mm,Precipitation,mongodb,Precipitation
P1.OVAR.ESTE_1899-12-31T00:00:00_precipitação,p1.ovar.este,1899-12-31 00:00:00+00:00,0.0,mm,Precipitation,mongodb,Precipitation
P1.OVAR.ESTE_1900-01-06T00:00:00_precipitação,p1.ovar.este,1900-01-06 00:00:00+00:00,0.0,mm,Precipitation,mongodb,Precipitation
P1.OVAR.ESTE_1899-12-31T00:00:00_precipitação,p1.ovar.este,1899-12-31 00:00:00+00:00,0.0,mm,Precipitation,mongodb,Precipitation
P1.OVAR.ESTE_1900-01-01T00:00:00_precipitação,p1.ovar.este,1900-01-01 00:00:00+00:00,0.0,mm,Precipitation,mongodb,Precipitation
P1.PQ.NAÇOES_1900-01-01T00:00:00_precipitação,p1.pq.naçoes,1900-01-01 00:00:00+00:00,0.0041333333333333335,mm,Precipitation,mongodb,Precipitation
P1.SJVER.ESTE_1900-01-06T00:00:00_precipitação,p1.sjver.este,1900-01-06 00:00:00+00:00,0.0,mm,Precipitation,mongodb,Precipitation
P1.SJVER.ESTE_1899-12-31T00:00:00_precipitação,p1.sjver.este,1899-12-31 00:00:00+00:00,0.0,mm,Precipitation,mongodb,Precipitation
P1.SJVER.ESTE_1900-01-06T00:00:00_precipitação,p1.sjver.este,1900-01-06 00:00:00+00:00,0.0,mm,Precipitation,mongodb,Precipitation
P1.SJVER.ESTE_1899-12-31T00:00:00_precipitação,p1.sjver.este,1899-12-31 00:00:00+00:00,0.0,mm,Precipitation,mongodb,Precipitation
P1.SJVER.ESTE_1900-01-06T00:00:00_precipitação,p1.sjver.este,1900-01-06 00:00:00+00:00,0.0,mm,Precipitation,mongodb,Precipitation
P1.SJVER.ESTE_1899-12-31T00:00:00_precipitação,p1.sjver.este,1899-12-31 00:00:00+00:00,0.0,mm,Precipitation,mongodb,Precipitation
P1.SJVER.ESTE_1900-01-06T00:00:00_precipitação,p1.sjver.este,1900-01-06 00:00:00+00:00,0.0,mm,Precipitation,mongodb,Precipitation
P1.SJVER.ESTE_1899-12-31T00:00:00_precipitação,p1.sjver.este,1899-12-31 00:00:00+00:00,0.0,mm,Precipitation,mongodb,Precipitation
P1.SJVER.ESTE_1900-01-06T00:00:00_precipitação,p1.sjver.este,1900-01-06 00:00:00+00:00,0.0,mm,Precipitation,mongodb,Precipitation
P1.SJVER.ESTE_1899-12-31T00:00:00_precipitação,p1.sjver.este,1899-12-31 00:00:00+00:00,0.0,mm,Precipitation,mongodb,Precipitation
P1.SJVER.ESTE_1900-01-06T00:00:00_precipitação,p1.sjver.este,1900-01-06 00:00:00+00:00,0.0,mm,Precipitation,mongodb,Precipitation
P1.SJVER.ESTE_1899-12-31T00:00:00_precipitação,p1.sjver.este,1899-12-31 00:00:00+00:00,0.0,mm,Precipitation,mongodb,Precipitation
P1.SJVER.ESTE_1900-01-06T00:00:00_precipitação,p1.sjver.este,1900-01-06 00:00:00+00:00,0.0,mm,Precipitation,mongodb,Precipitation
P1.SJVER.ESTE_1899-12-31T00:00:00_precipitação,p1.sjver.este,1899-12-31 00:00:00+00:00,0.0,mm,Precipitation,mongodb,Precipitation
P1.SJVER.ESTE_1900-01-06T00:00:00_precipitação,p1.sjver.este,1900-01-06 00:00:00+00:00,0.0,mm,Precipitation,mongodb,Precipitation
P1.SJVER.ESTE_1899-12-31T00:00:00_precipitação,p1.sjver.este,1899-12-31 00:00:00+00:00,0.0,mm,Precipitation,mongodb,Precipitation
P1.SJVER.ESTE_1900-01-06T00:00:00_precipitação,p1.sjver.este,1900-01-06 00:00:00+00:00,0.0,mm,Precipitation,mongodb,Precipitation
P1.SJVER.ESTE_1900-01-06T00:00:00_precipitação,p1.sjver.este,1900-01-06 00:00:00+00:00,0.0,mm,Precipitation,mongodb,Precipitation
P1.SJVER.ESTE_1899-12-31T00:00:00_precipitação,p1.sjver.este,1899-12-31 00:00:00+00:00,0.0,mm,Precipitation,mongodb,Precipitation
P1.SJVER.ESTE_1900-01-01T00:00:00_precipitação,p1.sjver.este,1900-01-01 00:00:00+00:00,0.06627818181818183,mm,Precipitation,mongodb,Precipitation
P1.GRIJO.ESTE_1900-01-01T00:00:00_precipitação,p1.grijo.este,1900-01-01 00:00:00+00:00,0.6810666666666666,mm,Precipitation,mongodb,Precipitation
P1.ASANTAS.ESTE_1900-01-06T00:00:00_precipitação,p1.asantas.este,1900-01-06 00:00:00+00:00,0.0,mm,Precipitation,mongodb,Precipitation
P1.ASANTAS.ESTE_1899-12-31T00:00:00_precipitação,p1.asantas.este,1899-12-31 00:00:00+00:00,0.0,mm,Precipitation,mongodb,Precipitation
P1.ASANTAS.ESTE_1900-01-06T00:00:00_precipitação,p1.asantas.este,1900-01-06 00:00:00+00:00,0.0,mm,Precipitation,mongodb,Precipitation
P1.ASANTAS.ESTE_1899-12-31T00:00:00_precipitação,p1.asantas.este,1899-12-31 00:00:00+00:00,0.0,mm,Precipitation,mongodb,Precipitation
P1.ASANTAS.ESTE_1900-01-06T00:00:00_precipitação,p1.asantas.este,1900-01-06 00:00:00+00:00,0.0,mm,Precipitation,mongodb,Precipitation
P1.ASANTAS.ESTE_1899-12-31T00:00:00_precipitação,p1.asantas.este,1899-12-31 00:00:00+00:00,0.0,mm,Precipitation,mongodb,Precipitation
P1.ASANTAS.ESTE_1900-01-06T00:00:00_precipitação,p1.asantas.este,1900-01-06 00:00:00+00:00,0.0,mm,Precipitation,mongodb,Precipitation
P1.ASANTAS.ESTE_1899-12-31T00:00:00_precipitação,p1.asantas.este,1899-12-31 00:00:00+00:00,0.0,mm,Precipitation,mongodb,Precipitation
P1.ASANTAS.ESTE_1900-01-06T00:00:00_precipitação,p1.asantas.este,1900-01-06 00:00:00+00:00,0.0,mm,Precipitation,mongodb,Precipitation
P1.ASANTAS.ESTE_1899-12-31T00:00:00_precipitação,p1.asantas.este,1899-12-31 00:00:00+00:00,0.0,mm,Precipitation,mongodb,Precipitation
P1.ASANTAS.ESTE_1900-01-06T00:00:00_precipitação,p1.asantas.este,1900-01-06 00:00:00+00:00,0.0,mm,Precipitation,mongodb,Precipitation
P1.ASANTAS.ESTE_1899-12-31T00:00:00_precipitação,p1.asantas.este,1899-12-31 00:00:00+00:00,0.0,mm,Precipitation,mongodb,Precipitation
P1.ASANTAS.ESTE_1900-01-06T00:00:00_precipitação,p1.asantas.este,1900-01-06 00:00:00+00:00,0.0,mm,Precipitation,mongodb,Precipitation
P1.ASANTAS.ESTE_1899-12-31T00:00:00_precipitação,p1.asantas.este,1899-12-31 00:00:00+00:00,0.0,mm,Precipitation,mongodb,Precipitation
P1.ASANTAS.ESTE_1900-01-06T00:00:00_precipitação,p1.asantas.este,1900-01-06 00:00:00+00:00,0.0,mm,Precipitation,mongodb,Precipitation
P1.ASANTAS.ESTE_1899-12-31T00:00:00_precipitação,p1.asantas.este,1899-12-31 00:00:00+00:00,0.0,mm,Precipitation,mongodb,Precipitation
P1.ASANTAS.ESTE_1900-01-06T00:00:00_precipitação,p1.asantas.este,1900-01-06 00:00:00+00:00,0.0,mm,Precipitation,mongodb,Precipitation
P1.ASANTAS.ESTE_1899-12-31T00:00:00_precipitação,p1.asantas.este,1899-12-31 00:00:00+00:00,0.0,mm,Precipitation,mongodb,Precipitation
P1.ASANTAS.ESTE_1900-01-06T00:00:00_precipitação,p1.asantas.este,1900-01-06 00:00:00+00:00,0.0,mm,Precipitation,mongodb,Precipitation
P1.ASANTAS.ESTE_1899-12-31T00:00:00_precipitação,p1.asantas.este,1899-12-31 00:00:00+00:00,0.0,mm,Precipitation,mongodb,Precipitation
P1.ASANTAS.ESTE_1900-01-06T00:00:00_precipitação,p1.asantas.este,1900-01-06 00:00:00+00:00,0.0,mm,Precipitation,mongodb,Precipitation
P1.ASANTAS.ESTE_1899-12-31T00:00:00_precipitação,p1.asantas.este,1899-12-31 00:00:00+00:00,0.0,mm,Precipitation,mongodb,Precipitation
P1.OVAR.ESTE_1900-01-06T00:00:00_precipitação,p1.ovar.este,1900-01-06 00:00:00+00:00,0.0,mm,Precipitation,mongodb,Precipitation
P1.OVAR.ESTE_1899-12-31T00:00:00_precipitação,p1.ovar.este,1899-12-31 00:00:00+00:00,0.0,mm,Precipitation,mongodb,Precipitation
P1.OVAR.ESTE_1900-01-06T00:00:00_precipitação,p1.ovar.este,1900-01-06 00:00:00+00:00,0.0,mm,Precipitation,mongodb,Precipitation
P1.OVAR.ESTE_1899-12-31T00:00:00_precipitação,p1.ovar.este,1899-12-31 00:00:00+00:00,0.0,mm,Precipitation,mongodb,Precipitation
P1.OVAR.ESTE_1900-01-06T00:00:00_precipitação,p1.ovar.este,1900-01-06 00:00:00+00:00,0.0,mm,Precipitation,mongodb,Precipitation
P1.OVAR.ESTE_1899-12-31T00:00:00_precipitação,p1.ovar.este,1899-12-31 00:00:00+00:00,0.0,mm,Precipitation,mongodb,Precipitation
P1.OVAR.ESTE_1900-01-06T00:00:00_precipitação,p1.ovar.este,1900-01-06 00:00:00+00:00,0.0,mm,Precipitation,mongodb,Precipitation
P1.OVAR.ESTE_1899-12-31T00:00:00_precipitação,p1.ovar.este,1899-12-31 00:00:00+00:00,0.0,mm,Precipitation,mongodb,Precipitation
P1.OVAR.ESTE_1900-01-01T00:00:00_precipitação,p1.ovar.este,1900-01-01 00:00:00+00:00,0.0,mm,Precipitation,mongodb,Precipitation
P1.PQ.NAÇOES_1900-01-01T00:00:00_precipitação,p1.pq.naçoes,1900-01-01 00:00:00+00:00,0.0041333333333333335,mm,Precipitation,mongodb,Precipitation
P1.SJVER.ESTE_1900-01-06T00:00:00_precipitação,p1.sjver.este,1900-01-06 00:00:00+00:00,0.0,mm,Precipitation,mongodb,Precipitation
P1.SJVER.ESTE_1899-12-31T00:00:00_precipitação,p1.sjver.este,1899-12-31 00:00:00+00:00,0.0,mm,Precipitation,mongodb,Precipitation
P1.SJVER.ESTE_1900-01-06T00:00:00_precipitação,p1.sjver.este,1900-01-06 00:00:00+00:00,0.0,mm,Precipitation,mongodb,Precipitation
P1.SJVER.ESTE_1899-12-31T00:00:00_precipitação,p1.sjver.este,1899-12-31 00:00:00+00:00,0.0,mm,Precipitation,mongodb,Precipitation
P1.SJVER.ESTE_1900-01-06T00:00:00_precipitação,p1.sjver.este,1900-01-06 00:00:00+00:00,0.0,mm,Precipitation,mongodb,Precipitation
P1.SJVER.ESTE_1899-12-31T00:00:00_precipitação,p1.sjver.este,1899-12-31 00:00:00+00:00,0.0,mm,Precipitation,mongodb,Precipitation
P1.SJVER.ESTE_1900-01-06T00:00:00_precipitação,p1.sjver.este,1900-01-06 00:00:00+00:00,0.0,mm,Precipitation,mongodb,Precipitation
P1.SJVER.ESTE_1899-12-31T00:00:00_precipitação,p1.sjver.este,1899-12-31 00:00:00+00:00,0.0,mm,Precipitation,mongodb,Precipitation
P1.SJVER.ESTE_1900-01-06T00:00:00_precipitação,p1.sjver.este,1900-01-06 00:00:00+00:00,0.0,mm,Precipitation,mongodb,Precipitation
P1.SJVER.ESTE_1899-12-31T00:00:00_precipitação,p1.sjver.este,1899-12-31 00:00:00+00:00,0.0,mm,Precipitation,mongodb,Precipitation
P1.SJVER.ESTE_1900-01-06T00:00:00_precipitação,p1.sjver.este,1900-01-06 00:00:00+00:00,0.0,mm,Precipitation,mongodb,Precipitation
P1.SJVER.ESTE_1899-12-31T00:00:00_precipitação,p1.sjver.este,1899-12-31 00:00:00+00:00,0.0,mm,Precipitation,mongodb,Precipitation
P1.SJVER.ESTE_1900-01-06T00:00:00_precipitação,p1.sjver.este,1900-01-06 00:00:00+00:00,0.0,mm,Precipitation,mongodb,Precipitation
P1.SJVER.ESTE_1899-12-31T00:00:00_precipitação,p1.sjver.este,1899-12-31 00:00:00+00:00,0.0,mm,Precipitation,mongodb,Precipitation
P1.SJVER.ESTE_1900-01-06T00:00:00_precipitação,p1.sjver.este,1900-01-06 00:00:00+00:00,0.0,mm,Precipitation,mongodb,Precipitation
P1.SJVER.ESTE_1899-12-31T00:00:00_precipitação,p1.sjver.este,1899-12-31 00:00:00+00:00,0.0,mm,Precipitation,mongodb,Precipitation
P1.SJVER.ESTE_1900-01-06T00:00:00_precipitação,p1.sjver.este,1900-01-06 00:00:00+00:00,0.0,mm,Precipitation,mongodb,Precipitation
P1.SJVER.ESTE_1900-01-06T00:00:00_precipitação,p1.sjver.este,1900-01-06 00:00:00+00:00,0.0,mm,Precipitation,mongodb,Precipitation
P1.SJVER.ESTE_1899-12-31T00:00:00_precipitação,p1.sjver.este,1899-12-31 00:00:00+00:00,0.0,mm,Precipitation,mongodb,Precipitation
P1.SJVER.ESTE_1900-01-01T00:00:00_precipitação,p1.sjver.este,1900-01-01 00:00:00+00:00,0.06627818181818183,mm,Precipitation,mongodb,Precipitation
P1.GRIJO.ESTE_1900-01-01T00:00:00_precipitação,p1.grijo.este,1900-01-01 00:00:00+00:00,0.6810666666666666,mm,Precipitation,mongodb,Precipitation
P1.ASANTAS.ESTE_1900-01-06T00:00:00_precipitação,p1.asantas.este,1900-01-06 00:00:00+00:00,0.0,mm,Precipitation,mongodb,Precipitation
P1.ASANTAS.ESTE_1899-12-31T00:00:00_precipitação,p1.asantas.este,1899-12-31 00:00:00+00:00,0.0,mm,Precipitation,mongodb,Precipitation
P1.ASANTAS.ESTE_1900-01-06T00:00:00_precipitação,p1.asantas.este,1900-01-06 00:00:00+00:00,0.0,mm,Precipitation,mongodb,Precipitation
P1.ASANTAS.ESTE_1899-12-31T00:00:00_precipitação,p1.asantas.este,1899-12-31 00:00:00+00:00,0.0,mm,Precipitation,mongodb,Precipitation
P1.ASANTAS.ESTE_1900-01-06T00:00:00_precipitação,p1.asantas.este,1900-01-06 00:00:00+00:00,0.0,mm,Precipitation,mongodb,Precipitation
P1.ASANTAS.ESTE_1899-12-31T00:00:00_precipitação,p1.asantas.este,1899-12-31 00:00:00+00:00,0.0,mm,Precipitation,mongodb,Precipitation
P1.ASANTAS.ESTE_1900-01-06T00:00:00_precipitação,p1.asantas.este,1900-01-06 00:00:00+00:00,0.0,mm,Precipitation,mongodb,Precipitation
P1.ASANTAS.ESTE_1899-12-31T00:00:00_precipitação,p1.asantas.este,1899-12-31 00:00:00+00:00,0.0,mm,Precipitation,mongodb,Precipitation
P1.ASANTAS.ESTE_1900-01-06T00:00:00_precipitação,p1.asantas.este,1900-01-06 00:00:00+00:00,0.0,mm,Precipitation,mongodb,Precipitation
P1.ASANTAS.ESTE_1899-12-31T00:00:00_precipitação,p1.asantas.este,1899-12-31 00:00:00+00:00,0.0,mm,Precipitation,mongodb,Precipitation
P1.ASANTAS.ESTE_1900-01-06T00:00:00_precipitação,p1.asantas.este,1900-01-06 00:00:00+00:00,0.0,mm,Precipitation,mongodb,Precipitation
P1.ASANTAS.ESTE_1899-12-31T00:00:00_precipitação,p1.asantas.este,1899-12-31 00:00:00+00:00,0.0,mm,Precipitation,mongodb,Precipitation
P1.ASANTAS.ESTE_1900-01-06T00:00:00_precipitação,p1.asantas.este,1900-01-06 00:00:00+00:00,0.0,mm,Precipitation,mongodb,Precipitation
P1.ASANTAS.ESTE_1899-12-31T00:00:00_precipitação,p1.asantas.este,1899-12-31 00:00:00+00:00,0.0,mm,Precipitation,mongodb,Precipitation
P1.ASANTAS.ESTE_1900-01-06T00:00:00_precipitação,p1.asantas.este,1900-01-06 00:00:00+00:00,0.0,mm,Precipitation,mongodb,Precipitation
P1.ASANTAS.ESTE_1899-12-31T00:00:00_precipitação,p1.asantas.este,1899-12-31 00:00:00+00:00,0.0,mm,Precipitation,mongodb,Precipitation
P1.ASANTAS.ESTE_1900-01-06T00:00:00_precipitação,p1.asantas.este,1900-01-06 00:00:00+00:00,0.0,mm,Precipitation,mongodb,Precipitation
P1.ASANTAS.ESTE_1899-12-31T00:00:00_precipitação,p1.asantas.este,1899-12-31 00:00:00+00:00,0.0,mm,Precipitation,mongodb,Precipitation
P1.ASANTAS.ESTE_1900-01-06T00:00:00_precipitação,p1.asantas.este,1900-01-06 00:00:00+00:00,0.0,mm,Precipitation,mongodb,Precipitation
P1.ASANTAS.ESTE_1899-12-31T00:00:00_precipitação,p1.asantas.este,1899-12-31 00:00:00+00:00,0.0,mm,Precipitation,mongodb,Precipitation
P1.ASANTAS.ESTE_1900-01-06T00:00:00_precipitação,p1.asantas.este,1900-01-06 00:00:00+00:00,0.0,mm,Precipitation,mongodb,Precipitation
P1.ASANTAS.ESTE_1899-12-31T00:00:00_precipitação,p1.asantas.este,1899-12-31 00:00:00+00:00,0.0,mm,Precipitation,mongodb,Precipitation
P1.OVAR.ESTE_1900-01-03T00:00:00_no2,p1.ovar.este,1900-01-03 00:00:00+00:00,20.002959869199497,µg/m³,NO2,mongodb,NO2
P1.OVAR.ESTE_1900-01-04T00:00:00_no2,p1.ovar.este,1900-01-04 00:00:00+00:00,23.80180992647278,µg/m³,NO2,mongodb,NO2
P1.OVAR.ESTE_1900-01-05T00:00:00_no2,p1.ovar.este,1900-01-05 00:00:00+00:00,13.094369991009643,µg/m³,NO2,mongodb,NO2
P1.OVAR.ESTE_1900-01-01T00:00:00_no2,p1.ovar.este,1900-01-01 00:00:00+00:00,17.429626911887677,µg/m³,NO2,mongodb,NO2
P1.OVAR.ESTE_1900-01-02T00:00:00_no2,p1.ovar.este,1900-01-02 00:00:00+00:00,16.2589252501571,µg/m³,NO2,mongodb,NO2
P1.OVAR.ESTE_1900-01-05T00:00:00_no2,p1.ovar.este,1900-01-05 00:00:00+00:00,20.013617626746516,µg/m³,NO2,mongodb,NO2
P1.OVAR.ESTE_1900-01-01T00:00:00_no2,p1.ovar.este,1900-01-01 00:00:00+00:00,15.843962818682234,µg/m³,NO2,mongodb,NO2
P1.OVAR.ESTE_1900-01-02T00:00:00_no2,p1.ovar.este,1900-01-02 00:00:00+00:00,14.12479257006669,µg/m³,NO2,mongodb,NO2
P1.OVAR.ESTE_1900-01-03T00:00:00_no2,p1.ovar.este,1900-01-03 00:00:00+00:00,20.06836236450437,µg/m³,NO2,mongodb,NO2
P1.OVAR.ESTE_1900-01-04T00:00:00_no2,p1.ovar.este,1900-01-04 00:00:00+00:00,10.433888259296374,µg/m³,NO2,mongodb,NO2
P1.OVAR.ESTE_1900-01-04T00:00:00_no2,p1.ovar.este,1900-01-04 00:00:00+00:00,13.978213385412753,µg/m³,NO2,mongodb,NO2
P1.OVAR.ESTE_1900-01-05T00:00:00_no2,p1.ovar.este,1900-01-05 00:00:00+00:00,16.523577077783873,µg/m³,NO2,mongodb,NO2
P1.OVAR.ESTE_1900-01-01T00:00:00_no2,p1.ovar.este,1900-01-01 00:00:00+00:00,12.278787545992529,µg/m³,NO2,mongodb,NO2
P1.OVAR.ESTE_1900-01-02T00:00:00_no2,p1.ovar.este,1900-01-02 00:00:00+00:00,16.07253316225352,µg/m³,NO2,mongodb,NO2
P1.OVAR.ESTE_1900-01-03T00:00:00_no2,p1.ovar.este,1900-01-03 00:00:00+00:00,16.393222682799568,µg/m³,NO2,mongodb,NO2
P1.OVAR.ESTE_1900-01-03T00:00:00_no2,p1.ovar.este,1900-01-03 00:00:00+00:00,14.497236942583717,µg/m³,NO2,mongodb,NO2
P1.OVAR.ESTE_1900-01-04T00:00:00_no2,p1.ovar.este,1900-01-04 00:00:00+00:00,19.53769566588945,µg/m³,NO2,mongodb,NO2
P1.OVAR.ESTE_1900-01-05T00:00:00_no2,p1.ovar.este,1900-01-05 00:00:00+00:00,22.29377853206738,µg/m³,NO2,mongodb,NO2
P1.OVAR.ESTE_1900-01-01T00:00:00_no2,p1.ovar.este,1900-01-01 00:00:00+00:00,12.37095513818781,µg/m³,NO2,mongodb,NO2
P1.OVAR.ESTE_1900-01-02T00:00:00_no2,p1.ovar.este,1900-01-02 00:00:00+00:00,18.572931583422633,µg/m³,NO2,mongodb,NO2
P1.OVAR.ESTE_1900-01-06T00:00:00_no2,p1.ovar.este,1900-01-06 00:00:00+00:00,10.664252453713685,µg/m³,NO2,mongodb,NO2
P1.OVAR.ESTE_1899-12-31T00:00:00_no2,p1.ovar.este,1899-12-31 00:00:00+00:00,13.01515426352693,µg/m³,NO2,mongodb,NO2
P1.OVAR.ESTE_1900-01-06T00:00:00_no2,p1.ovar.este,1900-01-06 00:00:00+00:00,15.780589364023237,µg/m³,NO2,mongodb,NO2
P1.OVAR.ESTE_1899-12-31T00:00:00_no2,p1.ovar.este,1899-12-31 00:00:00+00:00,15.355701683272363,µg/m³,NO2,mongodb,NO2
P1.OVAR.ESTE_1900-01-06T00:00:00_no2,p1.ovar.este,1900-01-06 00:00:00+00:00,8.80245708761281,µg/m³,NO2,mongodb,NO2
P1.OVAR.ESTE_1899-12-31T00:00:00_no2,p1.ovar.este,1899-12-31 00:00:00+00:00,8.975270137771295,µg/m³,NO2,mongodb,NO2
P1.OVAR.ESTE_1900-01-06T00:00:00_no2,p1.ovar.este,1900-01-06 00:00:00+00:00,11.496164660258986,µg/m³,NO2,mongodb,NO2
P1.OVAR.ESTE_1899-12-31T00:00:00_no2,p1.ovar.este,1899-12-31 00:00:00+00:00,11.013941897951298,µg/m³,NO2,mongodb,NO2
P1.OVAR.ESTE_1900-01-01T00:00:00_no2,p1.ovar.este,1900-01-01 00:00:00+00:00,5.873333333333333,µg/m³,NO2,mongodb,NO2
P1.PQ.NAÇOES_1900-01-01T00:00:00_no2,p1.pq.naçoes,1900-01-01 00:00:00+00:00,53.55500000000001,µg/m³,NO2,mongodb,NO2
P1.SJVER.ESTE_1900-01-03T00:00:00_no2,p1.sjver.este,1900-01-03 00:00:00+00:00,52.52724568612363,µg/m³,NO2,mongodb,NO2
P1.SJVER.ESTE_1900-01-04T00:00:00_no2,p1.sjver.este,1900-01-04 00:00:00+00:00,29.29470201494287,µg/m³,NO2,mongodb,NO2
P1.SJVER.ESTE_1900-01-05T00:00:00_no2,p1.sjver.este,1900-01-05 00:00:00+00:00,34.88390592304623,µg/m³,NO2,mongodb,NO2
P1.SJVER.ESTE_1900-01-01T00:00:00_no2,p1.sjver.este,1900-01-01 00:00:00+00:00,39.08264628344473,µg/m³,NO2,mongodb,NO2
P1.SJVER.ESTE_1900-01-02T00:00:00_no2,p1.sjver.este,1900-01-02 00:00:00+00:00,38.790205260992316,µg/m³,NO2,mongodb,NO2
P1.SJVER.ESTE_1900-01-02T00:00:00_no2,p1.sjver.este,1900-01-02 00:00:00+00:00,31.48352851819905,µg/m³,NO2,mongodb,NO2
P1.SJVER.ESTE_1900-01-03T00:00:00_no2,p1.sjver.este,1900-01-03 00:00:00+00:00,27.740763257071823,µg/m³,NO2,mongodb,NO2
P1.SJVER.ESTE_1900-01-04T00:00:00_no2,p1.sjver.este,1900-01-04 00:00:00+00:00,37.468028984089344,µg/m³,NO2,mongodb,NO2
P1.SJVER.ESTE_1900-01-05T00:00:00_no2,p1.sjver.este,1900-01-05 00:00:00+00:00,41.82257874989827,µg/m³,NO2,mongodb,NO2
P1.SJVER.ESTE_1900-01-01T00:00:00_no2,p1.sjver.este,1900-01-01 00:00:00+00:00,30.648890608507504,µg/m³,NO2,mongodb,NO2
P1.SJVER.ESTE_1900-01-05T00:00:00_no2,p1.sjver.este,1900-01-05 00:00:00+00:00,31.073116939594843,µg/m³,NO2,mongodb,NO2
P1.SJVER.ESTE_1900-01-01T00:00:00_no2,p1.sjver.este,1900-01-01 00:00:00+00:00,31.420002788571253,µg/m³,NO2,mongodb,NO2
P1.SJVER.ESTE_1900-01-02T00:00:00_no2,p1.sjver.este,1900-01-02 00:00:00+00:00,24.016231546831463,µg/m³,NO2,mongodb,NO2
P1.SJVER.ESTE_1900-01-03T00:00:00_no2,p1.sjver.este,1900-01-03 00:00:00+00:00,35.003829697441425,µg/m³,NO2,mongodb,NO2
P1.SJVER.ESTE_1900-01-04T00:00:00_no2,p1.sjver.este,1900-01-04 00:00:00+00:00,34.55351379448279,µg/m³,NO2,mongodb,NO2
P1.SJVER.ESTE_1900-01-04T00:00:00_no2,p1.sjver.este,1900-01-04 00:00:00+00:00,34.133427763086225,µg/m³,NO2,mongodb,NO2
P1.SJVER.ESTE_1900-01-05T00:00:00_no2,p1.sjver.este,1900-01-05 00:00:00+00:00,41.070008990697715,µg/m³,NO2,mongodb,NO2
P1.SJVER.ESTE_1900-01-01T00:00:00_no2,p1.sjver.este,1900-01-01 00:00:00+00:00,31.970542339599906,µg/m³,NO2,mongodb,NO2
P1.SJVER.ESTE_1900-01-02T00:00:00_no2,p1.sjver.este,1900-01-02 00:00:00+00:00,42.58409193101625,µg/m³,NO2,mongodb,NO2
P1.SJVER.ESTE_1900-01-01T00:00:00_no2,p1.sjver.este,1900-01-01 00:00:00+00:00,41.458260245074094,µg/m³,NO2,mongodb,NO2
P1.SJVER.ESTE_1900-01-02T00:00:00_no2,p1.sjver.este,1900-01-02 00:00:00+00:00,57.80836102322666,µg/m³,NO2,mongodb,NO2
P1.SJVER.ESTE_1900-01-03T00:00:00_no2,p1.sjver.este,1900-01-03 00:00:00+00:00,53.45744059012308,µg/m³,NO2,mongodb,NO2
P1.SJVER.ESTE_1900-01-04T00:00:00_no2,p1.sjver.este,1900-01-04 00:00:00+00:00,35.164014815401394,µg/m³,NO2,mongodb,NO2
P1.SJVER.ESTE_1900-01-05T00:00:00_no2,p1.sjver.este,1900-01-05 00:00:00+00:00,36.972278900219784,µg/m³,NO2,mongodb,NO2
P1.SJVER.ESTE_1900-01-02T00:00:00_no2,p1.sjver.este,1900-01-02 00:00:00+00:00,19.801574018018005,µg/m³,NO2,mongodb,NO2
P1.SJVER.ESTE_1900-01-03T00:00:00_no2,p1.sjver.este,1900-01-03 00:00:00+00:00,10.407183143395216,µg/m³,NO2,mongodb,NO2
P1.SJVER.ESTE_1900-01-04T00:00:00_no2,p1.sjver.este,1900-01-04 00:00:00+00:00,16.691716745913123,µg/m³,NO2,mongodb,NO2
P1.SJVER.ESTE_1900-01-05T00:00:00_no2,p1.sjver.este,1900-01-05 00:00:00+00:00,23.131737579223337,µg/m³,NO2,mongodb,NO2
P1.SJVER.ESTE_1900-01-01T00:00:00_no2,p1.sjver.este,1900-01-01 00:00:00+00:00,35.37877786193072,µg/m³,NO2,mongodb,NO2
P1.SJVER.ESTE_1900-01-05T00:00:00_no2,p1.sjver.este,1900-01-05 00:00:00+00:00,16.122699615199615,µg/m³,NO2,mongodb,NO2
P1.SJVER.ESTE_1900-01-01T00:00:00_no2,p1.sjver.este,1900-01-01 00:00:00+00:00,38.4604322991823,µg/m³,NO2,mongodb,NO2
P1.SJVER.ESTE_1900-01-02T00:00:00_no2,p1.sjver.este,1900-01-02 00:00:00+00:00,31.033821695689102,µg/m³,NO2,mongodb,NO2
P1.SJVER.ESTE_1900-01-03T00:00:00_no2,p1.sjver.este,1900-01-03 00:00:00+00:00,19.282903674994902,µg/m³,NO2,mongodb,NO2
P1.SJVER.ESTE_1900-01-04T00:00:00_no2,p1.sjver.este,1900-01-04 00:00:00+00:00,21.231392554736043,µg/m³,NO2,mongodb,NO2
P1.SJVER.ESTE_1900-01-03T00:00:00_no2,p1.sjver.este,1900-01-03 00:00:00+00:00,10.144169227722875,µg/m³,NO2,mongodb,NO2
P1.SJVER.ESTE_1900-01-04T00:00:00_no2,p1.sjver.este,1900-01-04 00:00:00+00:00,12.116764376295473,µg/m³,NO2,mongodb,NO2
P1.SJVER.ESTE_1900-01-05T00:00:00_no2,p1.sjver.este,1900-01-05 00:00:00+00:00,20.677644070588613,µg/m³,NO2,mongodb,NO2
P1.SJVER.ESTE_1900-01-01T00:00:00_no2,p1.sjver.este,1900-01-01 00:00:00+00:00,17.84348505137412,µg/m³,NO2,mongodb,NO2
P1.SJVER.ESTE_1900-01-02T00:00:00_no2,p1.sjver.este,1900-01-02 00:00:00+00:00,19.592808263823404,µg/m³,NO2,mongodb,NO2
P1.SJVER.ESTE_1900-01-05T00:00:00_no2,p1.sjver.este,1900-01-05 00:00:00+00:00,13.192916828526478,µg/m³,NO2,mongodb,NO2
P1.SJVER.ESTE_1900-01-06T00:00:00_no2,p1.sjver.este,1900-01-06 00:00:00+00:00,23.282509914242635,µg/m³,NO2,mongodb,NO2
P1.SJVER.ESTE_1899-12-31T00:00:00_no2,p1.sjver.este,1899-12-31 00:00:00+00:00,23.770269157181385,µg/m³,NO2,mongodb,NO2
P1.SJVER.ESTE_1900-01-06T00:00:00_no2,p1.sjver.este,1900-01-06 00:00:00+00:00,27.8653058430497,µg/m³,NO2,mongodb,NO2
P1.SJVER.ESTE_1899-12-31T00:00:00_no2,p1.sjver.este,1899-12-31 00:00:00+00:00,17.22874574031456,µg/m³,NO2,mongodb,NO2
P1.SJVER.ESTE_1900-01-06T00:00:00_no2,p1.sjver.este,1900-01-06 00:00:00+00:00,23.193230078716514,µg/m³,NO2,mongodb,NO2
P1.SJVER.ESTE_1899-12-31T00:00:00_no2,p1.sjver.este,1899-12-31 00:00:00+00:00,12.868869814521602,µg/m³,NO2,mongodb,NO2
P1.SJVER.ESTE_1900-01-06T00:00:00_no2,p1.sjver.este,1900-01-06 00:00:00+00:00,42.01310458510025,µg/m³,NO2,mongodb,NO2
P1.SJVER.ESTE_1899-12-31T00:00:00_no2,p1.sjver.este,1899-12-31 00:00:00+00:00,30.267518590686635,µg/m³,NO2,mongodb,NO2
P1.SJVER.ESTE_1900-01-06T00:00:00_no2,p1.sjver.este,1900-01-06 00:00:00+00:00,21.30826623305557,µg/m³,NO2,mongodb,NO2
P1.SJVER.ESTE_1899-12-31T00:00:00_no2,p1.sjver.este,1899-12-31 00:00:00+00:00,20.888750541262066,µg/m³,NO2,mongodb,NO2
P1.SJVER.ESTE_1900-01-06T00:00:00_no2,p1.sjver.este,1900-01-06 00:00:00+00:00,19.69711371350427,µg/m³,NO2,mongodb,NO2
P1.SJVER.ESTE_1899-12-31T00:00:00_no2,p1.sjver.este,1899-12-31 00:00:00+00:00,21.26065272204009,µg/m³,NO2,mongodb,NO2
P1.SJVER.ESTE_1900-01-06T00:00:00_no2,p1.sjver.este,1900-01-06 00:00:00+00:00,18.968762626262627,µg/m³,NO2,mongodb,NO2
P1.SJVER.ESTE_1899-12-31T00:00:00_no2,p1.sjver.este,1899-12-31 00:00:00+00:00,15.310021645021642,µg/m³,NO2,mongodb,NO2
P1.SJVER.ESTE_1900-01-06T00:00:00_no2,p1.sjver.este,1900-01-06 00:00:00+00:00,10.544421946717664,µg/m³,NO2,mongodb,NO2
P1.SJVER.ESTE_1899-12-31T00:00:00_no2,p1.sjver.este,1899-12-31 00:00:00+00:00,12.422715395249364,µg/m³,NO2,mongodb,NO2
P1.SJVER.ESTE_1900-01-06T00:00:00_no2,p1.sjver.este,1900-01-06 00:00:00+00:00,35.518216089466094,µg/m³,NO2,mongodb,NO2
P1.SJVER.ESTE_1900-01-06T00:00:00_no2,p1.sjver.este,1900-01-06 00:00:00+00:00,13.869559385047664,µg/m³,NO2,mongodb,NO2
P1.SJVER.ESTE_1899-12-31T00:00:00_no2,p1.sjver.este,1899-12-31 00:00:00+00:00,15.847803834486134,µg/m³,NO2,mongodb,NO2
P1.SJVER.ESTE_1900-01-01T00:00:00_no2,p1.sjver.este,1900-01-01 00:00:00+00:00,22.621833333333328,µg/m³,NO2,mongodb,NO2
P1.GRIJO.ESTE_1900-01-01T00:00:00_no2,p1.grijo.este,1900-01-01 00:00:00+00:00,22.446666666666665,µg/m³,NO2,mongodb,NO2
P1.ASANTAS.ESTE_1900-01-05T00:00:00_no2,p1.asantas.este,1900-01-05 00:00:00+00:00,62.761875,µg/m³,NO2,mongodb,NO2
P1.ASANTAS.ESTE_1900-01-01T00:00:00_no2,p1.asantas.este,1900-01-01 00:00:00+00:00,72.44390625,µg/m³,NO2,mongodb,NO2
P1.ASANTAS.ESTE_1900-01-02T00:00:00_no2,p1.asantas.este,1900-01-02 00:00:00+00:00,31.18968750000001,µg/m³,NO2,mongodb,NO2
P1.ASANTAS.ESTE_1900-01-03T00:00:00_no2,p1.asantas.este,1900-01-03 00:00:00+00:00,33.827343750000004,µg/m³,NO2,mongodb,NO2
P1.ASANTAS.ESTE_1900-01-04T00:00:00_no2,p1.asantas.este,1900-01-04 00:00:00+00:00,37.80375,µg/m³,NO2,mongodb,NO2
P1.ASANTAS.ESTE_1900-01-01T00:00:00_no2,p1.asantas.este,1900-01-01 00:00:00+00:00,34.928275298005595,µg/m³,NO2,mongodb,NO2
P1.ASANTAS.ESTE_1900-01-02T00:00:00_no2,p1.asantas.este,1900-01-02 00:00:00+00:00,42.82324536290744,µg/m³,NO2,mongodb,NO2
P1.ASANTAS.ESTE_1900-01-03T00:00:00_no2,p1.asantas.este,1900-01-03 00:00:00+00:00,55.16141960192454,µg/m³,NO2,mongodb,NO2
P1.ASANTAS.ESTE_1900-01-04T00:00:00_no2,p1.asantas.este,1900-01-04 00:00:00+00:00,22.153805456407184,µg/m³,NO2,mongodb,NO2
P1.ASANTAS.ESTE_1900-01-05T00:00:00_no2,p1.asantas.este,1900-01-05 00:00:00+00:00,52.386622265838376,µg/m³,NO2,mongodb,NO2
P1.ASANTAS.ESTE_1900-01-02T00:00:00_no2,p1.asantas.este,1900-01-02 00:00:00+00:00,36.16900162337662,µg/m³,NO2,mongodb,NO2
P1.ASANTAS.ESTE_1900-01-03T00:00:00_no2,p1.asantas.este,1900-01-03 00:00:00+00:00,47.34478324915825,µg/m³,NO2,mongodb,NO2
P1.ASANTAS.ESTE_1900-01-04T00:00:00_no2,p1.asantas.este,1900-01-04 00:00:00+00:00,51.115111531986535,µg/m³,NO2,mongodb,NO2
P1.ASANTAS.ESTE_1900-01-05T00:00:00_no2,p1.asantas.este,1900-01-05 00:00:00+00:00,40.01863997113997,µg/m³,NO2,mongodb,NO2
P1.ASANTAS.ESTE_1900-01-01T00:00:00_no2,p1.asantas.este,1900-01-01 00:00:00+00:00,38.62389820827321,µg/m³,NO2,mongodb,NO2
P1.ASANTAS.ESTE_1900-01-05T00:00:00_no2,p1.asantas.este,1900-01-05 00:00:00+00:00,30.103276711924433,µg/m³,NO2,mongodb,NO2
P1.ASANTAS.ESTE_1900-01-01T00:00:00_no2,p1.asantas.este,1900-01-01 00:00:00+00:00,31.63900145803271,µg/m³,NO2,mongodb,NO2
P1.ASANTAS.ESTE_1900-01-02T00:00:00_no2,p1.asantas.este,1900-01-02 00:00:00+00:00,26.117300363887317,µg/m³,NO2,mongodb,NO2
P1.ASANTAS.ESTE_1900-01-03T00:00:00_no2,p1.asantas.este,1900-01-03 00:00:00+00:00,43.54526568362193,µg/m³,NO2,mongodb,NO2
P1.ASANTAS.ESTE_1900-01-04T00:00:00_no2,p1.asantas.este,1900-01-04 00:00:00+00:00,35.24578125,µg/m³,NO2,mongodb,NO2
P1.ASANTAS.ESTE_1900-01-05T00:00:00_no2,p1.asantas.este,1900-01-05 00:00:00+00:00,27.164353472614344,µg/m³,NO2,mongodb,NO2
P1.ASANTAS.ESTE_1900-01-04T00:00:00_no2,p1.asantas.este,1900-01-04 00:00:00+00:00,34.810127615440116,µg/m³,NO2,mongodb,NO2
P1.ASANTAS.ESTE_1900-01-05T00:00:00_no2,p1.asantas.este,1900-01-05 00:00:00+00:00,36.15685545935545,µg/m³,NO2,mongodb,NO2
P1.ASANTAS.ESTE_1900-01-01T00:00:00_no2,p1.asantas.este,1900-01-01 00:00:00+00:00,46.50033549783549,µg/m³,NO2,mongodb,NO2
P1.ASANTAS.ESTE_1900-01-02T00:00:00_no2,p1.asantas.este,1900-01-02 00:00:00+00:00,41.310825757575756,µg/m³,NO2,mongodb,NO2
P1.ASANTAS.ESTE_1900-01-03T00:00:00_no2,p1.asantas.este,1900-01-03 00:00:00+00:00,87.76376999158248,µg/m³,NO2,mongodb,NO2
P1.ASANTAS.ESTE_1900-01-04T00:00:00_no2,p1.asantas.este,1900-01-04 00:00:00+00:00,99.95605835137083,µg/m³,NO2,mongodb,NO2
P1.ASANTAS.ESTE_1900-01-05T00:00:00_no2,p1.asantas.este,1900-01-05 00:00:00+00:00,74.93126713564214,µg/m³,NO2,mongodb,NO2
P1.ASANTAS.ESTE_1900-01-02T00:00:00_no2,p1.asantas.este,1900-01-02 00:00:00+00:00,29.10984375,µg/m³,NO2,mongodb,NO2
P1.ASANTAS.ESTE_1900-01-03T00:00:00_no2,p1.asantas.este,1900-01-03 00:00:00+00:00,21.635156249999998,µg/m³,NO2,mongodb,NO2
P1.ASANTAS.ESTE_1900-01-04T00:00:00_no2,p1.asantas.este,1900-01-04 00:00:00+00:00,33.970781249999995,µg/m³,NO2,mongodb,NO2
P1.ASANTAS.ESTE_1900-01-05T00:00:00_no2,p1.asantas.este,1900-01-05 00:00:00+00:00,33.68390625,µg/m³,NO2,mongodb,NO2
P1.ASANTAS.ESTE_1900-01-01T00:00:00_no2,p1.asantas.este,1900-01-01 00:00:00+00:00,41.14839646464645,µg/m³,NO2,mongodb,NO2
P1.ASANTAS.ESTE_1900-01-01T00:00:00_no2,p1.asantas.este,1900-01-01 00:00:00+00:00,37.842215570887454,µg/m³,NO2,mongodb,NO2
P1.ASANTAS.ESTE_1900-01-02T00:00:00_no2,p1.asantas.este,1900-01-02 00:00:00+00:00,42.07167452050265,µg/m³,NO2,mongodb,NO2
P1.ASANTAS.ESTE_1900-01-03T00:00:00_no2,p1.asantas.este,1900-01-03 00:00:00+00:00,51.26419540905954,µg/m³,NO2,mongodb,NO2
P1.ASANTAS.ESTE_1900-01-04T00:00:00_no2,p1.asantas.este,1900-01-04 00:00:00+00:00,32.123369573713326,µg/m³,NO2,mongodb,NO2
P1.ASANTAS.ESTE_1900-01-05T00:00:00_no2,p1.asantas.este,1900-01-05 00:00:00+00:00,17.87032908700096,µg/m³,NO2,mongodb,NO2
P1.ASANTAS.ESTE_1900-01-06T00:00:00_no2,p1.asantas.este,1900-01-06 00:00:00+00:00,63.7340625,µg/m³,NO2,mongodb,NO2
P1.ASANTAS.ESTE_1899-12-31T00:00:00_no2,p1.asantas.este,1899-12-31 00:00:00+00:00,66.93750000000001,µg/m³,NO2,mongodb,NO2
P1.ASANTAS.ESTE_1900-01-06T00:00:00_no2,p1.asantas.este,1900-01-06 00:00:00+00:00,24.12618792291356,µg/m³,NO2,mongodb,NO2
P1.ASANTAS.ESTE_1899-12-31T00:00:00_no2,p1.asantas.este,1899-12-31 00:00:00+00:00,27.233177296995162,µg/m³,NO2,mongodb,NO2
P1.ASANTAS.ESTE_1900-01-06T00:00:00_no2,p1.asantas.este,1900-01-06 00:00:00+00:00,21.25912331632261,µg/m³,NO2,mongodb,NO2
P1.ASANTAS.ESTE_1899-12-31T00:00:00_no2,p1.asantas.este,1899-12-31 00:00:00+00:00,19.500433735647647,µg/m³,NO2,mongodb,NO2
P1.ASANTAS.ESTE_1900-01-06T00:00:00_no2,p1.asantas.este,1900-01-06 00:00:00+00:00,42.832987313612314,µg/m³,NO2,mongodb,NO2
P1.ASANTAS.ESTE_1899-12-31T00:00:00_no2,p1.asantas.este,1899-12-31 00:00:00+00:00,40.15179292929293,µg/m³,NO2,mongodb,NO2
P1.ASANTAS.ESTE_1900-01-06T00:00:00_no2,p1.asantas.este,1900-01-06 00:00:00+00:00,22.014818636677333,µg/m³,NO2,mongodb,NO2
P1.ASANTAS.ESTE_1899-12-31T00:00:00_no2,p1.asantas.este,1899-12-31 00:00:00+00:00,26.240673415704666,µg/m³,NO2,mongodb,NO2
P1.ASANTAS.ESTE_1900-01-06T00:00:00_no2,p1.asantas.este,1900-01-06 00:00:00+00:00,23.224672258297254,µg/m³,NO2,mongodb,NO2
P1.ASANTAS.ESTE_1899-12-31T00:00:00_no2,p1.asantas.este,1899-12-31 00:00:00+00:00,20.138235373212645,µg/m³,NO2,mongodb,NO2
P1.ASANTAS.ESTE_1900-01-06T00:00:00_no2,p1.asantas.este,1900-01-06 00:00:00+00:00,27.636664111351607,µg/m³,NO2,mongodb,NO2
P1.ASANTAS.ESTE_1899-12-31T00:00:00_no2,p1.asantas.este,1899-12-31 00:00:00+00:00,21.57438074194324,µg/m³,NO2,mongodb,NO2
P1.ASANTAS.ESTE_1900-01-06T00:00:00_no2,p1.asantas.este,1900-01-06 00:00:00+00:00,36.35702185545936,µg/m³,NO2,mongodb,NO2
P1.ASANTAS.ESTE_1899-12-31T00:00:00_no2,p1.asantas.este,1899-12-31 00:00:00+00:00,54.57476025132275,µg/m³,NO2,mongodb,NO2
P1.ASANTAS.ESTE_1900-01-06T00:00:00_no2,p1.asantas.este,1900-01-06 00:00:00+00:00,19.14890625,µg/m³,NO2,mongodb,NO2
P1.ASANTAS.ESTE_1899-12-31T00:00:00_no2,p1.asantas.este,1899-12-31 00:00:00+00:00,20.154546474057344,µg/m³,NO2,mongodb,NO2
P1.ASANTAS.ESTE_1900-01-06T00:00:00_no2,p1.asantas.este,1900-01-06 00:00:00+00:00,11.138071431577679,µg/m³,NO2,mongodb,NO2
P1.ASANTAS.ESTE_1899-12-31T00:00:00_no2,p1.asantas.este,1899-12-31 00:00:00+00:00,37.53229984668109,µg/m³,NO2,mongodb,NO2
P1.OVAR.ESTE_1900-01-03T00:00:00_no2,p1.ovar.este,1900-01-03 00:00:00+00:00,20.002959869199497,µg/m³,NO2,mongodb,NO2
P1.OVAR.ESTE_1900-01-04T00:00:00_no2,p1.ovar.este,1900-01-04 00:00:00+00:00,23.80180992647278,µg/m³,NO2,mongodb,NO2
P1.OVAR.ESTE_1900-01-05T00:00:00_no2,p1.ovar.este,1900-01-05 00:00:00+00:00,13.094369991009643,µg/m³,NO2,mongodb,NO2
P1.OVAR.ESTE_1900-01-01T00:00:00_no2,p1.ovar.este,1900-01-01 00:00:00+00:00,17.429626911887677,µg/m³,NO2,mongodb,NO2
P1.OVAR.ESTE_1900-01-02T00:00:00_no2,p1.ovar.este,1900-01-02 00:00:00+00:00,16.2589252501571,µg/m³,NO2,mongodb,NO2
P1.OVAR.ESTE_1900-01-05T00:00:00_no2,p1.ovar.este,1900-01-05 00:00:00+00:00,20.013617626746516,µg/m³,NO2,mongodb,NO2
P1.OVAR.ESTE_1900-01-01T00:00:00_no2,p1.ovar.este,1900-01-01 00:00:00+00:00,15.843962818682234,µg/m³,NO2,mongodb,NO2
P1.OVAR.ESTE_1900-01-02T00:00:00_no2,p1.ovar.este,1900-01-02 00:00:00+00:00,14.12479257006669,µg/m³,NO2,mongodb,NO2
P1.OVAR.ESTE_1900-01-03T00:00:00_no2,p1.ovar.este,1900-01-03 00:00:00+00:00,20.06836236450437,µg/m³,NO2,mongodb,NO2
P1.OVAR.ESTE_1900-01-04T00:00:00_no2,p1.ovar.este,1900-01-04 00:00:00+00:00,10.433888259296374,µg/m³,NO2,mongodb,NO2
P1.OVAR.ESTE_1900-01-04T00:00:00_no2,p1.ovar.este,1900-01-04 00:00:00+00:00,13.978213385412753,µg/m³,NO2,mongodb,NO2
P1.OVAR.ESTE_1900-01-05T00:00:00_no2,p1.ovar.este,1900-01-05 00:00:00+00:00,16.523577077783873,µg/m³,NO2,mongodb,NO2
P1.OVAR.ESTE_1900-01-01T00:00:00_no2,p1.ovar.este,1900-01-01 00:00:00+00:00,12.278787545992529,µg/m³,NO2,mongodb,NO2
P1.OVAR.ESTE_1900-01-02T00:00:00_no2,p1.ovar.este,1900-01-02 00:00:00+00:00,16.07253316225352,µg/m³,NO2,mongodb,NO2
P1.OVAR.ESTE_1900-01-03T00:00:00_no2,p1.ovar.este,1900-01-03 00:00:00+00:00,16.393222682799568,µg/m³,NO2,mongodb,NO2
P1.OVAR.ESTE_1900-01-03T00:00:00_no2,p1.ovar.este,1900-01-03 00:00:00+00:00,14.497236942583717,µg/m³,NO2,mongodb,NO2
P1.OVAR.ESTE_1900-01-04T00:00:00_no2,p1.ovar.este,1900-01-04 00:00:00+00:00,19.53769566588945,µg/m³,NO2,mongodb,NO2
P1.OVAR.ESTE_1900-01-05T00:00:00_no2,p1.ovar.este,1900-01-05 00:00:00+00:00,22.29377853206738,µg/m³,NO2,mongodb,NO2
P1.OVAR.ESTE_1900-01-01T00:00:00_no2,p1.ovar.este,1900-01-01 00:00:00+00:00,12.37095513818781,µg/m³,NO2,mongodb,NO2
P1.OVAR.ESTE_1900-01-02T00:00:00_no2,p1.ovar.este,1900-01-02 00:00:00+00:00,18.572931583422633,µg/m³,NO2,mongodb,NO2
P1.OVAR.ESTE_1900-01-06T00:00:00_no2,p1.ovar.este,1900-01-06 00:00:00+00:00,10.664252453713685,µg/m³,NO2,mongodb,NO2
P1.OVAR.ESTE_1899-12-31T00:00:00_no2,p1.ovar.este,1899-12-31 00:00:00+00:00,13.01515426352693,µg/m³,NO2,mongodb,NO2
P1.OVAR.ESTE_1900-01-06T00:00:00_no2,p1.ovar.este,1900-01-06 00:00:00+00:00,15.780589364023237,µg/m³,NO2,mongodb,NO2
P1.OVAR.ESTE_1899-12-31T00:00:00_no2,p1.ovar.este,1899-12-31 00:00:00+00:00,15.355701683272363,µg/m³,NO2,mongodb,NO2
P1.OVAR.ESTE_1900-01-06T00:00:00_no2,p1.ovar.este,1900-01-06 00:00:00+00:00,8.80245708761281,µg/m³,NO2,mongodb,NO2
P1.OVAR.ESTE_1899-12-31T00:00:00_no2,p1.ovar.este,1899-12-31 00:00:00+00:00,8.975270137771295,µg/m³,NO2,mongodb,NO2
P1.OVAR.ESTE_1900-01-06T00:00:00_no2,p1.ovar.este,1900-01-06 00:00:00+00:00,11.496164660258986,µg/m³,NO2,mongodb,NO2
P1.OVAR.ESTE_1899-12-31T00:00:00_no2,p1.ovar.este,1899-12-31 00:00:00+00:00,11.013941897951298,µg/m³,NO2,mongodb,NO2
P1.OVAR.ESTE_1900-01-01T00:00:00_no2,p1.ovar.este,1900-01-01 00:00:00+00:00,5.873333333333333,µg/m³,NO2,mongodb,NO2
P1.PQ.NAÇOES_1900-01-01T00:00:00_no2,p1.pq.naçoes,1900-01-01 00:00:00+00:00,53.55500000000001,µg/m³,NO2,mongodb,NO2
P1.SJVER.ESTE_1900-01-03T00:00:00_no2,p1.sjver.este,1900-01-03 00:00:00+00:00,52.52724568612363,µg/m³,NO2,mongodb,NO2
P1.SJVER.ESTE_1900-01-04T00:00:00_no2,p1.sjver.este,1900-01-04 00:00:00+00:00,29.29470201494287,µg/m³,NO2,mongodb,NO2
P1.SJVER.ESTE_1900-01-05T00:00:00_no2,p1.sjver.este,1900-01-05 00:00:00+00:00,34.88390592304623,µg/m³,NO2,mongodb,NO2
P1.SJVER.ESTE_1900-01-01T00:00:00_no2,p1.sjver.este,1900-01-01 00:00:00+00:00,39.08264628344473,µg/m³,NO2,mongodb,NO2
P1.SJVER.ESTE_1900-01-02T00:00:00_no2,p1.sjver.este,1900-01-02 00:00:00+00:00,38.790205260992316,µg/m³,NO2,mongodb,NO2
P1.SJVER.ESTE_1900-01-02T00:00:00_no2,p1.sjver.este,1900-01-02 00:00:00+00:00,31.48352851819905,µg/m³,NO2,mongodb,NO2
P1.SJVER.ESTE_1900-01-03T00:00:00_no2,p1.sjver.este,1900-01-03 00:00:00+00:00,27.740763257071823,µg/m³,NO2,mongodb,NO2
P1.SJVER.ESTE_1900-01-04T00:00:00_no2,p1.sjver.este,1900-01-04 00:00:00+00:00,37.468028984089344,µg/m³,NO2,mongodb,NO2
P1.SJVER.ESTE_1900-01-05T00:00:00_no2,p1.sjver.este,1900-01-05 00:00:00+00:00,41.82257874989827,µg/m³,NO2,mongodb,NO2
P1.SJVER.ESTE_1900-01-01T00:00:00_no2,p1.sjver.este,1900-01-01 00:00:00+00:00,30.648890608507504,µg/m³,NO2,mongodb,NO2
P1.SJVER.ESTE_1900-01-05T00:00:00_no2,p1.sjver.este,1900-01-05 00:00:00+00:00,31.073116939594843,µg/m³,NO2,mongodb,NO2
P1.SJVER.ESTE_1900-01-01T00:00:00_no2,p1.sjver.este,1900-01-01 00:00:00+00:00,31.420002788571253,µg/m³,NO2,mongodb,NO2
P1.SJVER.ESTE_1900-01-02T00:00:00_no2,p1.sjver.este,1900-01-02 00:00:00+00:00,24.016231546831463,µg/m³,NO2,mongodb,NO2
P1.SJVER.ESTE_1900-01-03T00:00:00_no2,p1.sjver.este,1900-01-03 00:00:00+00:00,35.003829697441425,µg/m³,NO2,mongodb,NO2
P1.SJVER.ESTE_1900-01-04T00:00:00_no2,p1.sjver.este,1900-01-04 00:00:00+00:00,34.55351379448279,µg/m³,NO2,mongodb,NO2
P1.SJVER.ESTE_1900-01-04T00:00:00_no2,p1.sjver.este,1900-01-04 00:00:00+00:00,34.133427763086225,µg/m³,NO2,mongodb,NO2
P1.SJVER.ESTE_1900-01-05T00:00:00_no2,p1.sjver.este,1900-01-05 00:00:00+00:00,41.070008990697715,µg/m³,NO2,mongodb,NO2
P1.SJVER.ESTE_1900-01-01T00:00:00_no2,p1.sjver.este,1900-01-01 00:00:00+00:00,31.970542339599906,µg/m³,NO2,mongodb,NO2
P1.SJVER.ESTE_1900-01-02T00:00:00_no2,p1.sjver.este,1900-01-02 00:00:00+00:00,42.58409193101625,µg/m³,NO2,mongodb,NO2
P1.SJVER.ESTE_1900-01-01T00:00:00_no2,p1.sjver.este,1900-01-01 00:00:00+00:00,41.458260245074094,µg/m³,NO2,mongodb,NO2
P1.SJVER.ESTE_1900-01-02T00:00:00_no2,p1.sjver.este,1900-01-02 00:00:00+00:00,57.80836102322666,µg/m³,NO2,mongodb,NO2
P1.SJVER.ESTE_1900-01-03T00:00:00_no2,p1.sjver.este,1900-01-03 00:00:00+00:00,53.45744059012308,µg/m³,NO2,mongodb,NO2
P1.SJVER.ESTE_1900-01-04T00:00:00_no2,p1.sjver.este,1900-01-04 00:00:00+00:00,35.164014815401394,µg/m³,NO2,mongodb,NO2
P1.SJVER.ESTE_1900-01-05T00:00:00_no2,p1.sjver.este,1900-01-05 00:00:00+00:00,36.972278900219784,µg/m³,NO2,mongodb,NO2
P1.SJVER.ESTE_1900-01-02T00:00:00_no2,p1.sjver.este,1900-01-02 00:00:00+00:00,19.801574018018005,µg/m³,NO2,mongodb,NO2
P1.SJVER.ESTE_1900-01-03T00:00:00_no2,p1.sjver.este,1900-01-03 00:00:00+00:00,10.407183143395216,µg/m³,NO2,mongodb,NO2
P1.SJVER.ESTE_1900-01-04T00:00:00_no2,p1.sjver.este,1900-01-04 00:00:00+00:00,16.691716745913123,µg/m³,NO2,mongodb,NO2
P1.SJVER.ESTE_1900-01-05T00:00:00_no2,p1.sjver.este,1900-01-05 00:00:00+00:00,23.131737579223337,µg/m³,NO2,mongodb,NO2
P1.SJVER.ESTE_1900-01-01T00:00:00_no2,p1.sjver.este,1900-01-01 00:00:00+00:00,35.37877786193072,µg/m³,NO2,mongodb,NO2
P1.SJVER.ESTE_1900-01-05T00:00:00_no2,p1.sjver.este,1900-01-05 00:00:00+00:00,16.122699615199615,µg/m³,NO2,mongodb,NO2
P1.SJVER.ESTE_1900-01-01T00:00:00_no2,p1.sjver.este,1900-01-01 00:00:00+00:00,38.4604322991823,µg/m³,NO2,mongodb,NO2
P1.SJVER.ESTE_1900-01-02T00:00:00_no2,p1.sjver.este,1900-01-02 00:00:00+00:00,31.033821695689102,µg/m³,NO2,mongodb,NO2
P1.SJVER.ESTE_1900-01-03T00:00:00_no2,p1.sjver.este,1900-01-03 00:00:00+00:00,19.282903674994902,µg/m³,NO2,mongodb,NO2
P1.SJVER.ESTE_1900-01-04T00:00:00_no2,p1.sjver.este,1900-01-04 00:00:00+00:00,21.231392554736043,µg/m³,NO2,mongodb,NO2
P1.SJVER.ESTE_1900-01-03T00:00:00_no2,p1.sjver.este,1900-01-03 00:00:00+00:00,10.144169227722875,µg/m³,NO2,mongodb,NO2
P1.SJVER.ESTE_1900-01-04T00:00:00_no2,p1.sjver.este,1900-01-04 00:00:00+00:00,12.116764376295473,µg/m³,NO2,mongodb,NO2
P1.SJVER.ESTE_1900-01-05T00:00:00_no2,p1.sjver.este,1900-01-05 00:00:00+00:00,20.677644070588613,µg/m³,NO2,mongodb,NO2
P1.SJVER.ESTE_1900-01-01T00:00:00_no2,p1.sjver.este,1900-01-01 00:00:00+00:00,17.84348505137412,µg/m³,NO2,mongodb,NO2
P1.SJVER.ESTE_1900-01-02T00:00:00_no2,p1.sjver.este,1900-01-02 00:00:00+00:00,19.592808263823404,µg/m³,NO2,mongodb,NO2
P1.SJVER.ESTE_1900-01-05T00:00:00_no2,p1.sjver.este,1900-01-05 00:00:00+00:00,13.192916828526478,µg/m³,NO2,mongodb,NO2
P1.SJVER.ESTE_1900-01-06T00:00:00_no2,p1.sjver.este,1900-01-06 00:00:00+00:00,23.282509914242635,µg/m³,NO2,mongodb,NO2
P1.SJVER.ESTE_1899-12-31T00:00:00_no2,p1.sjver.este,1899-12-31 00:00:00+00:00,23.770269157181385,µg/m³,NO2,mongodb,NO2
P1.SJVER.ESTE_1900-01-06T00:00:00_no2,p1.sjver.este,1900-01-06 00:00:00+00:00,27.8653058430497,µg/m³,NO2,mongodb,NO2
P1.SJVER.ESTE_1899-12-31T00:00:00_no2,p1.sjver.este,1899-12-31 00:00:00+00:00,17.22874574031456,µg/m³,NO2,mongodb,NO2
P1.SJVER.ESTE_1900-01-06T00:00:00_no2,p1.sjver.este,1900-01-06 00:00:00+00:00,23.193230078716514,µg/m³,NO2,mongodb,NO2
P1.SJVER.ESTE_1899-12-31T00:00:00_no2,p1.sjver.este,1899-12-31 00:00:00+00:00,12.868869814521602,µg/m³,NO2,mongodb,NO2
P1.SJVER.ESTE_1900-01-06T00:00:00_no2,p1.sjver.este,1900-01-06 00:00:00+00:00,42.01310458510025,µg/m³,NO2,mongodb,NO2
P1.SJVER.ESTE_1899-12-31T00:00:00_no2,p1.sjver.este,1899-12-31 00:00:00+00:00,30.267518590686635,µg/m³,NO2,mongodb,NO2
P1.SJVER.ESTE_1900-01-06T00:00:00_no2,p1.sjver.este,1900-01-06 00:00:00+00:00,21.30826623305557,µg/m³,NO2,mongodb,NO2
P1.SJVER.ESTE_1899-12-31T00:00:00_no2,p1.sjver.este,1899-12-31 00:00:00+00:00,20.888750541262066,µg/m³,NO2,mongodb,NO2
P1.SJVER.ESTE_1900-01-06T00:00:00_no2,p1.sjver.este,1900-01-06 00:00:00+00:00,19.69711371350427,µg/m³,NO2,mongodb,NO2
P1.SJVER.ESTE_1899-12-31T00:00:00_no2,p1.sjver.este,1899-12-31 00:00:00+00:00,21.26065272204009,µg/m³,NO2,mongodb,NO2
P1.SJVER.ESTE_1900-01-06T00:00:00_no2,p1.sjver.este,1900-01-06 00:00:00+00:00,18.968762626262627,µg/m³,NO2,mongodb,NO2
P1.SJVER.ESTE_1899-12-31T00:00:00_no2,p1.sjver.este,1899-12-31 00:00:00+00:00,15.310021645021642,µg/m³,NO2,mongodb,NO2
P1.SJVER.ESTE_1900-01-06T00:00:00_no2,p1.sjver.este,1900-01-06 00:00:00+00:00,10.544421946717664,µg/m³,NO2,mongodb,NO2
P1.SJVER.ESTE_1899-12-31T00:00:00_no2,p1.sjver.este,1899-12-31 00:00:00+00:00,12.422715395249364,µg/m³,NO2,mongodb,NO2
P1.SJVER.ESTE_1900-01-06T00:00:00_no2,p1.sjver.este,1900-01-06 00:00:00+00:00,35.518216089466094,µg/m³,NO2,mongodb,NO2
P1.SJVER.ESTE_1900-01-06T00:00:00_no2,p1.sjver.este,1900-01-06 00:00:00+00:00,13.869559385047664,µg/m³,NO2,mongodb,NO2
P1.SJVER.ESTE_1899-12-31T00:00:00_no2,p1.sjver.este,1899-12-31 00:00:00+00:00,15.847803834486134,µg/m³,NO2,mongodb,NO2
P1.SJVER.ESTE_1900-01-01T00:00:00_no2,p1.sjver.este,1900-01-01 00:00:00+00:00,22.621833333333328,µg/m³,NO2,mongodb,NO2
P1.GRIJO.ESTE_1900-01-01T00:00:00_no2,p1.grijo.este,1900-01-01 00:00:00+00:00,22.446666666666665,µg/m³,NO2,mongodb,NO2
P1.ASANTAS.ESTE_1900-01-05T00:00:00_no2,p1.asantas.este,1900-01-05 00:00:00+00:00,62.761875,µg/m³,NO2,mongodb,NO2
P1.ASANTAS.ESTE_1900-01-01T00:00:00_no2,p1.asantas.este,1900-01-01 00:00:00+00:00,72.44390625,µg/m³,NO2,mongodb,NO2
P1.ASANTAS.ESTE_1900-01-02T00:00:00_no2,p1.asantas.este,1900-01-02 00:00:00+00:00,31.18968750000001,µg/m³,NO2,mongodb,NO2
P1.ASANTAS.ESTE_1900-01-03T00:00:00_no2,p1.asantas.este,1900-01-03 00:00:00+00:00,33.827343750000004,µg/m³,NO2,mongodb,NO2
P1.ASANTAS.ESTE_1900-01-04T00:00:00_no2,p1.asantas.este,1900-01-04 00:00:00+00:00,37.80375,µg/m³,NO2,mongodb,NO2
P1.ASANTAS.ESTE_1900-01-01T00:00:00_no2,p1.asantas.este,1900-01-01 00:00:00+00:00,34.928275298005595,µg/m³,NO2,mongodb,NO2
P1.ASANTAS.ESTE_1900-01-02T00:00:00_no2,p1.asantas.este,1900-01-02 00:00:00+00:00,42.82324536290744,µg/m³,NO2,mongodb,NO2
P1.ASANTAS.ESTE_1900-01-03T00:00:00_no2,p1.asantas.este,1900-01-03 00:00:00+00:00,55.16141960192454,µg/m³,NO2,mongodb,NO2
P1.ASANTAS.ESTE_1900-01-04T00:00:00_no2,p1.asantas.este,1900-01-04 00:00:00+00:00,22.153805456407184,µg/m³,NO2,mongodb,NO2
P1.ASANTAS.ESTE_1900-01-05T00:00:00_no2,p1.asantas.este,1900-01-05 00:00:00+00:00,52.386622265838376,µg/m³,NO2,mongodb,NO2
P1.ASANTAS.ESTE_1900-01-02T00:00:00_no2,p1.asantas.este,1900-01-02 00:00:00+00:00,36.16900162337662,µg/m³,NO2,mongodb,NO2
P1.ASANTAS.ESTE_1900-01-03T00:00:00_no2,p1.asantas.este,1900-01-03 00:00:00+00:00,47.34478324915825,µg/m³,NO2,mongodb,NO2
P1.ASANTAS.ESTE_1900-01-04T00:00:00_no2,p1.asantas.este,1900-01-04 00:00:00+00:00,51.115111531986535,µg/m³,NO2,mongodb,NO2
P1.ASANTAS.ESTE_1900-01-05T00:00:00_no2,p1.asantas.este,1900-01-05 00:00:00+00:00,40.01863997113997,µg/m³,NO2,mongodb,NO2
P1.ASANTAS.ESTE_1900-01-01T00:00:00_no2,p1.asantas.este,1900-01-01 00:00:00+00:00,38.62389820827321,µg/m³,NO2,mongodb,NO2
P1.ASANTAS.ESTE_1900-01-05T00:00:00_no2,p1.asantas.este,1900-01-05 00:00:00+00:00,30.103276711924433,µg/m³,NO2,mongodb,NO2
P1.ASANTAS.ESTE_1900-01-01T00:00:00_no2,p1.asantas.este,1900-01-01 00:00:00+00:00,31.63900145803271,µg/m³,NO2,mongodb,NO2
P1.ASANTAS.ESTE_1900-01-02T00:00:00_no2,p1.asantas.este,1900-01-02 00:00:00+00:00,26.117300363887317,µg/m³,NO2,mongodb,NO2
P1.ASANTAS.ESTE_1900-01-03T00:00:00_no2,p1.asantas.este,1900-01-03 00:00:00+00:00,43.54526568362193,µg/m³,NO2,mongodb,NO2
P1.ASANTAS.ESTE_1900-01-04T00:00:00_no2,p1.asantas.este,1900-01-04 00:00:00+00:00,35.24578125,µg/m³,NO2,mongodb,NO2
P1.ASANTAS.ESTE_1900-01-05T00:00:00_no2,p1.asantas.este,1900-01-05 00:00:00+00:00,27.164353472614344,µg/m³,NO2,mongodb,NO2
P1.ASANTAS.ESTE_1900-01-04T00:00:00_no2,p1.asantas.este,1900-01-04 00:00:00+00:00,34.810127615440116,µg/m³,NO2,mongodb,NO2
P1.ASANTAS.ESTE_1900-01-05T00:00:00_no2,p1.asantas.este,1900-01-05 00:00:00+00:00,36.15685545935545,µg/m³,NO2,mongodb,NO2
P1.ASANTAS.ESTE_1900-01-01T00:00:00_no2,p1.asantas.este,1900-01-01 00:00:00+00:00,46.50033549783549,µg/m³,NO2,mongodb,NO2
P1.ASANTAS.ESTE_1900-01-02T00:00:00_no2,p1.asantas.este,1900-01-02 00:00:00+00:00,41.310825757575756,µg/m³,NO2,mongodb,NO2
P1.ASANTAS.ESTE_1900-01-03T00:00:00_no2,p1.asantas.este,1900-01-03 00:00:00+00:00,87.76376999158248,µg/m³,NO2,mongodb,NO2
P1.ASANTAS.ESTE_1900-01-04T00:00:00_no2,p1.asantas.este,1900-01-04 00:00:00+00:00,99.95605835137083,µg/m³,NO2,mongodb,NO2
P1.ASANTAS.ESTE_1900-01-05T00:00:00_no2,p1.asantas.este,1900-01-05 00:00:00+00:00,74.93126713564214,µg/m³,NO2,mongodb,NO2
P1.ASANTAS.ESTE_1900-01-02T00:00:00_no2,p1.asantas.este,1900-01-02 00:00:00+00:00,29.10984375,µg/m³,NO2,mongodb,NO2
P1.ASANTAS.ESTE_1900-01-03T00:00:00_no2,p1.asantas.este,1900-01-03 00:00:00+00:00,21.635156249999998,µg/m³,NO2,mongodb,NO2
P1.ASANTAS.ESTE_1900-01-04T00:00:00_no2,p1.asantas.este,1900-01-04 00:00:00+00:00,33.970781249999995,µg/m³,NO2,mongodb,NO2
P1.ASANTAS.ESTE_1900-01-05T00:00:00_no2,p1.asantas.este,1900-01-05 00:00:00+00:00,33.68390625,µg/m³,NO2,mongodb,NO2
P1.ASANTAS.ESTE_1900-01-01T00:00:00_no2,p1.asantas.este,1900-01-01 00:00:00+00:00,41.14839646464645,µg/m³,NO2,mongodb,NO2
P1.ASANTAS.ESTE_1900-01-01T00:00:00_no2,p1.asantas.este,1900-01-01 00:00:00+00:00,37.842215570887454,µg/m³,NO2,mongodb,NO2
P1.ASANTAS.ESTE_1900-01-02T00:00:00_no2,p1.asantas.este,1900-01-02 00:00:00+00:00,42.07167452050265,µg/m³,NO2,mongodb,NO2
P1.ASANTAS.ESTE_1900-01-03T00:00:00_no2,p1.asantas.este,1900-01-03 00:00:00+00:00,51.26419540905954,µg/m³,NO2,mongodb,NO2
P1.ASANTAS.ESTE_1900-01-04T00:00:00_no2,p1.asantas.este,1900-01-04 00:00:00+00:00,32.123369573713326,µg/m³,NO2,mongodb,NO2
P1.ASANTAS.ESTE_1900-01-05T00:00:00_no2,p1.asantas.este,1900-01-05 00:00:00+00:00,17.87032908700096,µg/m³,NO2,mongodb,NO2
P1.ASANTAS.ESTE_1900-01-06T00:00:00_no2,p1.asantas.este,1900-01-06 00:00:00+00:00,63.7340625,µg/m³,NO2,mongodb,NO2
P1.ASANTAS.ESTE_1899-12-31T00:00:00_no2,p1.asantas.este,1899-12-31 00:00:00+00:00,66.93750000000001,µg/m³,NO2,mongodb,NO2
P1.ASANTAS.ESTE_1900-01-06T00:00:00_no2,p1.asantas.este,1900-01-06 00:00:00+00:00,24.12618792291356,µg/m³,NO2,mongodb,NO2
P1.ASANTAS.ESTE_1899-12-31T00:00:00_no2,p1.asantas.este,1899-12-31 00:00:00+00:00,27.233177296995162,µg/m³,NO2,mongodb,NO2
P1.ASANTAS.ESTE_1900-01-06T00:00:00_no2,p1.asantas.este,1900-01-06 00:00:00+00:00,21.25912331632261,µg/m³,NO2,mongodb,NO2
P1.ASANTAS.ESTE_1899-12-31T00:00:00_no2,p1.asantas.este,1899-12-31 00:00:00+00:00,19.500433735647647,µg/m³,NO2,mongodb,NO2
P1.ASANTAS.ESTE_1900-01-06T00:00:00_no2,p1.asantas.este,1900-01-06 00:00:00+00:00,42.832987313612314,µg/m³,NO2,mongodb,NO2
P1.ASANTAS.ESTE_1899-12-31T00:00:00_no2,p1.asantas.este,1899-12-31 00:00:00+00:00,40.15179292929293,µg/m³,NO2,mongodb,NO2
P1.ASANTAS.ESTE_1900-01-06T00:00:00_no2,p1.asantas.este,1900-01-06 00:00:00+00:00,22.014818636677333,µg/m³,NO2,mongodb,NO2
P1.ASANTAS.ESTE_1899-12-31T00:00:00_no2,p1.asantas.este,1899-12-31 00:00:00+00:00,26.240673415704666,µg/m³,NO2,mongodb,NO2
P1.ASANTAS.ESTE_1900-01-06T00:00:00_no2,p1.asantas.este,1900-01-06 00:00:00+00:00,23.224672258297254,µg/m³,NO2,mongodb,NO2
P1.ASANTAS.ESTE_1899-12-31T00:00:00_no2,p1.asantas.este,1899-12-31 00:00:00+00:00,20.138235373212645,µg/m³,NO2,mongodb,NO2
P1.ASANTAS.ESTE_1900-01-06T00:00:00_no2,p1.asantas.este,1900-01-06 00:00:00+00:00,27.636664111351607,µg/m³,NO2,mongodb,NO2
P1.ASANTAS.ESTE_1899-12-31T00:00:00_no2,p1.asantas.este,1899-12-31 00:00:00+00:00,21.57438074194324,µg/m³,NO2,mongodb,NO2
P1.ASANTAS.ESTE_1900-01-06T00:00:00_no2,p1.asantas.este,1900-01-06 00:00:00+00:00,36.35702185545936,µg/m³,NO2,mongodb,NO2
P1.ASANTAS.ESTE_1899-12-31T00:00:00_no2,p1.asantas.este,1899-12-31 00:00:00+00:00,54.57476025132275,µg/m³,NO2,mongodb,NO2
P1.ASANTAS.ESTE_1900-01-06T00:00:00_no2,p1.asantas.este,1900-01-06 00:00:00+00:00,19.14890625,µg/m³,NO2,mongodb,NO2
P1.ASANTAS.ESTE_1899-12-31T00:00:00_no2,p1.asantas.este,1899-12-31 00:00:00+00:00,20.154546474057344,µg/m³,NO2,mongodb,NO2
P1.ASANTAS.ESTE_1900-01-06T00:00:00_no2,p1.asantas.este,1900-01-06 00:00:00+00:00,11.138071431577679,µg/m³,NO2,mongodb,NO2
P1.ASANTAS.ESTE_1899-12-31T00:00:00_no2,p1.asantas.este,1899-12-31 00:00:00+00:00,37.53229984668109,µg/m³,NO2,mongodb,NO2
0.0,mg/Nm³,CTSa-gr03,1899-12-30 12:00:00+00:00,empresa de electricidade dos açores s.a. - central termoeléctrica do pico - grupo 03,NMVOC,mongodb,NMVOC
0.0,mg/Nm³,CTB-gr05,1899-12-30 12:00:00+00:00,grupo 5,NMVOC,mongodb,NMVOC
14.096945691443736,mg/Nm³,CTSb-gr07,1899-12-30 12:00:00+00:00,grupo 7,NMVOC,mongodb,NMVOC
2.0114018055227336,mg/Nm³,CCB-xs13,2107-10-18 12:00:00+00:00,"coficab portugal - companhia de fios e cabos, lda. - 10549 - extrusora 1",NMVOC,mongodb,NMVOC
P1.PQ.NAÇOES_1900-01-01T00:00:00_benzeno,p1.pq.naçoes,1900-01-01 00:00:00+00:00,2.1475967397928093,µg/m³,Benzene,mongodb,Benzene
P1.ASANTAS.ESTE_1900-01-05T00:00:00_benzeno,p1.asantas.este,1900-01-05 00:00:00+00:00,1.5712196354166668,µg/m³,Benzene,mongodb,Benzene
P1.ASANTAS.ESTE_1900-01-01T00:00:00_benzeno,p1.asantas.este,1900-01-01 00:00:00+00:00,2.480463635416666,µg/m³,Benzene,mongodb,Benzene
P1.ASANTAS.ESTE_1900-01-02T00:00:00_benzeno,p1.asantas.este,1900-01-02 00:00:00+00:00,1.4193407083333334,µg/m³,Benzene,mongodb,Benzene
P1.ASANTAS.ESTE_1900-01-03T00:00:00_benzeno,p1.asantas.este,1900-01-03 00:00:00+00:00,0.6129278749999999,µg/m³,Benzene,mongodb,Benzene
P1.ASANTAS.ESTE_1900-01-04T00:00:00_benzeno,p1.asantas.este,1900-01-04 00:00:00+00:00,0.90822921875,µg/m³,Benzene,mongodb,Benzene
P1.ASANTAS.ESTE_1900-01-01T00:00:00_benzeno,p1.asantas.este,1900-01-01 00:00:00+00:00,0.15052978056426333,µg/m³,Benzene,mongodb,Benzene
P1.ASANTAS.ESTE_1900-01-02T00:00:00_benzeno,p1.asantas.este,1900-01-02 00:00:00+00:00,0.18760493100907172,µg/m³,Benzene,mongodb,Benzene
P1.ASANTAS.ESTE_1900-01-03T00:00:00_benzeno,p1.asantas.este,1900-01-03 00:00:00+00:00,0.25618278840062575,µg/m³,Benzene,mongodb,Benzene
P1.ASANTAS.ESTE_1900-01-04T00:00:00_benzeno,p1.asantas.este,1900-01-04 00:00:00+00:00,0.2666834561532793,µg/m³,Benzene,mongodb,Benzene
P1.ASANTAS.ESTE_1900-01-05T00:00:00_benzeno,p1.asantas.este,1900-01-05 00:00:00+00:00,0.35808555637435524,µg/m³,Benzene,mongodb,Benzene
P1.ASANTAS.ESTE_1900-01-02T00:00:00_benzeno,p1.asantas.este,1900-01-02 00:00:00+00:00,0.34695652173913044,µg/m³,Benzene,mongodb,Benzene
P1.ASANTAS.ESTE_1900-01-03T00:00:00_benzeno,p1.asantas.este,1900-01-03 00:00:00+00:00,0.3243478260869565,µg/m³,Benzene,mongodb,Benzene
P1.ASANTAS.ESTE_1900-01-04T00:00:00_benzeno,p1.asantas.este,1900-01-04 00:00:00+00:00,0.27458333333333335,µg/m³,Benzene,mongodb,Benzene
P1.ASANTAS.ESTE_1900-01-05T00:00:00_benzeno,p1.asantas.este,1900-01-05 00:00:00+00:00,0.29391304347826086,µg/m³,Benzene,mongodb,Benzene
P1.ASANTAS.ESTE_1900-01-01T00:00:00_benzeno,p1.asantas.este,1900-01-01 00:00:00+00:00,0.09608695652173913,µg/m³,Benzene,mongodb,Benzene
P1.ASANTAS.ESTE_1900-01-02T00:00:00_benzeno,p1.asantas.este,1900-01-02 00:00:00+00:00,0.2592672193492156,µg/m³,Benzene,mongodb,Benzene
P1.ASANTAS.ESTE_1900-01-03T00:00:00_benzeno,p1.asantas.este,1900-01-03 00:00:00+00:00,0.5077968599651367,µg/m³,Benzene,mongodb,Benzene
P1.ASANTAS.ESTE_1900-01-04T00:00:00_benzeno,p1.asantas.este,1900-01-04 00:00:00+00:00,0.49358833265543295,µg/m³,Benzene,mongodb,Benzene
P1.ASANTAS.ESTE_1900-01-05T00:00:00_benzeno,p1.asantas.este,1900-01-05 00:00:00+00:00,0.47058673561882625,µg/m³,Benzene,mongodb,Benzene
P1.ASANTAS.ESTE_1900-01-01T00:00:00_benzeno,p1.asantas.este,1900-01-01 00:00:00+00:00,0.5629139677513073,µg/m³,Benzene,mongodb,Benzene
P1.ASANTAS.ESTE_1900-01-05T00:00:00_benzeno,p1.asantas.este,1900-01-05 00:00:00+00:00,0.3475687431212855,µg/m³,Benzene,mongodb,Benzene
P1.ASANTAS.ESTE_1900-01-01T00:00:00_benzeno,p1.asantas.este,1900-01-01 00:00:00+00:00,0.8359090507134723,µg/m³,Benzene,mongodb,Benzene
P1.ASANTAS.ESTE_1900-01-02T00:00:00_benzeno,p1.asantas.este,1900-01-02 00:00:00+00:00,0.7440412242611011,µg/m³,Benzene,mongodb,Benzene
P1.ASANTAS.ESTE_1900-01-03T00:00:00_benzeno,p1.asantas.este,1900-01-03 00:00:00+00:00,0.6059024811080592,µg/m³,Benzene,mongodb,Benzene
P1.ASANTAS.ESTE_1900-01-04T00:00:00_benzeno,p1.asantas.este,1900-01-04 00:00:00+00:00,0.5229579010015408,µg/m³,Benzene,mongodb,Benzene
P1.ASANTAS.ESTE_1900-01-05T00:00:00_benzeno,p1.asantas.este,1900-01-05 00:00:00+00:00,0.4446595604609097,µg/m³,Benzene,mongodb,Benzene
P1.ASANTAS.ESTE_1900-01-04T00:00:00_benzeno,p1.asantas.este,1900-01-04 00:00:00+00:00,1.6075898833333333,µg/m³,Benzene,mongodb,Benzene
P1.ASANTAS.ESTE_1900-01-05T00:00:00_benzeno,p1.asantas.este,1900-01-05 00:00:00+00:00,1.0368866833333337,µg/m³,Benzene,mongodb,Benzene
P1.ASANTAS.ESTE_1900-01-01T00:00:00_benzeno,p1.asantas.este,1900-01-01 00:00:00+00:00,2.9646156521739138,µg/m³,Benzene,mongodb,Benzene
P1.ASANTAS.ESTE_1900-01-02T00:00:00_benzeno,p1.asantas.este,1900-01-02 00:00:00+00:00,2.026183750000001,µg/m³,Benzene,mongodb,Benzene
P1.ASANTAS.ESTE_1900-01-03T00:00:00_benzeno,p1.asantas.este,1900-01-03 00:00:00+00:00,1.602469045833333,µg/m³,Benzene,mongodb,Benzene
P1.ASANTAS.ESTE_1900-01-04T00:00:00_benzeno,p1.asantas.este,1900-01-04 00:00:00+00:00,2.011465,µg/m³,Benzene,mongodb,Benzene
P1.ASANTAS.ESTE_1900-01-05T00:00:00_benzeno,p1.asantas.este,1900-01-05 00:00:00+00:00,2.0783008333333335,µg/m³,Benzene,mongodb,Benzene
P1.ASANTAS.ESTE_1900-01-02T00:00:00_benzeno,p1.asantas.este,1900-01-02 00:00:00+00:00,1.1622627916666666,µg/m³,Benzene,mongodb,Benzene
P1.ASANTAS.ESTE_1900-01-03T00:00:00_benzeno,p1.asantas.este,1900-01-03 00:00:00+00:00,0.6640051979166667,µg/m³,Benzene,mongodb,Benzene
P1.ASANTAS.ESTE_1900-01-04T00:00:00_benzeno,p1.asantas.este,1900-01-04 00:00:00+00:00,0.9308926666666667,µg/m³,Benzene,mongodb,Benzene
P1.ASANTAS.ESTE_1900-01-05T00:00:00_benzeno,p1.asantas.este,1900-01-05 00:00:00+00:00,0.9275100625000001,µg/m³,Benzene,mongodb,Benzene
P1.ASANTAS.ESTE_1900-01-01T00:00:00_benzeno,p1.asantas.este,1900-01-01 00:00:00+00:00,0.7925441562500001,µg/m³,Benzene,mongodb,Benzene
P1.ASANTAS.ESTE_1900-01-01T00:00:00_benzeno,p1.asantas.este,1900-01-01 00:00:00+00:00,2.4842961259374996,µg/m³,Benzene,mongodb,Benzene
P1.ASANTAS.ESTE_1900-01-02T00:00:00_benzeno,p1.asantas.este,1900-01-02 00:00:00+00:00,3.8287534197500004,µg/m³,Benzene,mongodb,Benzene
P1.ASANTAS.ESTE_1900-01-03T00:00:00_benzeno,p1.asantas.este,1900-01-03 00:00:00+00:00,4.4184773066875,µg/m³,Benzene,mongodb,Benzene
P1.ASANTAS.ESTE_1900-01-06T00:00:00_benzeno,p1.asantas.este,1900-01-06 00:00:00+00:00,1.8604322916666671,µg/m³,Benzene,mongodb,Benzene
P1.ASANTAS.ESTE_1899-12-31T00:00:00_benzeno,p1.asantas.este,1899-12-31 00:00:00+00:00,2.2819047708333335,µg/m³,Benzene,mongodb,Benzene
P1.ASANTAS.ESTE_1900-01-06T00:00:00_benzeno,p1.asantas.este,1900-01-06 00:00:00+00:00,0.18814661016949152,µg/m³,Benzene,mongodb,Benzene
P1.ASANTAS.ESTE_1899-12-31T00:00:00_benzeno,p1.asantas.este,1899-12-31 00:00:00+00:00,0.21079735471247427,µg/m³,Benzene,mongodb,Benzene
P1.ASANTAS.ESTE_1900-01-06T00:00:00_benzeno,p1.asantas.este,1900-01-06 00:00:00+00:00,0.21967957207836758,µg/m³,Benzene,mongodb,Benzene
P1.ASANTAS.ESTE_1899-12-31T00:00:00_benzeno,p1.asantas.este,1899-12-31 00:00:00+00:00,0.13815884049500674,µg/m³,Benzene,mongodb,Benzene
P1.ASANTAS.ESTE_1900-01-06T00:00:00_benzeno,p1.asantas.este,1900-01-06 00:00:00+00:00,0.3343478260869565,µg/m³,Benzene,mongodb,Benzene
P1.ASANTAS.ESTE_1899-12-31T00:00:00_benzeno,p1.asantas.este,1899-12-31 00:00:00+00:00,0.568695652173913,µg/m³,Benzene,mongodb,Benzene
P1.ASANTAS.ESTE_1900-01-06T00:00:00_benzeno,p1.asantas.este,1900-01-06 00:00:00+00:00,0.46525100290528765,µg/m³,Benzene,mongodb,Benzene
P1.ASANTAS.ESTE_1899-12-31T00:00:00_benzeno,p1.asantas.este,1899-12-31 00:00:00+00:00,0.4639092916908774,µg/m³,Benzene,mongodb,Benzene
P1.ASANTAS.ESTE_1900-01-06T00:00:00_benzeno,p1.asantas.este,1900-01-06 00:00:00+00:00,0.43668342905168794,µg/m³,Benzene,mongodb,Benzene
P1.ASANTAS.ESTE_1899-12-31T00:00:00_benzeno,p1.asantas.este,1899-12-31 00:00:00+00:00,0.8455317210424064,µg/m³,Benzene,mongodb,Benzene
P1.ASANTAS.ESTE_1900-01-06T00:00:00_benzeno,p1.asantas.este,1900-01-06 00:00:00+00:00,0.5380585516178735,µg/m³,Benzene,mongodb,Benzene
P1.ASANTAS.ESTE_1899-12-31T00:00:00_benzeno,p1.asantas.este,1899-12-31 00:00:00+00:00,0.5098873431653094,µg/m³,Benzene,mongodb,Benzene
P1.ASANTAS.ESTE_1900-01-06T00:00:00_benzeno,p1.asantas.este,1900-01-06 00:00:00+00:00,1.6058078374999998,µg/m³,Benzene,mongodb,Benzene
P1.ASANTAS.ESTE_1899-12-31T00:00:00_benzeno,p1.asantas.este,1899-12-31 00:00:00+00:00,1.2475277041666668,µg/m³,Benzene,mongodb,Benzene
P1.ASANTAS.ESTE_1900-01-06T00:00:00_benzeno,p1.asantas.este,1900-01-06 00:00:00+00:00,1.2329993041666667,µg/m³,Benzene,mongodb,Benzene
P1.ASANTAS.ESTE_1899-12-31T00:00:00_benzeno,p1.asantas.este,1899-12-31 00:00:00+00:00,1.3728254375000002,µg/m³,Benzene,mongodb,Benzene
P1.ASANTAS.ESTE_1900-01-06T00:00:00_benzeno,p1.asantas.este,1900-01-06 00:00:00+00:00,0.547981875,µg/m³,Benzene,mongodb,Benzene
P1.ASANTAS.ESTE_1899-12-31T00:00:00_benzeno,p1.asantas.este,1899-12-31 00:00:00+00:00,0.5774105312500001,µg/m³,Benzene,mongodb,Benzene
P1.ASANTAS.ESTE_1900-01-06T00:00:00_benzeno,p1.asantas.este,1900-01-06 00:00:00+00:00,2.6251741477500006,µg/m³,Benzene,mongodb,Benzene
P1.ASANTAS.ESTE_1899-12-31T00:00:00_benzeno,p1.asantas.este,1899-12-31 00:00:00+00:00,2.4694843788124996,µg/m³,Benzene,mongodb,Benzene
P1.PQ.NAÇOES_1900-01-01T00:00:00_benzeno,p1.pq.naçoes,1900-01-01 00:00:00+00:00,2.1475967397928093,µg/m³,Benzene,mongodb,Benzene
P1.ASANTAS.ESTE_1900-01-05T00:00:00_benzeno,p1.asantas.este,1900-01-05 00:00:00+00:00,1.5712196354166668,µg/m³,Benzene,mongodb,Benzene
P1.ASANTAS.ESTE_1900-01-01T00:00:00_benzeno,p1.asantas.este,1900-01-01 00:00:00+00:00,2.480463635416666,µg/m³,Benzene,mongodb,Benzene
P1.ASANTAS.ESTE_1900-01-02T00:00:00_benzeno,p1.asantas.este,1900-01-02 00:00:00+00:00,1.4193407083333334,µg/m³,Benzene,mongodb,Benzene
P1.ASANTAS.ESTE_1900-01-03T00:00:00_benzeno,p1.asantas.este,1900-01-03 00:00:00+00:00,0.6129278749999999,µg/m³,Benzene,mongodb,Benzene
P1.ASANTAS.ESTE_1900-01-04T00:00:00_benzeno,p1.asantas.este,1900-01-04 00:00:00+00:00,0.90822921875,µg/m³,Benzene,mongodb,Benzene
P1.ASANTAS.ESTE_1900-01-01T00:00:00_benzeno,p1.asantas.este,1900-01-01 00:00:00+00:00,0.15052978056426333,µg/m³,Benzene,mongodb,Benzene
P1.ASANTAS.ESTE_1900-01-02T00:00:00_benzeno,p1.asantas.este,1900-01-02 00:00:00+00:00,0.18760493100907172,µg/m³,Benzene,mongodb,Benzene
P1.ASANTAS.ESTE_1900-01-03T00:00:00_benzeno,p1.asantas.este,1900-01-03 00:00:00+00:00,0.25618278840062575,µg/m³,Benzene,mongodb,Benzene
P1.ASANTAS.ESTE_1900-01-04T00:00:00_benzeno,p1.asantas.este,1900-01-04 00:00:00+00:00,0.2666834561532793,µg/m³,Benzene,mongodb,Benzene
P1.ASANTAS.ESTE_1900-01-05T00:00:00_benzeno,p1.asantas.este,1900-01-05 00:00:00+00:00,0.35808555637435524,µg/m³,Benzene,mongodb,Benzene
P1.ASANTAS.ESTE_1900-01-02T00:00:00_benzeno,p1.asantas.este,1900-01-02 00:00:00+00:00,0.34695652173913044,µg/m³,Benzene,mongodb,Benzene
P1.ASANTAS.ESTE_1900-01-03T00:00:00_benzeno,p1.asantas.este,1900-01-03 00:00:00+00:00,0.3243478260869565,µg/m³,Benzene,mongodb,Benzene
P1.ASANTAS.ESTE_1900-01-04T00:00:00_benzeno,p1.asantas.este,1900-01-04 00:00:00+00:00,0.27458333333333335,µg/m³,Benzene,mongodb,Benzene
P1.ASANTAS.ESTE_1900-01-05T00:00:00_benzeno,p1.asantas.este,1900-01-05 00:00:00+00:00,0.29391304347826086,µg/m³,Benzene,mongodb,Benzene
P1.ASANTAS.ESTE_1900-01-01T00:00:00_benzeno,p1.asantas.este,1900-01-01 00:00:00+00:00,0.09608695652173913,µg/m³,Benzene,mongodb,Benzene
P1.ASANTAS.ESTE_1900-01-02T00:00:00_benzeno,p1.asantas.este,1900-01-02 00:00:00+00:00,0.2592672193492156,µg/m³,Benzene,mongodb,Benzene
P1.ASANTAS.ESTE_1900-01-03T00:00:00_benzeno,p1.asantas.este,1900-01-03 00:00:00+00:00,0.5077968599651367,µg/m³,Benzene,mongodb,Benzene
P1.ASANTAS.ESTE_1900-01-04T00:00:00_benzeno,p1.asantas.este,1900-01-04 00:00:00+00:00,0.49358833265543295,µg/m³,Benzene,mongodb,Benzene
P1.ASANTAS.ESTE_1900-01-05T00:00:00_benzeno,p1.asantas.este,1900-01-05 00:00:00+00:00,0.47058673561882625,µg/m³,Benzene,mongodb,Benzene
P1.ASANTAS.ESTE_1900-01-01T00:00:00_benzeno,p1.asantas.este,1900-01-01 00:00:00+00:00,0.5629139677513073,µg/m³,Benzene,mongodb,Benzene
P1.ASANTAS.ESTE_1900-01-05T00:00:00_benzeno,p1.asantas.este,1900-01-05 00:00:00+00:00,0.3475687431212855,µg/m³,Benzene,mongodb,Benzene
P1.ASANTAS.ESTE_1900-01-01T00:00:00_benzeno,p1.asantas.este,1900-01-01 00:00:00+00:00,0.8359090507134723,µg/m³,Benzene,mongodb,Benzene
P1.ASANTAS.ESTE_1900-01-02T00:00:00_benzeno,p1.asantas.este,1900-01-02 00:00:00+00:00,0.7440412242611011,µg/m³,Benzene,mongodb,Benzene
P1.ASANTAS.ESTE_1900-01-03T00:00:00_benzeno,p1.asantas.este,1900-01-03 00:00:00+00:00,0.6059024811080592,µg/m³,Benzene,mongodb,Benzene
P1.ASANTAS.ESTE_1900-01-04T00:00:00_benzeno,p1.asantas.este,1900-01-04 00:00:00+00:00,0.5229579010015408,µg/m³,Benzene,mongodb,Benzene
P1.ASANTAS.ESTE_1900-01-05T00:00:00_benzeno,p1.asantas.este,1900-01-05 00:00:00+00:00,0.4446595604609097,µg/m³,Benzene,mongodb,Benzene
P1.ASANTAS.ESTE_1900-01-04T00:00:00_benzeno,p1.asantas.este,1900-01-04 00:00:00+00:00,1.6075898833333333,µg/m³,Benzene,mongodb,Benzene
P1.ASANTAS.ESTE_1900-01-05T00:00:00_benzeno,p1.asantas.este,1900-01-05 00:00:00+00:00,1.0368866833333337,µg/m³,Benzene,mongodb,Benzene
P1.ASANTAS.ESTE_1900-01-01T00:00:00_benzeno,p1.asantas.este,1900-01-01 00:00:00+00:00,2.9646156521739138,µg/m³,Benzene,mongodb,Benzene
P1.ASANTAS.ESTE_1900-01-02T00:00:00_benzeno,p1.asantas.este,1900-01-02 00:00:00+00:00,2.026183750000001,µg/m³,Benzene,mongodb,Benzene
P1.ASANTAS.ESTE_1900-01-03T00:00:00_benzeno,p1.asantas.este,1900-01-03 00:00:00+00:00,1.602469045833333,µg/m³,Benzene,mongodb,Benzene
P1.ASANTAS.ESTE_1900-01-04T00:00:00_benzeno,p1.asantas.este,1900-01-04 00:00:00+00:00,2.011465,µg/m³,Benzene,mongodb,Benzene
P1.ASANTAS.ESTE_1900-01-05T00:00:00_benzeno,p1.asantas.este,1900-01-05 00:00:00+00:00,2.0783008333333335,µg/m³,Benzene,mongodb,Benzene
P1.ASANTAS.ESTE_1900-01-02T00:00:00_benzeno,p1.asantas.este,1900-01-02 00:00:00+00:00,1.1622627916666666,µg/m³,Benzene,mongodb,Benzene
P1.ASANTAS.ESTE_1900-01-03T00:00:00_benzeno,p1.asantas.este,1900-01-03 00:00:00+00:00,0.6640051979166667,µg/m³,Benzene,mongodb,Benzene
P1.ASANTAS.ESTE_1900-01-04T00:00:00_benzeno,p1.asantas.este,1900-01-04 00:00:00+00:00,0.9308926666666667,µg/m³,Benzene,mongodb,Benzene
P1.ASANTAS.ESTE_1900-01-05T00:00:00_benzeno,p1.asantas.este,1900-01-05 00:00:00+00:00,0.9275100625000001,µg/m³,Benzene,mongodb,Benzene
P1.ASANTAS.ESTE_1900-01-01T00:00:00_benzeno,p1.asantas.este,1900-01-01 00:00:00+00:00,0.7925441562500001,µg/m³,Benzene,mongodb,Benzene
P1.ASANTAS.ESTE_1900-01-01T00:00:00_benzeno,p1.asantas.este,1900-01-01 00:00:00+00:00,2.4842961259374996,µg/m³,Benzene,mongodb,Benzene
P1.ASANTAS.ESTE_1900-01-02T00:00:00_benzeno,p1.asantas.este,1900-01-02 00:00:00+00:00,3.8287534197500004,µg/m³,Benzene,mongodb,Benzene
P1.ASANTAS.ESTE_1900-01-03T00:00:00_benzeno,p1.asantas.este,1900-01-03 00:00:00+00:00,4.4184773066875,µg/m³,Benzene,mongodb,Benzene
P1.ASANTAS.ESTE_1900-01-06T00:00:00_benzeno,p1.asantas.este,1900-01-06 00:00:00+00:00,1.8604322916666671,µg/m³,Benzene,mongodb,Benzene
P1.ASANTAS.ESTE_1899-12-31T00:00:00_benzeno,p1.asantas.este,1899-12-31 00:00:00+00:00,2.2819047708333335,µg/m³,Benzene,mongodb,Benzene
P1.ASANTAS.ESTE_1900-01-06T00:00:00_benzeno,p1.asantas.este,1900-01-06 00:00:00+00:00,0.18814661016949152,µg/m³,Benzene,mongodb,Benzene
P1.ASANTAS.ESTE_1899-12-31T00:00:00_benzeno,p1.asantas.este,1899-12-31 00:00:00+00:00,0.21079735471247427,µg/m³,Benzene,mongodb,Benzene
P1.ASANTAS.ESTE_1900-01-06T00:00:00_benzeno,p1.asantas.este,1900-01-06 00:00:00+00:00,0.21967957207836758,µg/m³,Benzene,mongodb,Benzene
P1.ASANTAS.ESTE_1899-12-31T00:00:00_benzeno,p1.asantas.este,1899-12-31 00:00:00+00:00,0.13815884049500674,µg/m³,Benzene,mongodb,Benzene
P1.ASANTAS.ESTE_1900-01-06T00:00:00_benzeno,p1.asantas.este,1900-01-06 00:00:00+00:00,0.3343478260869565,µg/m³,Benzene,mongodb,Benzene
P1.ASANTAS.ESTE_1899-12-31T00:00:00_benzeno,p1.asantas.este,1899-12-31 00:00:00+00:00,0.568695652173913,µg/m³,Benzene,mongodb,Benzene
P1.ASANTAS.ESTE_1900-01-06T00:00:00_benzeno,p1.asantas.este,1900-01-06 00:00:00+00:00,0.46525100290528765,µg/m³,Benzene,mongodb,Benzene
P1.ASANTAS.ESTE_1899-12-31T00:00:00_benzeno,p1.asantas.este,1899-12-31 00:00:00+00:00,0.4639092916908774,µg/m³,Benzene,mongodb,Benzene
P1.ASANTAS.ESTE_1900-01-06T00:00:00_benzeno,p1.asantas.este,1900-01-06 00:00:00+00:00,0.43668342905168794,µg/m³,Benzene,mongodb,Benzene
P1.ASANTAS.ESTE_1899-12-31T00:00:00_benzeno,p1.asantas.este,1899-12-31 00:00:00+00:00,0.8455317210424064,µg/m³,Benzene,mongodb,Benzene
P1.ASANTAS.ESTE_1900-01-06T00:00:00_benzeno,p1.asantas.este,1900-01-06 00:00:00+00:00,0.5380585516178735,µg/m³,Benzene,mongodb,Benzene
P1.ASANTAS.ESTE_1899-12-31T00:00:00_benzeno,p1.asantas.este,1899-12-31 00:00:00+00:00,0.5098873431653094,µg/m³,Benzene,mongodb,Benzene
P1.ASANTAS.ESTE_1900-01-06T00:00:00_benzeno,p1.asantas.este,1900-01-06 00:00:00+00:00,1.6058078374999998,µg/m³,Benzene,mongodb,Benzene
P1.ASANTAS.ESTE_1899-12-31T00:00:00_benzeno,p1.asantas.este,1899-12-31 00:00:00+00:00,1.2475277041666668,µg/m³,Benzene,mongodb,Benzene
P1.ASANTAS.ESTE_1900-01-06T00:00:00_benzeno,p1.asantas.este,1900-01-06 00:00:00+00:00,1.2329993041666667,µg/m³,Benzene,mongodb,Benzene
P1.ASANTAS.ESTE_1899-12-31T00:00:00_benzeno,p1.asantas.este,1899-12-31 00:00:00+00:00,1.3728254375000002,µg/m³,Benzene,mongodb,Benzene
P1.ASANTAS.ESTE_1900-01-06T00:00:00_benzeno,p1.asantas.este,1900-01-06 00:00:00+00:00,0.547981875,µg/m³,Benzene,mongodb,Benzene
P1.ASANTAS.ESTE_1899-12-31T00:00:00_benzeno,p1.asantas.este,1899-12-31 00:00:00+00:00,0.5774105312500001,µg/m³,Benzene,mongodb,Benzene
P1.ASANTAS.ESTE_1900-01-06T00:00:00_benzeno,p1.asantas.este,1900-01-06 00:00:00+00:00,2.6251741477500006,µg/m³,Benzene,mongodb,Benzene
P1.ASANTAS.ESTE_1899-12-31T00:00:00_benzeno,p1.asantas.este,1899-12-31 00:00:00+00:00,2.4694843788124996,µg/m³,Benzene,mongodb,Benzene
P1.OVAR.ESTE_1900-01-06T00:00:00_ws,p1.ovar.este,1900-01-06 00:00:00+00:00,0.0,m/s,WindSpeed,mongodb,WindSpeed
P1.OVAR.ESTE_1899-12-31T00:00:00_ws,p1.ovar.este,1899-12-31 00:00:00+00:00,0.0,m/s,WindSpeed,mongodb,WindSpeed
P1.OVAR.ESTE_1900-01-06T00:00:00_ws,p1.ovar.este,1900-01-06 00:00:00+00:00,0.0,m/s,WindSpeed,mongodb,WindSpeed
P1.OVAR.ESTE_1899-12-31T00:00:00_ws,p1.ovar.este,1899-12-31 00:00:00+00:00,0.0,m/s,WindSpeed,mongodb,WindSpeed
P1.OVAR.ESTE_1900-01-06T00:00:00_ws,p1.ovar.este,1900-01-06 00:00:00+00:00,0.0,m/s,WindSpeed,mongodb,WindSpeed
P1.OVAR.ESTE_1899-12-31T00:00:00_ws,p1.ovar.este,1899-12-31 00:00:00+00:00,0.0,m/s,WindSpeed,mongodb,WindSpeed
P1.OVAR.ESTE_1900-01-06T00:00:00_ws,p1.ovar.este,1900-01-06 00:00:00+00:00,0.0,m/s,WindSpeed,mongodb,WindSpeed
P1.OVAR.ESTE_1899-12-31T00:00:00_ws,p1.ovar.este,1899-12-31 00:00:00+00:00,0.0,m/s,WindSpeed,mongodb,WindSpeed
P1.OVAR.ESTE_1900-01-01T00:00:00_ws,p1.ovar.este,1900-01-01 00:00:00+00:00,2.4466666666666668,m/s,WindSpeed,mongodb,WindSpeed
P1.PQ.NAÇOES_1900-01-01T00:00:00_ws,p1.pq.naçoes,1900-01-01 00:00:00+00:00,0.5272666666666667,m/s,WindSpeed,mongodb,WindSpeed
P1.SJVER.ESTE_1900-01-06T00:00:00_ws,p1.sjver.este,1900-01-06 00:00:00+00:00,0.0,m/s,WindSpeed,mongodb,WindSpeed
P1.SJVER.ESTE_1899-12-31T00:00:00_ws,p1.sjver.este,1899-12-31 00:00:00+00:00,0.0,m/s,WindSpeed,mongodb,WindSpeed
P1.SJVER.ESTE_1900-01-06T00:00:00_ws,p1.sjver.este,1900-01-06 00:00:00+00:00,0.0,m/s,WindSpeed,mongodb,WindSpeed
P1.SJVER.ESTE_1899-12-31T00:00:00_ws,p1.sjver.este,1899-12-31 00:00:00+00:00,0.0,m/s,WindSpeed,mongodb,WindSpeed
P1.SJVER.ESTE_1900-01-06T00:00:00_ws,p1.sjver.este,1900-01-06 00:00:00+00:00,0.0,m/s,WindSpeed,mongodb,WindSpeed
P1.SJVER.ESTE_1899-12-31T00:00:00_ws,p1.sjver.este,1899-12-31 00:00:00+00:00,0.0,m/s,WindSpeed,mongodb,WindSpeed
P1.SJVER.ESTE_1900-01-06T00:00:00_ws,p1.sjver.este,1900-01-06 00:00:00+00:00,0.0,m/s,WindSpeed,mongodb,WindSpeed
P1.SJVER.ESTE_1899-12-31T00:00:00_ws,p1.sjver.este,1899-12-31 00:00:00+00:00,0.0,m/s,WindSpeed,mongodb,WindSpeed
P1.SJVER.ESTE_1900-01-06T00:00:00_ws,p1.sjver.este,1900-01-06 00:00:00+00:00,0.0,m/s,WindSpeed,mongodb,WindSpeed
P1.SJVER.ESTE_1899-12-31T00:00:00_ws,p1.sjver.este,1899-12-31 00:00:00+00:00,0.0,m/s,WindSpeed,mongodb,WindSpeed
P1.SJVER.ESTE_1900-01-06T00:00:00_ws,p1.sjver.este,1900-01-06 00:00:00+00:00,0.0,m/s,WindSpeed,mongodb,WindSpeed
P1.SJVER.ESTE_1899-12-31T00:00:00_ws,p1.sjver.este,1899-12-31 00:00:00+00:00,0.0,m/s,WindSpeed,mongodb,WindSpeed
P1.SJVER.ESTE_1900-01-06T00:00:00_ws,p1.sjver.este,1900-01-06 00:00:00+00:00,0.0,m/s,WindSpeed,mongodb,WindSpeed
P1.SJVER.ESTE_1899-12-31T00:00:00_ws,p1.sjver.este,1899-12-31 00:00:00+00:00,0.0,m/s,WindSpeed,mongodb,WindSpeed
P1.SJVER.ESTE_1900-01-06T00:00:00_ws,p1.sjver.este,1900-01-06 00:00:00+00:00,0.0,m/s,WindSpeed,mongodb,WindSpeed
P1.SJVER.ESTE_1899-12-31T00:00:00_ws,p1.sjver.este,1899-12-31 00:00:00+00:00,0.0,m/s,WindSpeed,mongodb,WindSpeed
P1.SJVER.ESTE_1900-01-06T00:00:00_ws,p1.sjver.este,1900-01-06 00:00:00+00:00,0.0,m/s,WindSpeed,mongodb,WindSpeed
P1.SJVER.ESTE_1900-01-06T00:00:00_ws,p1.sjver.este,1900-01-06 00:00:00+00:00,0.0,m/s,WindSpeed,mongodb,WindSpeed
P1.SJVER.ESTE_1899-12-31T00:00:00_ws,p1.sjver.este,1899-12-31 00:00:00+00:00,0.0,m/s,WindSpeed,mongodb,WindSpeed
P1.SJVER.ESTE_1900-01-01T00:00:00_ws,p1.sjver.este,1900-01-01 00:00:00+00:00,0.5357749999999999,m/s,WindSpeed,mongodb,WindSpeed
P1.GRIJO.ESTE_1900-01-01T00:00:00_ws,p1.grijo.este,1900-01-01 00:00:00+00:00,1.0799999999999998,m/s,WindSpeed,mongodb,WindSpeed
P1.ASANTAS.ESTE_1900-01-06T00:00:00_ws,p1.asantas.este,1900-01-06 00:00:00+00:00,0.0,m/s,WindSpeed,mongodb,WindSpeed
P1.ASANTAS.ESTE_1899-12-31T00:00:00_ws,p1.asantas.este,1899-12-31 00:00:00+00:00,0.0,m/s,WindSpeed,mongodb,WindSpeed
P1.ASANTAS.ESTE_1900-01-06T00:00:00_ws,p1.asantas.este,1900-01-06 00:00:00+00:00,0.0,m/s,WindSpeed,mongodb,WindSpeed
P1.ASANTAS.ESTE_1899-12-31T00:00:00_ws,p1.asantas.este,1899-12-31 00:00:00+00:00,0.0,m/s,WindSpeed,mongodb,WindSpeed
P1.ASANTAS.ESTE_1900-01-06T00:00:00_ws,p1.asantas.este,1900-01-06 00:00:00+00:00,0.0,m/s,WindSpeed,mongodb,WindSpeed
P1.ASANTAS.ESTE_1899-12-31T00:00:00_ws,p1.asantas.este,1899-12-31 00:00:00+00:00,0.0,m/s,WindSpeed,mongodb,WindSpeed
P1.ASANTAS.ESTE_1900-01-06T00:00:00_ws,p1.asantas.este,1900-01-06 00:00:00+00:00,0.0,m/s,WindSpeed,mongodb,WindSpeed
P1.ASANTAS.ESTE_1899-12-31T00:00:00_ws,p1.asantas.este,1899-12-31 00:00:00+00:00,0.0,m/s,WindSpeed,mongodb,WindSpeed
P1.ASANTAS.ESTE_1900-01-06T00:00:00_ws,p1.asantas.este,1900-01-06 00:00:00+00:00,0.0,m/s,WindSpeed,mongodb,WindSpeed
P1.ASANTAS.ESTE_1899-12-31T00:00:00_ws,p1.asantas.este,1899-12-31 00:00:00+00:00,0.0,m/s,WindSpeed,mongodb,WindSpeed
P1.ASANTAS.ESTE_1900-01-06T00:00:00_ws,p1.asantas.este,1900-01-06 00:00:00+00:00,0.0,m/s,WindSpeed,mongodb,WindSpeed
P1.ASANTAS.ESTE_1899-12-31T00:00:00_ws,p1.asantas.este,1899-12-31 00:00:00+00:00,0.0,m/s,WindSpeed,mongodb,WindSpeed
P1.ASANTAS.ESTE_1900-01-06T00:00:00_ws,p1.asantas.este,1900-01-06 00:00:00+00:00,0.0,m/s,WindSpeed,mongodb,WindSpeed
P1.ASANTAS.ESTE_1899-12-31T00:00:00_ws,p1.asantas.este,1899-12-31 00:00:00+00:00,0.0,m/s,WindSpeed,mongodb,WindSpeed
P1.ASANTAS.ESTE_1900-01-06T00:00:00_ws,p1.asantas.este,1900-01-06 00:00:00+00:00,0.0,m/s,WindSpeed,mongodb,WindSpeed
P1.ASANTAS.ESTE_1899-12-31T00:00:00_ws,p1.asantas.este,1899-12-31 00:00:00+00:00,0.0,m/s,WindSpeed,mongodb,WindSpeed
P1.ASANTAS.ESTE_1900-01-06T00:00:00_ws,p1.asantas.este,1900-01-06 00:00:00+00:00,0.0,m/s,WindSpeed,mongodb,WindSpeed
P1.ASANTAS.ESTE_1899-12-31T00:00:00_ws,p1.asantas.este,1899-12-31 00:00:00+00:00,0.0,m/s,WindSpeed,mongodb,WindSpeed
P1.ASANTAS.ESTE_1900-01-06T00:00:00_ws,p1.asantas.este,1900-01-06 00:00:00+00:00,0.0,m/s,WindSpeed,mongodb,WindSpeed
P1.ASANTAS.ESTE_1899-12-31T00:00:00_ws,p1.asantas.este,1899-12-31 00:00:00+00:00,0.0,m/s,WindSpeed,mongodb,WindSpeed
P1.ASANTAS.ESTE_1900-01-06T00:00:00_ws,p1.asantas.este,1900-01-06 00:00:00+00:00,0.0,m/s,WindSpeed,mongodb,WindSpeed
P1.ASANTAS.ESTE_1899-12-31T00:00:00_ws,p1.asantas.este,1899-12-31 00:00:00+00:00,0.0,m/s,WindSpeed,mongodb,WindSpeed
P1.OVAR.ESTE_1900-01-06T00:00:00_ws,p1.ovar.este,1900-01-06 00:00:00+00:00,0.0,m/s,WindSpeed,mongodb,WindSpeed
P1.OVAR.ESTE_1899-12-31T00:00:00_ws,p1.ovar.este,1899-12-31 00:00:00+00:00,0.0,m/s,WindSpeed,mongodb,WindSpeed
P1.OVAR.ESTE_1900-01-06T00:00:00_ws,p1.ovar.este,1900-01-06 00:00:00+00:00,0.0,m/s,WindSpeed,mongodb,WindSpeed
P1.OVAR.ESTE_1899-12-31T00:00:00_ws,p1.ovar.este,1899-12-31 00:00:00+00:00,0.0,m/s,WindSpeed,mongodb,WindSpeed
P1.OVAR.ESTE_1900-01-06T00:00:00_ws,p1.ovar.este,1900-01-06 00:00:00+00:00,0.0,m/s,WindSpeed,mongodb,WindSpeed
P1.OVAR.ESTE_1899-12-31T00:00:00_ws,p1.ovar.este,1899-12-31 00:00:00+00:00,0.0,m/s,WindSpeed,mongodb,WindSpeed
P1.OVAR.ESTE_1900-01-06T00:00:00_ws,p1.ovar.este,1900-01-06 00:00:00+00:00,0.0,m/s,WindSpeed,mongodb,WindSpeed
P1.OVAR.ESTE_1899-12-31T00:00:00_ws,p1.ovar.este,1899-12-31 00:00:00+00:00,0.0,m/s,WindSpeed,mongodb,WindSpeed
P1.OVAR.ESTE_1900-01-01T00:00:00_ws,p1.ovar.este,1900-01-01 00:00:00+00:00,2.4466666666666668,m/s,WindSpeed,mongodb,WindSpeed
P1.PQ.NAÇOES_1900-01-01T00:00:00_ws,p1.pq.naçoes,1900-01-01 00:00:00+00:00,0.5272666666666667,m/s,WindSpeed,mongodb,WindSpeed
P1.SJVER.ESTE_1900-01-06T00:00:00_ws,p1.sjver.este,1900-01-06 00:00:00+00:00,0.0,m/s,WindSpeed,mongodb,WindSpeed
P1.SJVER.ESTE_1899-12-31T00:00:00_ws,p1.sjver.este,1899-12-31 00:00:00+00:00,0.0,m/s,WindSpeed,mongodb,WindSpeed
P1.SJVER.ESTE_1900-01-06T00:00:00_ws,p1.sjver.este,1900-01-06 00:00:00+00:00,0.0,m/s,WindSpeed,mongodb,WindSpeed
P1.SJVER.ESTE_1899-12-31T00:00:00_ws,p1.sjver.este,1899-12-31 00:00:00+00:00,0.0,m/s,WindSpeed,mongodb,WindSpeed
P1.SJVER.ESTE_1900-01-06T00:00:00_ws,p1.sjver.este,1900-01-06 00:00:00+00:00,0.0,m/s,WindSpeed,mongodb,WindSpeed
P1.SJVER.ESTE_1899-12-31T00:00:00_ws,p1.sjver.este,1899-12-31 00:00:00+00:00,0.0,m/s,WindSpeed,mongodb,WindSpeed
P1.SJVER.ESTE_1900-01-06T00:00:00_ws,p1.sjver.este,1900-01-06 00:00:00+00:00,0.0,m/s,WindSpeed,mongodb,WindSpeed
P1.SJVER.ESTE_1899-12-31T00:00:00_ws,p1.sjver.este,1899-12-31 00:00:00+00:00,0.0,m/s,WindSpeed,mongodb,WindSpeed
P1.SJVER.ESTE_1900-01-06T00:00:00_ws,p1.sjver.este,1900-01-06 00:00:00+00:00,0.0,m/s,WindSpeed,mongodb,WindSpeed
P1.SJVER.ESTE_1899-12-31T00:00:00_ws,p1.sjver.este,1899-12-31 00:00:00+00:00,0.0,m/s,WindSpeed,mongodb,WindSpeed
P1.SJVER.ESTE_1900-01-06T00:00:00_ws,p1.sjver.este,1900-01-06 00:00:00+00:00,0.0,m/s,WindSpeed,mongodb,WindSpeed
P1.SJVER.ESTE_1899-12-31T00:00:00_ws,p1.sjver.este,1899-12-31 00:00:00+00:00,0.0,m/s,WindSpeed,mongodb,WindSpeed
P1.SJVER.ESTE_1900-01-06T00:00:00_ws,p1.sjver.este,1900-01-06 00:00:00+00:00,0.0,m/s,WindSpeed,mongodb,WindSpeed
P1.SJVER.ESTE_1899-12-31T00:00:00_ws,p1.sjver.este,1899-12-31 00:00:00+00:00,0.0,m/s,WindSpeed,mongodb,WindSpeed
P1.SJVER.ESTE_1900-01-06T00:00:00_ws,p1.sjver.este,1900-01-06 00:00:00+00:00,0.0,m/s,WindSpeed,mongodb,WindSpeed
P1.SJVER.ESTE_1899-12-31T00:00:00_ws,p1.sjver.este,1899-12-31 00:00:00+00:00,0.0,m/s,WindSpeed,mongodb,WindSpeed
P1.SJVER.ESTE_1900-01-06T00:00:00_ws,p1.sjver.este,1900-01-06 00:00:00+00:00,0.0,m/s,WindSpeed,mongodb,WindSpeed
P1.SJVER.ESTE_1900-01-06T00:00:00_ws,p1.sjver.este,1900-01-06 00:00:00+00:00,0.0,m/s,WindSpeed,mongodb,WindSpeed
P1.SJVER.ESTE_1899-12-31T00:00:00_ws,p1.sjver.este,1899-12-31 00:00:00+00:00,0.0,m/s,WindSpeed,mongodb,WindSpeed
P1.SJVER.ESTE_1900-01-01T00:00:00_ws,p1.sjver.este,1900-01-01 00:00:00+00:00,0.5357749999999999,m/s,WindSpeed,mongodb,WindSpeed
P1.GRIJO.ESTE_1900-01-01T00:00:00_ws,p1.grijo.este,1900-01-01 00:00:00+00:00,1.0799999999999998,m/s,WindSpeed,mongodb,WindSpeed
P1.ASANTAS.ESTE_1900-01-06T00:00:00_ws,p1.asantas.este,1900-01-06 00:00:00+00:00,0.0,m/s,WindSpeed,mongodb,WindSpeed
P1.ASANTAS.ESTE_1899-12-31T00:00:00_ws,p1.asantas.este,1899-12-31 00:00:00+00:00,0.0,m/s,WindSpeed,mongodb,WindSpeed
P1.ASANTAS.ESTE_1900-01-06T00:00:00_ws,p1.asantas.este,1900-01-06 00:00:00+00:00,0.0,m/s,WindSpeed,mongodb,WindSpeed
P1.ASANTAS.ESTE_1899-12-31T00:00:00_ws,p1.asantas.este,1899-12-31 00:00:00+00:00,0.0,m/s,WindSpeed,mongodb,WindSpeed
P1.ASANTAS.ESTE_1900-01-06T00:00:00_ws,p1.asantas.este,1900-01-06 00:00:00+00:00,0.0,m/s,WindSpeed,mongodb,WindSpeed
P1.ASANTAS.ESTE_1899-12-31T00:00:00_ws,p1.asantas.este,1899-12-31 00:00:00+00:00,0.0,m/s,WindSpeed,mongodb,WindSpeed
P1.ASANTAS.ESTE_1900-01-06T00:00:00_ws,p1.asantas.este,1900-01-06 00:00:00+00:00,0.0,m/s,WindSpeed,mongodb,WindSpeed
P1.ASANTAS.ESTE_1899-12-31T00:00:00_ws,p1.asantas.este,1899-12-31 00:00:00+00:00,0.0,m/s,WindSpeed,mongodb,WindSpeed
P1.ASANTAS.ESTE_1900-01-06T00:00:00_ws,p1.asantas.este,1900-01-06 00:00:00+00:00,0.0,m/s,WindSpeed,mongodb,WindSpeed
P1.ASANTAS.ESTE_1899-12-31T00:00:00_ws,p1.asantas.este,1899-12-31 00:00:00+00:00,0.0,m/s,WindSpeed,mongodb,WindSpeed
P1.ASANTAS.ESTE_1900-01-06T00:00:00_ws,p1.asantas.este,1900-01-06 00:00:00+00:00,0.0,m/s,WindSpeed,mongodb,WindSpeed
P1.ASANTAS.ESTE_1899-12-31T00:00:00_ws,p1.asantas.este,1899-12-31 00:00:00+00:00,0.0,m/s,WindSpeed,mongodb,WindSpeed
P1.ASANTAS.ESTE_1900-01-06T00:00:00_ws,p1.asantas.este,1900-01-06 00:00:00+00:00,0.0,m/s,WindSpeed,mongodb,WindSpeed
P1.ASANTAS.ESTE_1899-12-31T00:00:00_ws,p1.asantas.este,1899-12-31 00:00:00+00:00,0.0,m/s,WindSpeed,mongodb,WindSpeed
P1.ASANTAS.ESTE_1900-01-06T00:00:00_ws,p1.asantas.este,1900-01-06 00:00:00+00:00,0.0,m/s,WindSpeed,mongodb,WindSpeed
P1.ASANTAS.ESTE_1899-12-31T00:00:00_ws,p1.asantas.este,1899-12-31 00:00:00+00:00,0.0,m/s,WindSpeed,mongodb,WindSpeed
P1.ASANTAS.ESTE_1900-01-06T00:00:00_ws,p1.asantas.este,1900-01-06 00:00:00+00:00,0.0,m/s,WindSpeed,mongodb,WindSpeed
P1.ASANTAS.ESTE_1899-12-31T00:00:00_ws,p1.asantas.este,1899-12-31 00:00:00+00:00,0.0,m/s,WindSpeed,mongodb,WindSpeed
P1.ASANTAS.ESTE_1900-01-06T00:00:00_ws,p1.asantas.este,1900-01-06 00:00:00+00:00,0.0,m/s,WindSpeed,mongodb,WindSpeed
P1.ASANTAS.ESTE_1899-12-31T00:00:00_ws,p1.asantas.este,1899-12-31 00:00:00+00:00,0.0,m/s,WindSpeed,mongodb,WindSpeed
P1.ASANTAS.ESTE_1900-01-06T00:00:00_ws,p1.asantas.este,1900-01-06 00:00:00+00:00,0.0,m/s,WindSpeed,mongodb,WindSpeed
P1.ASANTAS.ESTE_1899-12-31T00:00:00_ws,p1.asantas.este,1899-12-31 00:00:00+00:00,0.0,m/s,WindSpeed,mongodb,WindSpeed
