station,collection,year,%_days_with_any_data,%_days_meeting_threshold
a1.este.rmeao.2018,Benzene,2018,12.602739726027398,10.136986301369863
a1.este.rmeao.2018,CO,2018,13.698630136986301,11.506849315068493
a1.este.rmeao.2018,NO,2018,13.698630136986301,11.506849315068493
a1.este.rmeao.2018,NO2,2018,13.698630136986301,11.506849315068493
a1.este.rmeao.2018,NOx,2018,13.698630136986301,11.506849315068493
a1.este.rmeao.2018,PM10,2018,13.150684931506849,10.41095890410959
a1.este.rmeao.2018,Precipitation,2018,14.246575342465754,12.602739726027398
a1.este.rmeao.2018,Radiation,2018,14.246575342465754,12.602739726027398
a1.este.rmeao.2018,WindDirection,2018,14.246575342465754,12.602739726027398
a1.este.rmeao.2018,WindSpeed,2018,14.246575342465754,12.602739726027398
a1.este.rmeão.2018,Benzene,2018,12.602739726027398,10.136986301369863
a1.este.rmeão.2018,CO,2018,13.698630136986301,11.506849315068493
a1.este.rmeão.2018,NO,2018,13.698630136986301,11.506849315068493
a1.este.rmeão.2018,NO2,2018,13.698630136986301,11.506849315068493
a1.este.rmeão.2018,NOx,2018,13.698630136986301,11.506849315068493
a1.este.rmeão.2018,PM10,2018,13.150684931506849,10.41095890410959
a1.este.rmeão.2018,Precipitation,2018,14.246575342465754,12.602739726027398
a1.este.rmeão.2018,Radiation,2018,14.246575342465754,12.602739726027398
a1.este.rmeão.2018,WindDirection,2018,14.246575342465754,12.602739726027398
a1.este.rmeão.2018,WindSpeed,2018,14.246575342465754,12.602739726027398
a1.oeste.rmeao.2018,Benzene,2018,16.164383561643834,14.520547945205479
a1.oeste.rmeao.2018,CO,2018,16.438356164383563,14.520547945205479
a1.oeste.rmeao.2018,NO,2018,16.438356164383563,14.246575342465754
a1.oeste.rmeao.2018,NO2,2018,16.438356164383563,14.246575342465754
a1.oeste.rmeao.2018,NOx,2018,16.438356164383563,14.246575342465754
a1.oeste.rmeao.2018,PM10,2018,16.438356164383563,14.520547945205479
a1.oeste.rmeao.2018,Precipitation,2018,16.438356164383563,14.520547945205479
a1.oeste.rmeao.2018,Radiation,2018,16.438356164383563,14.520547945205479
a1.oeste.rmeao.2018,WindDirection,2018,16.438356164383563,14.520547945205479
a1.oeste.rmeao.2018,WindSpeed,2018,16.438356164383563,14.520547945205479
a1.oeste.rmeão.2018,Benzene,2018,16.164383561643834,14.520547945205479
a1.oeste.rmeão.2018,CO,2018,16.438356164383563,14.520547945205479
a1.oeste.rmeão.2018,NO,2018,16.438356164383563,14.246575342465754
a1.oeste.rmeão.2018,NO2,2018,16.438356164383563,14.246575342465754
a1.oeste.rmeão.2018,NOx,2018,16.438356164383563,14.246575342465754
a1.oeste.rmeão.2018,PM10,2018,16.438356164383563,14.520547945205479
a1.oeste.rmeão.2018,Precipitation,2018,16.438356164383563,14.520547945205479
a1.oeste.rmeão.2018,Radiation,2018,16.438356164383563,14.520547945205479
a1.oeste.rmeão.2018,WindDirection,2018,16.438356164383563,14.520547945205479
a1.oeste.rmeão.2018,WindSpeed,2018,16.438356164383563,14.520547945205479
a1.povoa.santarem.2015,CO,2015,18.08219178082192,15.89041095890411
a1.povoa.santarem.2015,NO,2015,18.08219178082192,15.89041095890411
a1.povoa.santarem.2015,NO2,2015,18.08219178082192,15.89041095890411
a1.povoa.santarem.2015,NOx,2015,18.08219178082192,15.89041095890411
a1.povoa.santarem.2015,PM10,2015,17.26027397260274,15.068493150684931
a1.povoa.santarem.2015,PM25,2015,17.26027397260274,15.068493150684931
a1.povoa.santarem.2015,Particles,2015,17.26027397260274,15.068493150684931
a1.povoa.santarem.2015,Precipitation,2015,18.08219178082192,15.89041095890411
a1.povoa.santarem.2015,WindDirection,2015,18.08219178082192,15.89041095890411
a1.povoa.santarem.2015,WindSpeed,2015,18.08219178082192,15.89041095890411
a1.v.andorinho.2018,CO,2018,17.80821917808219,15.616438356164384
a1.v.andorinho.2018,NO,2018,18.63013698630137,16.164383561643834
a1.v.andorinho.2018,NO2,2018,18.63013698630137,16.164383561643834
a1.v.andorinho.2018,NOx,2018,18.63013698630137,16.164383561643834
a1.v.andorinho.2018,PM10,2018,18.63013698630137,16.164383561643834
a1.v.andorinho.2018,Precipitation,2018,18.356164383561644,16.164383561643834
a1.v.andorinho.2018,Radiation,2018,18.356164383561644,16.164383561643834
a1.v.andorinho.2018,WindDirection,2018,18.356164383561644,16.164383561643834
a1.v.andorinho.2018,WindSpeed,2018,18.356164383561644,16.164383561643834
a1.varzea.2015,CO,2015,17.534246575342465,15.342465753424657
a1.varzea.2015,NO,2015,17.534246575342465,15.342465753424657
a1.varzea.2015,NO2,2015,17.534246575342465,15.342465753424657
a1.varzea.2015,NOx,2015,17.534246575342465,15.342465753424657
a1.varzea.2015,PM10,2015,17.534246575342465,15.342465753424657
a1.varzea.2015,PM25,2015,17.534246575342465,15.342465753424657
a1.varzea.2015,Particles,2015,17.534246575342465,15.342465753424657
a1.varzea.2015,Precipitation,2015,17.534246575342465,15.342465753424657
a1.varzea.2015,WindDirection,2015,17.534246575342465,15.342465753424657
a1.varzea.2015,WindSpeed,2015,17.534246575342465,15.342465753424657
a10.benavente.2014,Benzene,2014,17.534246575342465,15.342465753424657
a10.benavente.2014,CO,2014,17.534246575342465,15.342465753424657
a10.benavente.2014,NO,2014,17.534246575342465,15.342465753424657
a10.benavente.2014,NO2,2014,17.534246575342465,15.342465753424657
a10.benavente.2014,NOx,2014,17.534246575342465,15.342465753424657
a10.benavente.2014,PM10,2014,17.534246575342465,15.342465753424657
a10.benavente.2014,Precipitation,2014,17.534246575342465,15.342465753424657
a10.benavente.2014,Radiation,2014,17.534246575342465,15.342465753424657
a10.benavente.2014,Toluene,2014,17.534246575342465,15.342465753424657
a10.benavente.2014,WindDirection,2014,17.534246575342465,15.342465753424657
a10.benavente.2014,WindSpeed,2014,17.534246575342465,15.342465753424657
a10.benavente.2014,Xylenes,2014,17.534246575342465,15.342465753424657
a10.benavente.pk33+000.2019,Benzene,2019,18.356164383561644,15.89041095890411
a10.benavente.pk33+000.2019,CO,2019,19.726027397260275,17.26027397260274
a10.benavente.pk33+000.2019,NO,2019,19.726027397260275,17.26027397260274
a10.benavente.pk33+000.2019,NO2,2019,19.726027397260275,17.26027397260274
a10.benavente.pk33+000.2019,NOx,2019,19.726027397260275,17.26027397260274
a10.benavente.pk33+000.2019,PM10,2019,19.45205479452055,17.534246575342465
a10.benavente.pk33+000.2019,Precipitation,2019,19.726027397260275,17.26027397260274
a10.benavente.pk33+000.2019,Radiation,2019,10.684931506849315,9.58904109589041
a10.benavente.pk33+000.2019,WindDirection,2019,19.726027397260275,17.26027397260274
a10.benavente.pk33+000.2019,WindSpeed,2019,19.726027397260275,17.26027397260274
a11.braga.2019,CO,2020,11.475409836065573,10.382513661202186
a11.braga.2019,NO,2020,11.475409836065573,10.382513661202186
a11.braga.2019,NO2,2020,11.475409836065573,10.382513661202186
a11.braga.2019,NOx,2020,11.475409836065573,10.382513661202186
a11.braga.2019,Precipitation,2020,11.475409836065573,10.382513661202186
a11.braga.2019,Radiation,2020,11.475409836065573,10.382513661202186
a11.braga.2019,WindDirection,2020,11.475409836065573,10.382513661202186
a11.braga.2019,WindSpeed,2020,11.475409836065573,10.382513661202186
a11.silvares.2014,CO,2014,17.534246575342465,15.342465753424657
a11.silvares.2014,NO,2014,17.534246575342465,15.342465753424657
a11.silvares.2014,NO2,2014,17.534246575342465,15.342465753424657
a11.silvares.2014,NOx,2014,17.534246575342465,15.342465753424657
a11.silvares.2014,PM10,2014,17.534246575342465,15.342465753424657
a11.silvares.2014,PM25,2014,17.534246575342465,15.342465753424657
a11.silvares.2014,Particles,2014,17.534246575342465,15.342465753424657
a11.silvares.2014,Precipitation,2014,15.89041095890411,13.424657534246576
a11.silvares.2014,WindDirection,2014,17.26027397260274,15.342465753424657
a11.silvares.2014,WindSpeed,2014,17.26027397260274,15.342465753424657
a13. monforte.2020,CO,2021,13.698630136986301,12.32876712328767
a13. monforte.2020,NO,2021,13.698630136986301,12.32876712328767
a13. monforte.2020,NO2,2021,13.698630136986301,12.32876712328767
a13. monforte.2020,NOx,2021,13.698630136986301,12.32876712328767
a13. monforte.2020,Precipitation,2021,13.698630136986301,12.32876712328767
a13. monforte.2020,Radiation,2021,13.698630136986301,12.32876712328767
a13. monforte.2020,WindDirection,2021,13.698630136986301,12.32876712328767
a13. monforte.2020,WindSpeed,2021,13.698630136986301,12.32876712328767
a13.abelheira.2020,CO,2021,12.602739726027398,11.232876712328768
a13.abelheira.2020,NO,2021,12.602739726027398,11.232876712328768
a13.abelheira.2020,NO2,2021,12.602739726027398,11.232876712328768
a13.abelheira.2020,NOx,2021,12.602739726027398,11.232876712328768
a13.abelheira.2020,Precipitation,2021,12.602739726027398,11.232876712328768
a13.abelheira.2020,Radiation,2021,12.602739726027398,11.232876712328768
a13.abelheira.2020,WindDirection,2021,12.602739726027398,11.232876712328768
a13.abelheira.2020,WindSpeed,2021,12.602739726027398,11.232876712328768
a13.asseiceira.2020,CO,2021,10.41095890410959,9.04109589041096
a13.asseiceira.2020,NO,2021,10.41095890410959,9.04109589041096
a13.asseiceira.2020,NO2,2021,10.41095890410959,9.04109589041096
a13.asseiceira.2020,NOx,2021,10.41095890410959,9.04109589041096
a13.asseiceira.2020,Precipitation,2021,10.41095890410959,9.04109589041096
a13.asseiceira.2020,Radiation,2021,10.41095890410959,9.04109589041096
a13.asseiceira.2020,WindDirection,2021,10.41095890410959,9.04109589041096
a13.asseiceira.2020,WindSpeed,2021,10.41095890410959,9.04109589041096
a13_pk52+500,CO,2012,13.387978142076502,11.748633879781421
a13_pk52+500,NO,2012,13.387978142076502,11.748633879781421
a13_pk52+500,NO2,2012,13.387978142076502,11.748633879781421
a13_pk52+500,NOx,2012,13.387978142076502,11.748633879781421
a13_pk52+500,PM10,2012,15.027322404371585,13.387978142076502
a13_pk52+500,Precipitation,2012,15.573770491803279,13.934426229508198
a13_pk52+500,WindDirection,2012,15.573770491803279,13.934426229508198
a13_pk52+500,WindSpeed,2012,15.573770491803279,13.934426229508198
a13_pk62+300,CO,2012,12.841530054644808,11.475409836065573
a13_pk62+300,NO,2012,13.934426229508198,12.295081967213115
a13_pk62+300,NO2,2012,13.934426229508198,12.295081967213115
a13_pk62+300,NOx,2012,13.934426229508198,12.295081967213115
a13_pk62+300,PM10,2012,13.934426229508198,12.021857923497267
a13_pk62+300,Precipitation,2012,13.934426229508198,12.295081967213115
a13_pk62+300,WindDirection,2012,13.934426229508198,12.295081967213115
a13_pk62+300,WindSpeed,2012,13.934426229508198,12.295081967213115
a16.alcabideche.2019,CO,2020,14.207650273224044,12.841530054644808
a16.alcabideche.2019,NO,2020,14.207650273224044,12.841530054644808
a16.alcabideche.2019,NO2,2020,14.207650273224044,12.841530054644808
a16.alcabideche.2019,NOx,2020,14.207650273224044,12.841530054644808
a16.alcabideche.2019,Precipitation,2020,10.92896174863388,9.836065573770492
a16.alcabideche.2019,WindDirection,2020,14.207650273224044,12.841530054644808
a16.alcabideche.2019,WindSpeed,2020,14.207650273224044,12.841530054644808
a1_povoa de santarem_pk69+200.2020,CO,2020,21.311475409836067,19.398907103825138
a1_povoa de santarem_pk69+200.2020,NO,2020,21.311475409836067,19.398907103825138
a1_povoa de santarem_pk69+200.2020,NO2,2020,21.311475409836067,19.398907103825138
a1_povoa de santarem_pk69+200.2020,NOx,2020,21.311475409836067,19.398907103825138
a1_povoa de santarem_pk69+200.2020,Precipitation,2020,20.76502732240437,18.579234972677597
a1_povoa de santarem_pk69+200.2020,Radiation,2020,20.76502732240437,18.579234972677597
a1_povoa de santarem_pk69+200.2020,WindDirection,2020,21.311475409836067,19.398907103825138
a1_povoa de santarem_pk69+200.2020,WindSpeed,2020,21.311475409836067,19.398907103825138
a1_póvoa de santarem_pk69+200.2020,CO,2020,21.311475409836067,19.398907103825138
a1_póvoa de santarem_pk69+200.2020,NO,2020,21.311475409836067,19.398907103825138
a1_póvoa de santarem_pk69+200.2020,NO2,2020,21.311475409836067,19.398907103825138
a1_póvoa de santarem_pk69+200.2020,NOx,2020,21.311475409836067,19.398907103825138
a1_póvoa de santarem_pk69+200.2020,Precipitation,2020,20.76502732240437,18.579234972677597
a1_póvoa de santarem_pk69+200.2020,Radiation,2020,20.76502732240437,18.579234972677597
a1_póvoa de santarem_pk69+200.2020,WindDirection,2020,21.311475409836067,19.398907103825138
a1_póvoa de santarem_pk69+200.2020,WindSpeed,2020,21.311475409836067,19.398907103825138
a1_varzea_pk65+450.2020,CO,2020,19.398907103825138,17.21311475409836
a1_varzea_pk65+450.2020,NO,2020,18.852459016393443,16.39344262295082
a1_varzea_pk65+450.2020,NO2,2020,18.852459016393443,16.39344262295082
a1_varzea_pk65+450.2020,NOx,2020,18.852459016393443,16.39344262295082
a1_varzea_pk65+450.2020,Precipitation,2020,16.939890710382514,15.027322404371585
a1_varzea_pk65+450.2020,Radiation,2020,16.939890710382514,15.027322404371585
a1_varzea_pk65+450.2020,WindDirection,2020,21.038251366120218,18.579234972677597
a1_varzea_pk65+450.2020,WindSpeed,2020,21.038251366120218,18.579234972677597
a24.fortunho.2017,Benzene,2017,17.26027397260274,15.342465753424657
a24.fortunho.2017,CO,2017,17.534246575342465,15.342465753424657
a24.fortunho.2017,NO,2017,17.534246575342465,15.342465753424657
a24.fortunho.2017,NO2,2017,17.534246575342465,15.342465753424657
a24.fortunho.2017,NOx,2017,17.534246575342465,15.342465753424657
a24.fortunho.2017,PM10,2017,17.534246575342465,15.342465753424657
a24.fortunho.2017,Precipitation,2017,17.534246575342465,15.342465753424657
a24.fortunho.2017,SO2,2017,17.534246575342465,15.068493150684931
a24.fortunho.2017,WindDirection,2017,17.534246575342465,15.342465753424657
a24.fortunho.2017,WindSpeed,2017,17.534246575342465,15.342465753424657
a29.2014,CO,2014,17.534246575342465,15.068493150684931
a29.2014,NO,2014,17.534246575342465,15.068493150684931
a29.2014,NO2,2014,17.534246575342465,15.068493150684931
a29.2014,NOx,2014,17.534246575342465,15.068493150684931
a29.2014,PM10,2014,17.534246575342465,15.068493150684931
a29.2014,PM25,2014,17.534246575342465,15.068493150684931
a29.2014,Particles,2014,17.534246575342465,15.068493150684931
a29.2014,Precipitation,2014,13.424657534246576,11.232876712328768
a29.2014,Temperature,2014,17.534246575342465,15.068493150684931
a29.2014,WindDirection,2014,17.534246575342465,15.068493150684931
a29.2014,WindSpeed,2014,17.534246575342465,15.068493150684931
a29.arcozelo.2018,CO,2018,15.342465753424657,13.424657534246576
a29.arcozelo.2018,NO,2018,15.89041095890411,13.972602739726028
a29.arcozelo.2018,NO2,2018,15.89041095890411,13.972602739726028
a29.arcozelo.2018,NOx,2018,15.89041095890411,13.972602739726028
a29.arcozelo.2018,Precipitation,2018,15.89041095890411,13.972602739726028
a29.arcozelo.2018,WindDirection,2018,15.89041095890411,13.972602739726028
a29.arcozelo.2018,WindSpeed,2018,15.89041095890411,13.972602739726028
a29.arcozelo.2020,CO,2021,12.054794520547945,10.41095890410959
a29.arcozelo.2020,NO,2021,12.054794520547945,10.41095890410959
a29.arcozelo.2020,NO2,2021,12.054794520547945,10.41095890410959
a29.arcozelo.2020,NOx,2021,12.054794520547945,10.41095890410959
a29.arcozelo.2020,Precipitation,2021,12.054794520547945,10.41095890410959
a29.arcozelo.2020,Radiation,2021,12.054794520547945,10.41095890410959
a29.arcozelo.2020,WindDirection,2021,12.054794520547945,10.41095890410959
a29.arcozelo.2020,WindSpeed,2021,12.054794520547945,10.41095890410959
a29.canelas.2019,Precipitation,2020,10.92896174863388,9.562841530054644
a29.canelas.2019,Radiation,2020,10.92896174863388,9.562841530054644
a29.canelas.2019,WindDirection,2020,10.92896174863388,9.562841530054644
a29.canelas.2019,WindSpeed,2020,10.92896174863388,9.562841530054644
a29.v.paraiso.2016,Benzene,2016,13.114754098360656,11.475409836065573
a29.v.paraiso.2016,CO,2016,14.754098360655737,13.114754098360656
a29.v.paraiso.2016,NO,2016,12.021857923497267,10.655737704918034
a29.v.paraiso.2016,NO2,2016,12.021857923497267,10.655737704918034
a29.v.paraiso.2016,NOx,2016,12.021857923497267,10.655737704918034
a29.v.paraiso.2016,PM10,2016,13.66120218579235,12.021857923497267
a29.v.paraiso.2016,PM25,2016,15.300546448087431,13.387978142076502
a29.v.paraiso.2016,Particles,2016,15.300546448087431,13.387978142076502
a29.v.paraiso.2016,Precipitation,2016,16.939890710382514,15.027322404371585
a29.v.paraiso.2016,Temperature,2016,16.939890710382514,15.027322404371585
a29.v.paraiso.2016,WindDirection,2016,16.939890710382514,15.027322404371585
a29.v.paraiso.2016,WindSpeed,2016,16.939890710382514,15.027322404371585
a2_gomes.aires_portagem.2019,Benzene,2019,19.17808219178082,16.986301369863014
a2_gomes.aires_portagem.2019,CO,2019,19.17808219178082,16.986301369863014
a2_gomes.aires_portagem.2019,NO,2019,19.17808219178082,16.986301369863014
a2_gomes.aires_portagem.2019,NO2,2019,19.17808219178082,16.986301369863014
a2_gomes.aires_portagem.2019,NOx,2019,19.17808219178082,16.986301369863014
a2_gomes.aires_portagem.2019,O3,2019,18.63013698630137,16.438356164383563
a2_gomes.aires_portagem.2019,PM10,2019,19.17808219178082,16.986301369863014
a2_gomes.aires_portagem.2019,Precipitation,2019,19.17808219178082,16.986301369863014
a2_gomes.aires_portagem.2019,WindDirection,2019,19.17808219178082,16.986301369863014
a2_gomes.aires_portagem.2019,WindSpeed,2019,19.17808219178082,16.986301369863014
a2_paderne,Benzene,2017,18.63013698630137,16.438356164383563
a2_paderne,Benzene,2022,20.273972602739725,17.80821917808219
a2_paderne,CO,2017,18.63013698630137,16.438356164383563
a2_paderne,CO,2022,20.273972602739725,17.80821917808219
a2_paderne,NO,2017,18.63013698630137,16.438356164383563
a2_paderne,NO,2022,20.273972602739725,17.80821917808219
a2_paderne,NO2,2017,18.63013698630137,16.438356164383563
a2_paderne,NO2,2022,20.273972602739725,17.80821917808219
a2_paderne,NOx,2017,18.63013698630137,16.438356164383563
a2_paderne,NOx,2022,20.273972602739725,17.80821917808219
a2_paderne,PM10,2017,17.80821917808219,15.616438356164384
a2_paderne,Precipitation,2017,18.356164383561644,16.438356164383563
a2_paderne,Precipitation,2022,20.273972602739725,17.534246575342465
a2_paderne,Radiation,2022,20.273972602739725,17.534246575342465
a2_paderne,WindDirection,2017,18.356164383561644,16.438356164383563
a2_paderne,WindDirection,2022,20.273972602739725,17.534246575342465
a2_paderne,WindSpeed,2017,18.356164383561644,16.438356164383563
a2_paderne,WindSpeed,2022,20.273972602739725,17.534246575342465
a2_palmela_pk32+700,CO,2020,18.306010928961747,16.120218579234972
a2_palmela_pk32+700,NO,2020,18.306010928961747,16.120218579234972
a2_palmela_pk32+700,NO2,2020,18.306010928961747,16.120218579234972
a2_palmela_pk32+700,NOx,2020,18.306010928961747,16.120218579234972
a2_palmela_pk32+700,Precipitation,2020,18.306010928961747,16.120218579234972
a2_palmela_pk32+700,Radiation,2020,15.846994535519126,14.207650273224044
a2_palmela_pk32+700,WindDirection,2020,18.306010928961747,16.120218579234972
a2_palmela_pk32+700,WindSpeed,2020,18.306010928961747,16.120218579234972
a2_pinhal de frades_pk16+500,CO,2020,17.759562841530055,15.573770491803279
a2_pinhal de frades_pk16+500,NO,2020,17.21311475409836,15.300546448087431
a2_pinhal de frades_pk16+500,NO2,2020,17.21311475409836,15.300546448087431
a2_pinhal de frades_pk16+500,NOx,2020,17.21311475409836,15.300546448087431
a2_pinhal de frades_pk16+500,Precipitation,2020,17.759562841530055,15.573770491803279
a2_pinhal de frades_pk16+500,Radiation,2020,12.841530054644808,9.836065573770492
a2_pinhal de frades_pk16+500,WindDirection,2020,17.759562841530055,15.573770491803279
a2_pinhal de frades_pk16+500,WindSpeed,2020,17.759562841530055,15.573770491803279
a3.aguas.santas.este.2013,CO,2012,17.759562841530055,15.573770491803279
a3.aguas.santas.este.2013,NO,2012,17.759562841530055,15.573770491803279
a3.aguas.santas.este.2013,NO2,2012,17.759562841530055,15.573770491803279
a3.aguas.santas.este.2013,NOx,2012,17.759562841530055,15.573770491803279
a3.aguas.santas.este.2013,PM10,2012,16.939890710382514,14.754098360655737
a3.aguas.santas.este.2013,Precipitation,2012,19.12568306010929,16.666666666666668
a3.aguas.santas.este.2013,WindDirection,2012,19.12568306010929,16.666666666666668
a3.aguas.santas.este.2013,WindSpeed,2012,19.12568306010929,16.666666666666668
a3.trofa.2014,CO,2014,17.534246575342465,15.342465753424657
a3.trofa.2014,NO2,2014,17.534246575342465,15.342465753424657
a3.trofa.2014,PM10,2014,17.534246575342465,15.342465753424657
a3.trofa.2014,Precipitation,2014,17.534246575342465,15.342465753424657
a3.trofa.2014,Radiation,2014,17.534246575342465,15.342465753424657
a3.trofa.2014,WindDirection,2014,17.534246575342465,15.342465753424657
a3.trofa.2014,WindSpeed,2014,17.534246575342465,15.342465753424657
a3.trofa.2019,Benzene,2019,18.63013698630137,16.164383561643834
a3.trofa.2019,CO,2019,18.904109589041095,15.89041095890411
a3.trofa.2019,NO,2019,18.904109589041095,16.164383561643834
a3.trofa.2019,NO2,2019,18.904109589041095,16.164383561643834
a3.trofa.2019,NOx,2019,18.904109589041095,16.164383561643834
a3.trofa.2019,PM10,2019,18.356164383561644,15.616438356164384
a3.trofa.2019,Precipitation,2019,18.904109589041095,16.438356164383563
a3.trofa.2019,Radiation,2019,13.424657534246576,11.780821917808218
a3.trofa.2019,Temperature,2019,18.904109589041095,16.438356164383563
a3.trofa.2019,WindDirection,2019,18.904109589041095,16.438356164383563
a3.trofa.2019,WindSpeed,2019,18.904109589041095,16.438356164383563
a32.canedo.2017,Benzene,2017,18.63013698630137,16.438356164383563
a32.canedo.2017,CO,2017,18.63013698630137,16.438356164383563
a32.canedo.2017,NO,2017,18.63013698630137,16.438356164383563
a32.canedo.2017,NO2,2017,18.63013698630137,16.438356164383563
a32.canedo.2017,NOx,2017,18.63013698630137,16.438356164383563
a32.canedo.2017,PM10,2017,18.63013698630137,16.438356164383563
a32.canedo.2017,Precipitation,2017,18.63013698630137,16.438356164383563
a32.canedo.2017,WindDirection,2017,18.63013698630137,16.438356164383563
a32.canedo.2017,WindSpeed,2017,18.63013698630137,16.438356164383563
a32.fagilde.2012,CO,2013,17.534246575342465,15.342465753424657
a32.fagilde.2012,NO,2013,17.534246575342465,15.342465753424657
a32.fagilde.2012,NO2,2013,17.534246575342465,15.342465753424657
a32.fagilde.2012,NOx,2013,17.534246575342465,15.342465753424657
a32.fagilde.2012,PM10,2013,17.26027397260274,15.068493150684931
a32.fagilde.2012,Precipitation,2013,16.986301369863014,14.520547945205479
a32.fagilde.2012,WindDirection,2013,19.45205479452055,16.986301369863014
a32.fagilde.2012,WindSpeed,2013,19.45205479452055,16.986301369863014
a32.seixo.alvo.2015,Benzene,2015,13.698630136986301,11.506849315068493
a32.seixo.alvo.2015,CO,2015,18.08219178082192,15.616438356164384
a32.seixo.alvo.2015,NO,2015,18.08219178082192,15.616438356164384
a32.seixo.alvo.2015,NO2,2015,18.08219178082192,15.616438356164384
a32.seixo.alvo.2015,NOx,2015,18.08219178082192,15.616438356164384
a32.seixo.alvo.2015,PM10,2015,18.08219178082192,15.342465753424657
a32.seixo.alvo.2015,Precipitation,2015,18.08219178082192,15.89041095890411
a32.seixo.alvo.2015,Radiation,2015,13.698630136986301,11.780821917808218
a32.seixo.alvo.2015,WindDirection,2015,18.08219178082192,15.89041095890411
a32.seixo.alvo.2015,WindSpeed,2015,18.08219178082192,15.89041095890411
a32.seixo.alvo.2017,Benzene,2017,11.780821917808218,10.136986301369863
a32.seixo.alvo.2017,CO,2017,13.698630136986301,12.054794520547945
a32.seixo.alvo.2017,NO,2017,13.698630136986301,12.054794520547945
a32.seixo.alvo.2017,NO2,2017,13.698630136986301,12.054794520547945
a32.seixo.alvo.2017,NOx,2017,13.698630136986301,12.054794520547945
a32.seixo.alvo.2017,PM10,2017,13.150684931506849,11.506849315068493
a32.seixo.alvo.2017,Precipitation,2017,13.424657534246576,12.054794520547945
a32.seixo.alvo.2017,WindDirection,2017,13.424657534246576,12.054794520547945
a32.seixo.alvo.2017,WindSpeed,2017,13.424657534246576,12.054794520547945
a4.guifoes.2016,Benzene,2016,13.66120218579235,12.021857923497267
a4.guifoes.2016,CO,2016,15.300546448087431,13.387978142076502
a4.guifoes.2016,NO,2016,13.66120218579235,12.021857923497267
a4.guifoes.2016,NO2,2016,13.66120218579235,12.021857923497267
a4.guifoes.2016,NOx,2016,13.66120218579235,12.021857923497267
a4.guifoes.2016,PM10,2016,15.300546448087431,13.387978142076502
a4.guifoes.2016,Particles,2016,15.573770491803279,13.387978142076502
a4.guifoes.2016,Precipitation,2016,15.846994535519126,13.934426229508198
a4.guifoes.2016,WindDirection,2016,16.120218579234972,14.207650273224044
a4.guifoes.2016,WindSpeed,2016,16.120218579234972,14.207650273224044
a4.guifoes.2018,CO,2018,15.342465753424657,13.424657534246576
a4.guifoes.2018,NO,2018,15.342465753424657,13.424657534246576
a4.guifoes.2018,NO2,2018,15.342465753424657,13.424657534246576
a4.guifoes.2018,NOx,2018,15.342465753424657,13.424657534246576
a4.guifoes.2018,PM10,2018,15.342465753424657,13.424657534246576
a4.guifoes.2018,Particles,2018,15.342465753424657,13.150684931506849
a4.guifoes.2018,Precipitation,2018,15.342465753424657,13.424657534246576
a4.guifoes.2018,Temperature,2018,15.342465753424657,13.424657534246576
a4.guifoes.2018,WindDirection,2018,15.342465753424657,13.424657534246576
a4.guifoes.2018,WindSpeed,2018,15.342465753424657,13.424657534246576
a4.guifoes.2020,CO,2021,13.150684931506849,11.780821917808218
a4.guifoes.2020,NO,2021,13.150684931506849,11.780821917808218
a4.guifoes.2020,NO2,2021,13.150684931506849,11.780821917808218
a4.guifoes.2020,NOx,2021,13.150684931506849,11.780821917808218
a4.guifoes.2020,Precipitation,2021,13.150684931506849,11.780821917808218
a4.guifoes.2020,Radiation,2021,13.150684931506849,11.780821917808218
a4.guifoes.2020,WindDirection,2021,13.150684931506849,11.780821917808218
a4.guifoes.2020,WindSpeed,2021,13.150684931506849,11.780821917808218
a4.guifões.2016,Benzene,2016,13.66120218579235,12.021857923497267
a4.guifões.2016,CO,2016,15.300546448087431,13.387978142076502
a4.guifões.2016,NO,2016,13.66120218579235,12.021857923497267
a4.guifões.2016,NO2,2016,13.66120218579235,12.021857923497267
a4.guifões.2016,NOx,2016,13.66120218579235,12.021857923497267
a4.guifões.2016,PM10,2016,15.300546448087431,13.387978142076502
a4.guifões.2016,PM25,2016,15.573770491803279,13.387978142076502
a4.guifões.2016,Particles,2016,15.573770491803279,13.387978142076502
a4.guifões.2016,Precipitation,2016,15.846994535519126,13.934426229508198
a4.guifões.2016,WindDirection,2016,16.120218579234972,14.207650273224044
a4.guifões.2016,WindSpeed,2016,16.120218579234972,14.207650273224044
a4.guifões.2018,CO,2018,15.342465753424657,13.424657534246576
a4.guifões.2018,NO,2018,15.342465753424657,13.424657534246576
a4.guifões.2018,NO2,2018,15.342465753424657,13.424657534246576
a4.guifões.2018,NOx,2018,15.342465753424657,13.424657534246576
a4.guifões.2018,PM10,2018,15.342465753424657,13.424657534246576
a4.guifões.2018,PM25,2018,15.342465753424657,13.150684931506849
a4.guifões.2018,Particles,2018,15.342465753424657,13.150684931506849
a4.guifões.2018,Precipitation,2018,15.342465753424657,13.424657534246576
a4.guifões.2018,Temperature,2018,15.342465753424657,13.424657534246576
a4.guifões.2018,WindDirection,2018,15.342465753424657,13.424657534246576
a4.guifões.2018,WindSpeed,2018,15.342465753424657,13.424657534246576
a4.guifões.2020,CO,2021,13.150684931506849,11.780821917808218
a4.guifões.2020,NO,2021,13.150684931506849,11.780821917808218
a4.guifões.2020,NO2,2021,13.150684931506849,11.780821917808218
a4.guifões.2020,NOx,2021,13.150684931506849,11.780821917808218
a4.guifões.2020,Precipitation,2021,13.150684931506849,11.780821917808218
a4.guifões.2020,Radiation,2021,13.150684931506849,11.780821917808218
a4.guifões.2020,WindDirection,2021,13.150684931506849,11.780821917808218
a4.guifões.2020,WindSpeed,2021,13.150684931506849,11.780821917808218
a4.padronelo.2012,CO,2012,17.21311475409836,15.300546448087431
a4.padronelo.2012,NO,2012,17.21311475409836,15.300546448087431
a4.padronelo.2012,NO2,2012,17.21311475409836,15.300546448087431
a4.padronelo.2012,NOx,2012,17.21311475409836,15.300546448087431
a4.padronelo.2012,PM10,2012,17.21311475409836,15.300546448087431
a4.padronelo.2012,Precipitation,2012,17.21311475409836,15.300546448087431
a4.padronelo.2012,WindDirection,2012,17.21311475409836,15.300546448087431
a4.padronelo.2012,WindSpeed,2012,17.21311475409836,15.300546448087431
a42.sousela.2018,CO,2018,18.63013698630137,16.71232876712329
a42.sousela.2018,NO,2018,17.80821917808219,15.616438356164384
a42.sousela.2018,NO2,2018,17.80821917808219,15.616438356164384
a42.sousela.2018,NOx,2018,17.80821917808219,15.616438356164384
a42.sousela.2018,Precipitation,2018,18.63013698630137,16.71232876712329
a42.sousela.2018,WindDirection,2018,18.63013698630137,16.71232876712329
a42.sousela.2018,WindSpeed,2018,18.63013698630137,16.71232876712329
a44.2014,CO,2014,17.534246575342465,15.342465753424657
a44.2014,NO,2014,17.534246575342465,15.342465753424657
a44.2014,NO2,2014,17.534246575342465,15.342465753424657
a44.2014,NOx,2014,17.534246575342465,15.342465753424657
a44.2014,PM10,2014,17.534246575342465,15.342465753424657
a44.2014,PM25,2014,17.534246575342465,15.342465753424657
a44.2014,Particles,2014,17.534246575342465,15.342465753424657
a44.2014,Precipitation,2014,12.602739726027398,10.41095890410959
a44.2014,WindDirection,2014,17.534246575342465,15.068493150684931
a44.2014,WindSpeed,2014,17.534246575342465,15.068493150684931
a5_alcabideche,CO,2020,19.12568306010929,16.939890710382514
a5_alcabideche,NO,2020,19.12568306010929,16.666666666666668
a5_alcabideche,NO2,2020,19.12568306010929,16.666666666666668
a5_alcabideche,NOx,2020,19.12568306010929,16.666666666666668
a5_alcabideche,Precipitation,2020,15.027322404371585,13.387978142076502
a5_alcabideche,Radiation,2020,12.841530054644808,11.475409836065573
a5_alcabideche,WindDirection,2020,19.12568306010929,16.939890710382514
a5_alcabideche,WindSpeed,2020,19.12568306010929,16.939890710382514
a5_pk17+200_caparide,CO,2020,18.0327868852459,15.846994535519126
a5_pk17+200_caparide,NO,2020,17.48633879781421,15.573770491803279
a5_pk17+200_caparide,NO2,2020,17.48633879781421,15.573770491803279
a5_pk17+200_caparide,NOx,2020,17.48633879781421,15.573770491803279
a5_pk17+200_caparide,Precipitation,2020,15.846994535519126,13.934426229508198
a5_pk17+200_caparide,Radiation,2020,14.207650273224044,12.021857923497267
a5_pk17+200_caparide,WindDirection,2020,18.0327868852459,15.846994535519126
a5_pk17+200_caparide,WindSpeed,2020,18.0327868852459,15.846994535519126
a8.flamenga.2016,Benzene,2016,17.21311475409836,15.027322404371585
a8.flamenga.2016,CO,2016,17.759562841530055,15.573770491803279
a8.flamenga.2016,NO,2016,17.759562841530055,15.573770491803279
a8.flamenga.2016,NO2,2016,17.759562841530055,15.573770491803279
a8.flamenga.2016,NOx,2016,17.759562841530055,15.573770491803279
a8.flamenga.2016,PM10,2016,17.759562841530055,15.573770491803279
a8.flamenga.2016,PM25,2016,17.759562841530055,15.573770491803279
a8.flamenga.2016,Particles,2016,17.759562841530055,15.573770491803279
a8.flamenga.2016,Precipitation,2016,17.759562841530055,15.573770491803279
a8.flamenga.2016,WindDirection,2016,17.759562841530055,15.573770491803279
a8.flamenga.2016,WindSpeed,2016,17.759562841530055,15.573770491803279
a8.frielas.2015,CO,2015,16.164383561643834,13.424657534246576
a8.frielas.2015,NO,2015,16.164383561643834,13.424657534246576
a8.frielas.2015,NO2,2015,16.164383561643834,13.424657534246576
a8.frielas.2015,NOx,2015,16.164383561643834,13.424657534246576
a8.frielas.2015,PM10,2015,13.972602739726028,11.506849315068493
a8.frielas.2015,PM25,2015,13.972602739726028,11.506849315068493
a8.frielas.2015,Particles,2015,13.972602739726028,11.506849315068493
a8.frielas.2015,Precipitation,2015,16.164383561643834,13.424657534246576
a8.frielas.2015,WindDirection,2015,16.164383561643834,13.424657534246576
a8.frielas.2015,WindSpeed,2015,16.164383561643834,13.424657534246576
a8.frielas.2021,Benzene,2021,20.0,17.534246575342465
a8.frielas.2021,CO,2021,20.273972602739725,18.08219178082192
a8.frielas.2021,NO,2021,20.273972602739725,18.08219178082192
a8.frielas.2021,NO2,2021,20.273972602739725,18.08219178082192
a8.frielas.2021,NOx,2021,20.273972602739725,18.08219178082192
a8.frielas.2021,Precipitation,2021,20.273972602739725,18.08219178082192
a8.frielas.2021,Radiation,2021,20.273972602739725,18.08219178082192
a8.frielas.2021,WindDirection,2021,20.273972602739725,18.08219178082192
a8.frielas.2021,WindSpeed,2021,20.273972602739725,18.08219178082192
a8.loures.2015,CO,2015,17.534246575342465,15.342465753424657
a8.loures.2015,NO,2015,17.534246575342465,15.342465753424657
a8.loures.2015,NO2,2015,17.534246575342465,15.342465753424657
a8.loures.2015,NOx,2015,17.534246575342465,15.342465753424657
a8.loures.2015,PM10,2015,15.342465753424657,13.424657534246576
a8.loures.2015,PM25,2015,15.342465753424657,13.424657534246576
a8.loures.2015,Particles,2015,15.342465753424657,13.424657534246576
a8.loures.2015,Precipitation,2015,17.80821917808219,15.342465753424657
a8.loures.2015,WindDirection,2015,17.534246575342465,15.342465753424657
a8.loures.2015,WindSpeed,2015,17.80821917808219,15.342465753424657
a8.montachique.2015,CO,2015,18.356164383561644,16.164383561643834
a8.montachique.2015,NO,2015,18.356164383561644,16.164383561643834
a8.montachique.2015,NO2,2015,18.356164383561644,16.164383561643834
a8.montachique.2015,NOx,2015,18.356164383561644,16.164383561643834
a8.montachique.2015,O3,2015,18.356164383561644,16.164383561643834
a8.montachique.2015,PM10,2015,15.89041095890411,14.246575342465754
a8.montachique.2015,PM25,2015,15.89041095890411,14.246575342465754
a8.montachique.2015,Particles,2015,15.89041095890411,14.246575342465754
a8.montachique.2015,Precipitation,2015,18.08219178082192,16.164383561643834
a8.montachique.2015,SO2,2015,18.356164383561644,16.164383561643834
a8.montachique.2015,WindDirection,2015,18.08219178082192,16.164383561643834
a8.montachique.2015,WindSpeed,2015,18.08219178082192,16.164383561643834
a8.montachique.2016,Benzene,2016,17.48633879781421,15.300546448087431
a8.montachique.2016,CO,2016,17.48633879781421,15.300546448087431
a8.montachique.2016,NO,2016,17.21311475409836,15.300546448087431
a8.montachique.2016,NO2,2016,17.21311475409836,15.300546448087431
a8.montachique.2016,NOx,2016,17.21311475409836,15.300546448087431
a8.montachique.2016,PM10,2016,17.48633879781421,15.300546448087431
a8.montachique.2016,PM25,2016,17.48633879781421,15.300546448087431
a8.montachique.2016,Particles,2016,17.48633879781421,15.300546448087431
a8.montachique.2016,Precipitation,2016,17.48633879781421,15.300546448087431
a8.montachique.2016,WindDirection,2016,17.48633879781421,15.300546448087431
a8.montachique.2016,WindSpeed,2016,17.48633879781421,15.300546448087431
a8.montachique.2021,Benzene,2021,17.26027397260274,14.794520547945206
a8.montachique.2021,CO,2021,17.80821917808219,15.616438356164384
a8.montachique.2021,NO,2021,17.80821917808219,15.616438356164384
a8.montachique.2021,NO2,2021,17.80821917808219,15.616438356164384
a8.montachique.2021,NOx,2021,17.80821917808219,15.616438356164384
a8.montachique.2021,Precipitation,2021,15.616438356164384,13.698630136986301
a8.montachique.2021,Radiation,2021,15.616438356164384,13.698630136986301
a8.montachique.2021,WindDirection,2021,17.80821917808219,15.616438356164384
a8.montachique.2021,WindSpeed,2021,17.80821917808219,15.616438356164384
braco.prata_lisboa.2022,Precipitation,2022,12.054794520547945,10.95890410958904
braco.prata_lisboa.2022,Radiation,2022,12.054794520547945,10.95890410958904
braco.prata_lisboa.2022,WindDirection,2022,12.054794520547945,10.95890410958904
braco.prata_lisboa.2022,WindSpeed,2022,12.054794520547945,10.95890410958904
braço.prata_lisboa.2022,Precipitation,2022,12.054794520547945,10.95890410958904
braço.prata_lisboa.2022,Radiation,2022,12.054794520547945,10.95890410958904
braço.prata_lisboa.2022,WindDirection,2022,12.054794520547945,10.95890410958904
braço.prata_lisboa.2022,WindSpeed,2022,12.054794520547945,10.95890410958904
casal do meio.2013,CO,2013,17.534246575342465,15.342465753424657
casal do meio.2013,NO,2013,17.534246575342465,15.342465753424657
casal do meio.2013,NO2,2013,17.534246575342465,15.342465753424657
casal do meio.2013,NOx,2013,17.534246575342465,15.342465753424657
casal do meio.2013,PM10,2013,17.534246575342465,15.342465753424657
casal do meio.2013,Precipitation,2013,16.438356164383563,14.520547945205479
casal do meio.2013,WindDirection,2013,16.71232876712329,14.246575342465754
casal do meio.2013,WindSpeed,2013,16.71232876712329,14.246575342465754
casal marra,Benzene,2018,18.356164383561644,15.89041095890411
casal marra,CO,2018,18.904109589041095,16.71232876712329
casal marra,NO,2018,18.904109589041095,16.71232876712329
casal marra,NO2,2018,18.904109589041095,16.71232876712329
casal marra,NOx,2018,18.904109589041095,16.71232876712329
casal marra,PM10,2018,18.08219178082192,16.438356164383563
casal marra,Temperature,2018,18.904109589041095,16.71232876712329
casal marra,WindDirection,2018,18.904109589041095,16.71232876712329
casal marra,WindSpeed,2018,18.904109589041095,16.71232876712329
casal meio,Benzene,2018,17.534246575342465,15.342465753424657
casal meio,CO,2018,18.08219178082192,15.89041095890411
casal meio,NO,2018,18.08219178082192,15.89041095890411
casal meio,NO2,2018,18.08219178082192,15.89041095890411
casal meio,NOx,2018,18.08219178082192,15.89041095890411
casal meio,PM10,2018,18.08219178082192,15.89041095890411
casal meio,Temperature,2018,18.08219178082192,15.89041095890411
casal meio,WindDirection,2018,18.08219178082192,15.89041095890411
casal meio,WindSpeed,2018,13.150684931506849,11.506849315068493
castelo.paiva_1.2018,Precipitation,2018,16.438356164383563,16.164383561643834
castelo.paiva_1.2018,Radiation,2018,16.438356164383563,16.164383561643834
castelo.paiva_1.2018,SO2,2018,15.89041095890411,15.068493150684931
castelo.paiva_1.2018,WindDirection,2018,16.438356164383563,16.164383561643834
castelo.paiva_1.2018,WindSpeed,2018,16.438356164383563,16.164383561643834
dados,Humidity,2013,98.35616438356165,97.8082191780822
dados,Humidity,2014,99.72602739726027,99.45205479452055
dados,Humidity,2015,90.68493150684931,87.12328767123287
dados,Humidity,2016,99.72677595628416,99.72677595628416
dados,Humidity,2017,100.0,100.0
dados,Humidity,2018,100.0,100.0
dados,Humidity,2019,99.72602739726027,99.72602739726027
dados,Precipitation,2013,98.35616438356165,97.8082191780822
dados,Precipitation,2014,99.72602739726027,99.45205479452055
dados,Precipitation,2015,90.68493150684931,87.12328767123287
dados,Precipitation,2016,99.72677595628416,99.72677595628416
dados,Precipitation,2017,100.0,100.0
dados,Precipitation,2018,100.0,100.0
dados,Precipitation,2019,99.72602739726027,99.72602739726027
dados,Radiation,2013,77.26027397260275,67.94520547945206
dados,Radiation,2014,81.36986301369863,78.08219178082192
dados,Radiation,2015,90.68493150684931,87.12328767123287
dados,Radiation,2016,99.72677595628416,99.72677595628416
dados,Radiation,2017,100.0,100.0
dados,Radiation,2018,100.0,100.0
dados,Radiation,2019,99.72602739726027,99.72602739726027
dados,Temperature,2013,98.35616438356165,97.8082191780822
dados,Temperature,2014,99.72602739726027,99.45205479452055
dados,Temperature,2015,90.68493150684931,87.12328767123287
dados,Temperature,2016,99.72677595628416,99.72677595628416
dados,Temperature,2017,100.0,100.0
dados,Temperature,2018,100.0,100.0
dados,Temperature,2019,99.72602739726027,99.72602739726027
dados,WindDirection,2013,98.35616438356165,97.8082191780822
dados,WindDirection,2014,99.72602739726027,99.45205479452055
dados,WindDirection,2015,90.68493150684931,87.12328767123287
dados,WindDirection,2016,99.72677595628416,99.72677595628416
dados,WindDirection,2017,100.0,100.0
dados,WindDirection,2018,100.0,100.0
dados,WindDirection,2019,99.72602739726027,99.72602739726027
dados,WindSpeed,2013,100.0,100.0
dados,WindSpeed,2014,99.72602739726027,99.45205479452055
dados,WindSpeed,2015,90.68493150684931,87.12328767123287
dados,WindSpeed,2016,99.72677595628416,99.72677595628416
dados,WindSpeed,2017,100.0,100.0
dados,WindSpeed,2018,100.0,100.0
dados,WindSpeed,2019,99.72602739726027,99.72602739726027
data,Humidity,2018,100.0,100.0
data,Precipitation,2018,100.0,100.0
data,Temperature,2018,100.0,100.0
data,WindDirection,2018,100.0,100.0
data,WindSpeed,2018,100.0,100.0
ffoz.2023,Benzene,2023,24.931506849315067,24.383561643835616
ffoz.2023,CO,2023,26.301369863013697,26.027397260273972
ffoz.2023,Humidity,2023,26.301369863013697,26.301369863013697
ffoz.2023,NO,2023,25.205479452054796,25.205479452054796
ffoz.2023,NO2,2023,25.205479452054796,25.205479452054796
ffoz.2023,NOx,2023,25.205479452054796,25.205479452054796
ffoz.2023,O3,2023,26.301369863013697,26.301369863013697
ffoz.2023,PM10,2023,24.65753424657534,24.65753424657534
ffoz.2023,PM25,2023,24.383561643835616,24.10958904109589
ffoz.2023,Particles,2023,24.383561643835616,24.10958904109589
ffoz.2023,Precipitation,2023,26.301369863013697,26.301369863013697
ffoz.2023,Radiation,2023,26.301369863013697,26.301369863013697
ffoz.2023,SO2,2023,26.301369863013697,26.027397260273972
ffoz.2023,Temperature,2023,26.301369863013697,26.301369863013697
ffoz.2023,WindDirection,2023,26.301369863013697,26.301369863013697
ffoz.2023,WindSpeed,2023,26.301369863013697,26.301369863013697
ffoz.2024,Benzene,2024,19.398907103825138,19.398907103825138
ffoz.2024,CO,2024,20.218579234972676,20.218579234972676
ffoz.2024,Humidity,2024,20.218579234972676,20.218579234972676
ffoz.2024,NO,2024,20.218579234972676,20.218579234972676
ffoz.2024,NO2,2024,20.218579234972676,20.218579234972676
ffoz.2024,NOx,2024,20.218579234972676,20.218579234972676
ffoz.2024,O3,2024,20.218579234972676,20.218579234972676
ffoz.2024,PM10,2024,19.94535519125683,19.94535519125683
ffoz.2024,PM25,2024,19.94535519125683,19.94535519125683
ffoz.2024,Particles,2024,19.94535519125683,19.94535519125683
ffoz.2024,Precipitation,2024,20.218579234972676,20.218579234972676
ffoz.2024,Radiation,2024,20.218579234972676,20.218579234972676
ffoz.2024,SO2,2024,20.218579234972676,20.218579234972676
ffoz.2024,Temperature,2024,20.218579234972676,20.218579234972676
ffoz.2024,WindDirection,2024,20.218579234972676,20.218579234972676
ffoz.2024,WindSpeed,2024,20.218579234972676,20.218579234972676
global_2006_2024,Humidity,2009,93.42465753424658,87.67123287671232
global_2006_2024,Humidity,2010,97.26027397260275,91.23287671232876
global_2006_2024,Humidity,2011,94.79452054794521,89.04109589041096
global_2006_2024,Humidity,2012,96.17486338797814,90.7103825136612
global_2006_2024,Humidity,2013,89.86301369863014,85.20547945205479
global_2006_2024,Humidity,2014,94.52054794520548,87.67123287671232
global_2006_2024,Humidity,2015,89.58904109589041,80.82191780821918
global_2006_2024,Humidity,2016,96.44808743169399,92.34972677595628
global_2006_2024,Humidity,2017,100.0,100.0
global_2006_2024,Humidity,2018,99.45205479452055,97.8082191780822
global_2006_2024,Humidity,2019,92.87671232876713,89.86301369863014
global_2006_2024,Humidity,2020,100.0,100.0
global_2006_2024,Humidity,2021,100.0,100.0
global_2006_2024,Humidity,2022,100.0,100.0
global_2006_2024,Humidity,2023,99.45205479452055,99.45205479452055
global_2006_2024,Humidity,2024,100.0,100.0
global_2006_2024,Temperature,2009,99.17808219178082,96.71232876712328
global_2006_2024,Temperature,2010,98.35616438356165,93.15068493150685
global_2006_2024,Temperature,2011,94.79452054794521,89.04109589041096
global_2006_2024,Temperature,2012,96.17486338797814,90.7103825136612
global_2006_2024,Temperature,2013,89.86301369863014,85.20547945205479
global_2006_2024,Temperature,2014,94.52054794520548,87.67123287671232
global_2006_2024,Temperature,2015,89.58904109589041,80.82191780821918
global_2006_2024,Temperature,2016,96.44808743169399,92.34972677595628
global_2006_2024,Temperature,2017,98.08219178082192,94.52054794520548
global_2006_2024,Temperature,2018,99.45205479452055,97.8082191780822
global_2006_2024,Temperature,2019,92.6027397260274,88.76712328767124
global_2006_2024,Temperature,2020,100.0,100.0
global_2006_2024,Temperature,2021,100.0,100.0
global_2006_2024,Temperature,2022,100.0,100.0
global_2006_2024,Temperature,2023,99.45205479452055,99.45205479452055
global_2006_2024,Temperature,2024,100.0,100.0
global_2006_2024,WindDirection,2007,100.0,99.17808219178082
global_2006_2024,WindDirection,2008,99.18032786885246,97.54098360655738
global_2006_2024,WindDirection,2009,99.17808219178082,96.71232876712328
global_2006_2024,WindDirection,2010,98.35616438356165,93.15068493150685
global_2006_2024,WindDirection,2011,94.79452054794521,89.04109589041096
global_2006_2024,WindDirection,2012,96.17486338797814,90.7103825136612
global_2006_2024,WindDirection,2013,89.86301369863014,85.75342465753425
global_2006_2024,WindDirection,2014,94.52054794520548,87.67123287671232
global_2006_2024,WindDirection,2015,88.76712328767124,80.27397260273973
global_2006_2024,WindDirection,2016,96.44808743169399,92.34972677595628
global_2006_2024,WindDirection,2017,98.08219178082192,94.52054794520548
global_2006_2024,WindDirection,2018,99.45205479452055,98.08219178082192
global_2006_2024,WindDirection,2019,88.4931506849315,83.01369863013699
global_2006_2024,WindDirection,2020,94.26229508196721,90.7103825136612
global_2006_2024,WindDirection,2021,96.16438356164383,92.05479452054794
global_2006_2024,WindDirection,2022,96.98630136986301,90.68493150684931
global_2006_2024,WindDirection,2023,91.78082191780823,85.47945205479452
global_2006_2024,WindDirection,2024,89.07103825136612,79.50819672131148
global_2006_2024,WindSpeed,2007,100.0,99.17808219178082
global_2006_2024,WindSpeed,2008,99.18032786885246,97.54098360655738
global_2006_2024,WindSpeed,2009,99.17808219178082,96.71232876712328
global_2006_2024,WindSpeed,2010,98.35616438356165,93.15068493150685
global_2006_2024,WindSpeed,2011,94.79452054794521,89.04109589041096
global_2006_2024,WindSpeed,2012,96.17486338797814,90.7103825136612
global_2006_2024,WindSpeed,2013,89.86301369863014,85.75342465753425
global_2006_2024,WindSpeed,2014,94.52054794520548,87.67123287671232
global_2006_2024,WindSpeed,2015,88.76712328767124,80.27397260273973
global_2006_2024,WindSpeed,2016,96.44808743169399,92.34972677595628
global_2006_2024,WindSpeed,2017,98.08219178082192,94.52054794520548
global_2006_2024,WindSpeed,2018,99.45205479452055,98.08219178082192
global_2006_2024,WindSpeed,2019,88.4931506849315,83.01369863013699
global_2006_2024,WindSpeed,2020,94.26229508196721,90.7103825136612
global_2006_2024,WindSpeed,2021,96.16438356164383,92.05479452054794
global_2006_2024,WindSpeed,2022,96.98630136986301,90.68493150684931
global_2006_2024,WindSpeed,2023,91.78082191780823,85.47945205479452
global_2006_2024,WindSpeed,2024,89.07103825136612,79.50819672131148
grandola,Humidity,2023,18.08219178082192,15.89041095890411
grandola,Precipitation,2023,18.08219178082192,15.89041095890411
grandola,Temperature,2023,18.08219178082192,15.89041095890411
grandola,WindDirection,2023,17.80821917808219,15.616438356164384
grandola,WindSpeed,2023,18.08219178082192,15.89041095890411
ic.32.ch.caparica.2012,CO,2012,10.92896174863388,9.562841530054644
ic.32.ch.caparica.2012,NO,2012,10.92896174863388,9.562841530054644
ic.32.ch.caparica.2012,NO2,2012,10.92896174863388,9.562841530054644
ic.32.ch.caparica.2012,NOx,2012,10.92896174863388,9.562841530054644
ic.32.ch.caparica.2012,Precipitation,2012,10.92896174863388,9.562841530054644
ic.32.ch.caparica.2012,Radiation,2012,10.92896174863388,9.562841530054644
ic.32.ch.caparica.2012,WindDirection,2012,10.92896174863388,9.562841530054644
ic.32.ch.caparica.2012,WindSpeed,2012,10.92896174863388,9.562841530054644
ilhavo.2017,Benzene,2017,15.616438356164384,13.424657534246576
ilhavo.2017,CO,2017,15.068493150684931,13.150684931506849
ilhavo.2017,NO,2017,15.616438356164384,13.424657534246576
ilhavo.2017,NO2,2017,15.616438356164384,13.424657534246576
ilhavo.2017,NOx,2017,15.616438356164384,13.424657534246576
ilhavo.2017,O3,2017,15.342465753424657,13.424657534246576
ilhavo.2017,Precipitation,2017,18.356164383561644,15.89041095890411
ilhavo.2017,SO2,2017,15.342465753424657,13.424657534246576
ilhavo.2017,WindDirection,2017,18.356164383561644,15.89041095890411
ilhavo.2017,WindSpeed,2017,18.356164383561644,15.89041095890411
l1,Benzene,2018,18.356164383561644,15.616438356164384
l1,CO,2018,19.45205479452055,17.26027397260274
l1,NO,2018,19.45205479452055,17.26027397260274
l1,NO2,2018,19.45205479452055,17.26027397260274
l1,NOx,2018,19.45205479452055,17.26027397260274
l1,PM10,2018,19.45205479452055,17.26027397260274
l1,Precipitation,2018,19.45205479452055,17.26027397260274
l1,Radiation,2018,12.32876712328767,10.95890410958904
l1,Toluene,2018,18.356164383561644,15.616438356164384
l1,WindDirection,2018,19.45205479452055,17.26027397260274
l1,WindSpeed,2018,19.45205479452055,17.26027397260274
l1,Xylenes,2018,18.356164383561644,15.616438356164384
l2,Benzene,2018,13.424657534246576,12.32876712328767
l2,CO,2018,13.424657534246576,12.32876712328767
l2,NO,2018,13.424657534246576,12.32876712328767
l2,NO2,2018,13.424657534246576,12.32876712328767
l2,NOx,2018,13.424657534246576,12.32876712328767
l2,PM10,2018,13.424657534246576,12.32876712328767
l2,Precipitation,2018,13.698630136986301,12.602739726027398
l2,Toluene,2018,13.424657534246576,12.32876712328767
l2,WindDirection,2018,13.698630136986301,12.602739726027398
l2,WindSpeed,2018,13.698630136986301,12.602739726027398
l2,Xylenes,2018,13.424657534246576,12.32876712328767
l3,Benzene,2018,17.26027397260274,14.794520547945206
l3,CO,2018,18.08219178082192,15.616438356164384
l3,NO,2018,17.80821917808219,15.616438356164384
l3,NO2,2018,17.80821917808219,15.616438356164384
l3,NOx,2018,17.80821917808219,15.616438356164384
l3,PM10,2018,18.08219178082192,15.616438356164384
l3,Precipitation,2018,17.26027397260274,15.068493150684931
l3,Radiation,2018,10.95890410958904,9.315068493150685
l3,Toluene,2018,17.26027397260274,14.794520547945206
l3,WindDirection,2018,18.08219178082192,15.616438356164384
l3,WindSpeed,2018,18.08219178082192,15.616438356164384
l3,Xylenes,2018,17.26027397260274,14.794520547945206
leixoes.2016,PM10,2016,17.21311475409836,15.300546448087431
leixoes.2016,Particles,2016,17.21311475409836,15.300546448087431
leixoes.2016,Precipitation,2016,17.21311475409836,15.300546448087431
leixoes.2016,WindDirection,2016,17.21311475409836,15.300546448087431
leixoes.2016,WindSpeed,2016,17.21311475409836,15.300546448087431
leixões.2016,PM10,2016,17.21311475409836,15.300546448087431
leixões.2016,PM25,2016,17.21311475409836,15.300546448087431
leixões.2016,Particles,2016,17.21311475409836,15.300546448087431
leixões.2016,Precipitation,2016,17.21311475409836,15.300546448087431
leixões.2016,WindDirection,2016,17.21311475409836,15.300546448087431
leixões.2016,WindSpeed,2016,17.21311475409836,15.300546448087431
levante_pq.nacoes_lisboa.2022,Precipitation,2022,12.876712328767123,11.780821917808218
levante_pq.nacoes_lisboa.2022,Radiation,2022,12.876712328767123,11.780821917808218
levante_pq.nacoes_lisboa.2022,WindDirection,2022,12.876712328767123,11.780821917808218
levante_pq.nacoes_lisboa.2022,WindSpeed,2022,12.876712328767123,11.780821917808218
levante_pq.naçoes_lisboa.2022,Precipitation,2022,12.876712328767123,11.780821917808218
levante_pq.naçoes_lisboa.2022,Radiation,2022,12.876712328767123,11.780821917808218
levante_pq.naçoes_lisboa.2022,WindDirection,2022,12.876712328767123,11.780821917808218
levante_pq.naçoes_lisboa.2022,WindSpeed,2022,12.876712328767123,11.780821917808218
lisboa.2020_1,Precipitation,2020,13.934426229508198,12.295081967213115
lisboa.2020_1,WindDirection,2020,13.934426229508198,12.295081967213115
lisboa.2020_1,WindSpeed,2020,13.934426229508198,12.295081967213115
lisboa.pq._nacoes,Humidity,2023,21.095890410958905,21.095890410958905
lisboa.pq._nacoes,PM10,2023,20.82191780821918,18.356164383561644
lisboa.pq._nacoes,Precipitation,2023,19.17808219178082,19.17808219178082
lisboa.pq._nacoes,Temperature,2023,21.095890410958905,21.095890410958905
lisboa.pq._nacoes,WindDirection,2023,21.095890410958905,21.095890410958905
lisboa.pq._nacoes,WindSpeed,2023,21.095890410958905,21.095890410958905
lisboa.pq._nações,Humidity,2023,21.095890410958905,21.095890410958905
lisboa.pq._nações,PM10,2023,20.82191780821918,18.356164383561644
lisboa.pq._nações,Precipitation,2023,19.17808219178082,19.17808219178082
lisboa.pq._nações,Temperature,2023,21.095890410958905,21.095890410958905
lisboa.pq._nações,WindDirection,2023,21.095890410958905,21.095890410958905
lisboa.pq._nações,WindSpeed,2023,21.095890410958905,21.095890410958905
loule.2019,Benzene,2019,10.136986301369863,9.04109589041096
loule.2019,CO,2019,10.136986301369863,9.04109589041096
loule.2019,NO,2019,10.136986301369863,9.04109589041096
loule.2019,NO2,2019,10.136986301369863,9.04109589041096
loule.2019,NOx,2019,10.136986301369863,9.04109589041096
loule.2019,O3,2019,10.136986301369863,9.04109589041096
loule.2019,PM10,2019,10.136986301369863,9.04109589041096
loule.2019,Precipitation,2019,10.136986301369863,9.04109589041096
loule.2019,WindDirection,2019,10.136986301369863,9.04109589041096
loule.2019,WindSpeed,2019,10.136986301369863,9.04109589041096
loule_1.2019,Benzene,2020,10.655737704918034,9.562841530054644
loule_1.2019,CO,2020,10.655737704918034,9.562841530054644
loule_1.2019,NO,2020,10.655737704918034,9.562841530054644
loule_1.2019,NO2,2020,10.655737704918034,9.562841530054644
loule_1.2019,NOx,2020,10.655737704918034,9.562841530054644
loule_1.2019,O3,2020,10.655737704918034,9.562841530054644
loule_1.2019,Precipitation,2020,10.655737704918034,9.562841530054644
loule_1.2019,SO2,2020,10.655737704918034,9.562841530054644
loule_1.2019,WindDirection,2020,10.655737704918034,9.562841530054644
loule_1.2019,WindSpeed,2020,10.655737704918034,9.562841530054644
loulé.2019,Benzene,2019,10.136986301369863,9.04109589041096
loulé.2019,CO,2019,10.136986301369863,9.04109589041096
loulé.2019,NO,2019,10.136986301369863,9.04109589041096
loulé.2019,NO2,2019,10.136986301369863,9.04109589041096
loulé.2019,NOx,2019,10.136986301369863,9.04109589041096
loulé.2019,O3,2019,10.136986301369863,9.04109589041096
loulé.2019,PM10,2019,10.136986301369863,9.04109589041096
loulé.2019,Precipitation,2019,10.136986301369863,9.04109589041096
loulé.2019,WindDirection,2019,10.136986301369863,9.04109589041096
loulé.2019,WindSpeed,2019,10.136986301369863,9.04109589041096
loulé_1.2019,Benzene,2020,10.655737704918034,9.562841530054644
loulé_1.2019,CO,2020,10.655737704918034,9.562841530054644
loulé_1.2019,NO,2020,10.655737704918034,9.562841530054644
loulé_1.2019,NO2,2020,10.655737704918034,9.562841530054644
loulé_1.2019,NOx,2020,10.655737704918034,9.562841530054644
loulé_1.2019,O3,2020,10.655737704918034,9.562841530054644
loulé_1.2019,Precipitation,2020,10.655737704918034,9.562841530054644
loulé_1.2019,SO2,2020,10.655737704918034,9.562841530054644
loulé_1.2019,WindDirection,2020,10.655737704918034,9.562841530054644
loulé_1.2019,WindSpeed,2020,10.655737704918034,9.562841530054644
loures.2020,Benzene,2021,10.41095890410959,9.04109589041096
loures.2020,CO,2021,10.95890410958904,9.863013698630137
loures.2020,NO,2021,10.95890410958904,9.863013698630137
loures.2020,NO2,2021,10.95890410958904,9.863013698630137
loures.2020,NOx,2021,10.95890410958904,9.863013698630137
loures.2020,Precipitation,2021,10.95890410958904,9.863013698630137
loures.2020,Radiation,2021,10.95890410958904,9.863013698630137
loures.2020,WindDirection,2021,10.95890410958904,9.863013698630137
loures.2020,WindSpeed,2021,10.95890410958904,9.863013698630137
matosinhos.2018,Benzene,2018,18.356164383561644,15.616438356164384
matosinhos.2018,CO,2018,18.356164383561644,16.164383561643834
matosinhos.2018,NO,2018,18.356164383561644,15.89041095890411
matosinhos.2018,NO2,2018,18.356164383561644,15.89041095890411
matosinhos.2018,NOx,2018,18.356164383561644,15.89041095890411
matosinhos.2018,Precipitation,2018,16.438356164383563,13.698630136986301
matosinhos.2018,Radiation,2018,15.616438356164384,13.698630136986301
matosinhos.2018,SO2,2018,18.356164383561644,16.164383561643834
matosinhos.2018,WindDirection,2018,18.356164383561644,16.164383561643834
matosinhos.2018,WindSpeed,2018,18.356164383561644,16.164383561643834
mesquita.baixa.2017,Benzene,2017,15.342465753424657,13.424657534246576
mesquita.baixa.2017,CO,2017,15.342465753424657,13.424657534246576
mesquita.baixa.2017,NO,2017,15.342465753424657,13.424657534246576
mesquita.baixa.2017,NO2,2017,15.342465753424657,13.424657534246576
mesquita.baixa.2017,NOx,2017,15.342465753424657,13.424657534246576
mesquita.baixa.2017,O3,2017,15.342465753424657,13.424657534246576
mesquita.baixa.2017,PM10,2017,15.342465753424657,13.424657534246576
mesquita.baixa.2017,PM25,2017,15.342465753424657,13.424657534246576
mesquita.baixa.2017,Particles,2017,15.342465753424657,13.424657534246576
mesquita.baixa.2017,Precipitation,2017,13.972602739726028,12.054794520547945
mesquita.baixa.2017,SO2,2017,15.342465753424657,13.424657534246576
mesquita.baixa.2017,WindDirection,2017,15.068493150684931,13.424657534246576
mesquita.baixa.2017,WindSpeed,2017,15.068493150684931,13.424657534246576
miramar.2021,CO,2021,10.41095890410959,9.315068493150685
miramar.2021,NO,2021,10.41095890410959,8.767123287671232
miramar.2021,NO2,2021,10.41095890410959,8.767123287671232
miramar.2021,NOx,2021,10.41095890410959,8.767123287671232
miramar.2021,WindDirection,2021,10.41095890410959,9.315068493150685
miramar.2021,WindSpeed,2021,10.41095890410959,9.315068493150685
p1,Benzene,2014,17.534246575342465,15.342465753424657
p1,Benzene,2016,10.655737704918034,9.836065573770492
p1,Benzene,2017,19.726027397260275,17.80821917808219
p1,Benzene,2018,18.08219178082192,16.164383561643834
p1,Benzene,2019,19.45205479452055,17.534246575342465
p1,Benzene,2020,13.114754098360656,11.475409836065573
p1,Benzene,2021,16.164383561643834,14.794520547945206
p1,Benzene,2022,63.013698630136986,62.19178082191781
p1,Benzene,2023,32.054794520547944,31.506849315068493
p1,Benzene,2024,25.956284153005466,24.863387978142075
p1,CO,2014,21.095890410958905,18.63013698630137
p1,CO,2015,24.10958904109589,21.095890410958905
p1,CO,2016,10.92896174863388,10.109289617486338
p1,CO,2017,24.10958904109589,21.643835616438356
p1,CO,2018,18.08219178082192,16.164383561643834
p1,CO,2019,19.45205479452055,17.534246575342465
p1,CO,2020,13.387978142076502,11.475409836065573
p1,CO,2021,19.726027397260275,17.80821917808219
p1,CO,2022,70.68493150684931,70.68493150684931
p1,CO,2023,37.26027397260274,36.43835616438356
p1,CO,2024,32.513661202185794,31.693989071038253
p1,Humidity,2022,71.78082191780823,71.5068493150685
p1,Humidity,2023,72.05479452054794,71.5068493150685
p1,Humidity,2024,71.03825136612022,69.94535519125684
p1,Humidity,2025,22.465753424657535,22.19178082191781
p1,NO,2015,24.10958904109589,21.095890410958905
p1,NO,2016,10.92896174863388,10.109289617486338
p1,NO,2017,24.10958904109589,21.643835616438356
p1,NO,2018,17.80821917808219,15.89041095890411
p1,NO,2019,19.45205479452055,17.534246575342465
p1,NO,2020,13.387978142076502,11.475409836065573
p1,NO,2021,19.726027397260275,17.80821917808219
p1,NO,2022,75.89041095890411,75.61643835616438
p1,NO,2023,53.42465753424658,52.32876712328767
p1,NO,2024,32.513661202185794,31.420765027322403
p1,NO2,2014,21.095890410958905,18.63013698630137
p1,NO2,2015,24.10958904109589,21.095890410958905
p1,NO2,2016,10.92896174863388,10.109289617486338
p1,NO2,2017,24.10958904109589,21.643835616438356
p1,NO2,2018,17.80821917808219,15.89041095890411
p1,NO2,2019,19.45205479452055,17.534246575342465
p1,NO2,2020,13.387978142076502,11.475409836065573
p1,NO2,2021,19.726027397260275,17.80821917808219
p1,NO2,2022,75.89041095890411,75.61643835616438
p1,NO2,2023,53.42465753424658,52.32876712328767
p1,NO2,2024,32.513661202185794,31.420765027322403
p1,NOx,2014,21.095890410958905,18.63013698630137
p1,NOx,2015,24.10958904109589,21.095890410958905
p1,NOx,2016,10.92896174863388,10.109289617486338
p1,NOx,2017,24.10958904109589,21.643835616438356
p1,NOx,2018,17.80821917808219,15.89041095890411
p1,NOx,2019,19.45205479452055,17.534246575342465
p1,NOx,2020,13.387978142076502,11.475409836065573
p1,NOx,2021,19.726027397260275,17.80821917808219
p1,NOx,2022,75.89041095890411,75.61643835616438
p1,NOx,2023,53.42465753424658,52.32876712328767
p1,NOx,2024,32.513661202185794,31.420765027322403
p1,O3,2016,10.92896174863388,10.109289617486338
p1,O3,2017,21.91780821917808,19.726027397260275
p1,O3,2018,15.616438356164384,13.972602739726028
p1,O3,2019,16.986301369863014,15.616438356164384
p1,O3,2020,13.387978142076502,11.475409836065573
p1,O3,2021,16.986301369863014,15.342465753424657
p1,O3,2022,38.9041095890411,38.63013698630137
p1,O3,2023,19.45205479452055,18.63013698630137
p1,O3,2024,15.846994535519126,15.846994535519126
p1,PM10,2013,21.91780821917808,19.45205479452055
p1,PM10,2014,21.095890410958905,18.63013698630137
p1,PM10,2015,27.123287671232877,24.383561643835616
p1,PM10,2016,27.595628415300546,25.136612021857925
p1,PM10,2017,13.150684931506849,12.054794520547945
p1,PM10,2019,28.21917808219178,26.301369863013697
p1,PM10,2020,11.202185792349727,9.836065573770492
p1,PM10,2022,73.15068493150685,72.87671232876713
p1,PM10,2023,72.05479452054794,71.23287671232876
p1,PM10,2024,73.22404371584699,72.6775956284153
p1,PM10,2025,22.465753424657535,21.91780821917808
p1,PM25,2015,22.19178082191781,20.0
p1,PM25,2016,10.655737704918034,9.836065573770492
p1,PM25,2017,10.95890410958904,10.136986301369863
p1,PM25,2019,10.95890410958904,9.58904109589041
p1,PM25,2020,11.202185792349727,9.836065573770492
p1,PM25,2022,54.52054794520548,53.6986301369863
p1,PM25,2023,49.58904109589041,49.04109589041096
p1,PM25,2024,40.16393442622951,39.34426229508197
p1,Particles,2015,22.19178082191781,20.0
p1,Particles,2016,10.655737704918034,9.836065573770492
p1,Particles,2017,10.95890410958904,10.136986301369863
p1,Particles,2019,10.95890410958904,9.58904109589041
p1,Particles,2020,11.202185792349727,9.836065573770492
p1,Particles,2022,54.52054794520548,53.6986301369863
p1,Particles,2023,49.58904109589041,49.04109589041096
p1,Particles,2024,40.16393442622951,39.34426229508197
p1,Precipitation,2014,18.356164383561644,16.164383561643834
p1,Precipitation,2015,26.575342465753426,24.10958904109589
p1,Precipitation,2016,27.595628415300546,25.136612021857925
p1,Precipitation,2017,24.10958904109589,21.643835616438356
p1,Precipitation,2018,18.08219178082192,16.164383561643834
p1,Precipitation,2019,28.21917808219178,26.301369863013697
p1,Precipitation,2020,11.475409836065573,9.289617486338798
p1,Precipitation,2021,24.65753424657534,23.013698630136986
p1,Precipitation,2022,75.61643835616438,75.34246575342466
p1,Precipitation,2023,71.23287671232876,70.68493150684931
p1,Precipitation,2024,73.22404371584699,72.95081967213115
p1,Precipitation,2025,22.465753424657535,22.19178082191781
p1,Radiation,2014,17.534246575342465,15.342465753424657
p1,Radiation,2016,14.754098360655737,13.387978142076502
p1,Radiation,2017,15.342465753424657,13.698630136986301
p1,Radiation,2018,13.424657534246576,12.054794520547945
p1,Radiation,2019,15.068493150684931,13.424657534246576
p1,Radiation,2020,11.475409836065573,9.289617486338798
p1,Radiation,2021,19.726027397260275,17.534246575342465
p1,Radiation,2022,75.34246575342466,75.06849315068493
p1,Radiation,2023,44.657534246575345,44.10958904109589
p1,Radiation,2024,28.14207650273224,28.14207650273224
p1,Radiation,2025,18.356164383561644,18.08219178082192
p1,SO2,2016,10.92896174863388,10.109289617486338
p1,SO2,2017,24.10958904109589,21.643835616438356
p1,SO2,2018,17.80821917808219,16.164383561643834
p1,SO2,2019,28.21917808219178,26.301369863013697
p1,SO2,2020,13.114754098360656,11.475409836065573
p1,SO2,2021,19.726027397260275,17.80821917808219
p1,SO2,2022,66.3013698630137,65.75342465753425
p1,SO2,2023,54.794520547945204,53.97260273972603
p1,SO2,2024,18.306010928961747,18.306010928961747
p1,Temperature,2016,17.48633879781421,15.300546448087431
p1,Temperature,2019,30.410958904109588,28.21917808219178
p1,Temperature,2020,11.202185792349727,9.836065573770492
p1,Temperature,2022,73.42465753424658,73.42465753424658
p1,Temperature,2023,72.05479452054794,71.5068493150685
p1,Temperature,2024,71.03825136612022,69.94535519125684
p1,Temperature,2025,22.465753424657535,22.19178082191781
p1,WindDirection,2013,21.91780821917808,19.45205479452055
p1,WindDirection,2014,21.095890410958905,18.63013698630137
p1,WindDirection,2015,28.493150684931507,26.027397260273972
p1,WindDirection,2016,27.595628415300546,25.136612021857925
p1,WindDirection,2017,24.10958904109589,21.643835616438356
p1,WindDirection,2018,18.08219178082192,16.164383561643834
p1,WindDirection,2019,30.410958904109588,28.21917808219178
p1,WindDirection,2020,13.387978142076502,11.202185792349727
p1,WindDirection,2021,24.65753424657534,23.013698630136986
p1,WindDirection,2022,76.71232876712328,76.71232876712328
p1,WindDirection,2023,72.05479452054794,71.5068493150685
p1,WindDirection,2024,67.21311475409836,66.93989071038251
p1,WindDirection,2025,22.465753424657535,22.19178082191781
p1,WindSpeed,2013,21.91780821917808,19.45205479452055
p1,WindSpeed,2014,21.095890410958905,18.63013698630137
p1,WindSpeed,2015,28.493150684931507,26.027397260273972
p1,WindSpeed,2016,27.595628415300546,25.136612021857925
p1,WindSpeed,2017,24.10958904109589,21.643835616438356
p1,WindSpeed,2018,18.08219178082192,16.164383561643834
p1,WindSpeed,2019,30.410958904109588,28.21917808219178
p1,WindSpeed,2020,13.387978142076502,11.202185792349727
p1,WindSpeed,2021,24.65753424657534,23.013698630136986
p1,WindSpeed,2022,76.71232876712328,76.71232876712328
p1,WindSpeed,2023,72.05479452054794,71.5068493150685
p1,WindSpeed,2024,72.6775956284153,72.40437158469945
p1,WindSpeed,2025,22.465753424657535,22.19178082191781
p1 casal do meio,CO,2023,16.986301369863014,16.986301369863014
p1 casal do meio,Humidity,2023,16.986301369863014,16.986301369863014
p1 casal do meio,NO,2023,16.986301369863014,16.986301369863014
p1 casal do meio,NO2,2023,16.986301369863014,16.986301369863014
p1 casal do meio,NOx,2023,16.986301369863014,16.986301369863014
p1 casal do meio,PM10,2023,16.986301369863014,16.986301369863014
p1 casal do meio,Precipitation,2023,16.164383561643834,16.164383561643834
p1 casal do meio,Temperature,2023,16.986301369863014,16.986301369863014
p1 casal do meio,WindDirection,2023,16.986301369863014,16.986301369863014
p1 casal do meio,WindSpeed,2023,16.986301369863014,16.986301369863014
p1 fonte dos marcos,CO,2023,11.780821917808218,11.506849315068493
p1 fonte dos marcos,Humidity,2023,11.780821917808218,11.506849315068493
p1 fonte dos marcos,NO,2023,11.780821917808218,11.232876712328768
p1 fonte dos marcos,NO2,2023,11.780821917808218,11.232876712328768
p1 fonte dos marcos,NOx,2023,11.780821917808218,11.232876712328768
p1 fonte dos marcos,PM10,2023,11.780821917808218,11.506849315068493
p1 fonte dos marcos,Precipitation,2023,11.780821917808218,11.506849315068493
p1 fonte dos marcos,Temperature,2023,11.780821917808218,11.506849315068493
p1 fonte dos marcos,WindDirection,2023,11.780821917808218,11.506849315068493
p1 fonte dos marcos,WindSpeed,2023,11.780821917808218,11.506849315068493
p1 pederneira,Benzene,2023,15.342465753424657,15.342465753424657
p1 pederneira,CO,2023,18.08219178082192,18.08219178082192
p1 pederneira,Humidity,2023,18.08219178082192,18.08219178082192
p1 pederneira,NO,2023,18.08219178082192,18.08219178082192
p1 pederneira,NO2,2023,18.08219178082192,18.08219178082192
p1 pederneira,NOx,2023,18.08219178082192,18.08219178082192
p1 pederneira,PM10,2023,18.08219178082192,17.80821917808219
p1 pederneira,Precipitation,2023,17.26027397260274,16.986301369863014
p1 pederneira,Temperature,2023,18.08219178082192,18.08219178082192
p1 pederneira,WindDirection,2023,18.08219178082192,18.08219178082192
p1 pederneira,WindSpeed,2023,18.08219178082192,18.08219178082192
p1.asantas.este,Benzene,2015,10.95890410958904,9.58904109589041
p1.asantas.este,Benzene,2016,17.21311475409836,15.027322404371585
p1.asantas.este,Benzene,2018,19.45205479452055,17.534246575342465
p1.asantas.este,Benzene,2019,20.54794520547945,18.356164383561644
p1.asantas.este,Benzene,2020,21.311475409836067,18.852459016393443
p1.asantas.este,CO,2015,17.534246575342465,15.342465753424657
p1.asantas.este,CO,2016,20.491803278688526,18.306010928961747
p1.asantas.este,CO,2018,19.17808219178082,17.26027397260274
p1.asantas.este,CO,2019,20.0,17.534246575342465
p1.asantas.este,CO,2020,20.76502732240437,18.579234972677597
p1.asantas.este,NO,2015,17.534246575342465,15.342465753424657
p1.asantas.este,NO,2016,20.76502732240437,18.852459016393443
p1.asantas.este,NO,2018,17.26027397260274,15.89041095890411
p1.asantas.este,NO,2019,20.54794520547945,18.356164383561644
p1.asantas.este,NO,2020,21.311475409836067,18.852459016393443
p1.asantas.este,NO2,2015,17.534246575342465,15.342465753424657
p1.asantas.este,NO2,2016,20.76502732240437,18.852459016393443
p1.asantas.este,NO2,2018,17.26027397260274,15.89041095890411
p1.asantas.este,NO2,2019,20.54794520547945,18.356164383561644
p1.asantas.este,NO2,2020,21.311475409836067,18.852459016393443
p1.asantas.este,NOx,2015,17.534246575342465,15.342465753424657
p1.asantas.este,NOx,2016,20.76502732240437,18.852459016393443
p1.asantas.este,NOx,2018,17.26027397260274,15.89041095890411
p1.asantas.este,NOx,2019,20.54794520547945,18.356164383561644
p1.asantas.este,NOx,2020,21.311475409836067,18.852459016393443
p1.asantas.este,O3,2018,17.80821917808219,0.0
p1.asantas.este,PM10,2015,17.26027397260274,15.342465753424657
p1.asantas.este,PM10,2016,18.306010928961747,15.573770491803279
p1.asantas.este,PM10,2018,19.17808219178082,17.80821917808219
p1.asantas.este,PM10,2019,18.08219178082192,15.89041095890411
p1.asantas.este,PM10,2020,21.311475409836067,19.12568306010929
p1.asantas.este,Precipitation,2015,17.80821917808219,15.616438356164384
p1.asantas.este,Precipitation,2016,24.043715846994534,21.85792349726776
p1.asantas.este,Precipitation,2018,19.726027397260275,17.80821917808219
p1.asantas.este,Precipitation,2019,20.54794520547945,18.356164383561644
p1.asantas.este,Precipitation,2020,19.12568306010929,17.21311475409836
p1.asantas.este,Radiation,2019,17.80821917808219,15.89041095890411
p1.asantas.este,Radiation,2020,19.12568306010929,17.21311475409836
p1.asantas.este,SO2,2018,17.534246575342465,0.0
p1.asantas.este,WindDirection,2015,17.80821917808219,15.616438356164384
p1.asantas.este,WindDirection,2016,24.043715846994534,21.85792349726776
p1.asantas.este,WindDirection,2018,19.726027397260275,17.80821917808219
p1.asantas.este,WindDirection,2019,20.54794520547945,18.356164383561644
p1.asantas.este,WindDirection,2020,21.311475409836067,19.12568306010929
p1.asantas.este,WindSpeed,2015,17.80821917808219,15.616438356164384
p1.asantas.este,WindSpeed,2016,24.043715846994534,21.85792349726776
p1.asantas.este,WindSpeed,2018,19.726027397260275,17.80821917808219
p1.asantas.este,WindSpeed,2019,20.54794520547945,18.356164383561644
p1.asantas.este,WindSpeed,2020,21.311475409836067,19.12568306010929
p1.asantas.oeste,Benzene,2019,20.54794520547945,17.80821917808219
p1.asantas.oeste,Benzene,2020,21.311475409836067,19.12568306010929
p1.asantas.oeste,CO,2019,20.54794520547945,18.356164383561644
p1.asantas.oeste,CO,2020,21.311475409836067,19.12568306010929
p1.asantas.oeste,NO,2019,20.54794520547945,18.356164383561644
p1.asantas.oeste,NO,2020,21.311475409836067,19.12568306010929
p1.asantas.oeste,NO2,2019,20.54794520547945,18.356164383561644
p1.asantas.oeste,NO2,2020,21.311475409836067,19.12568306010929
p1.asantas.oeste,NOx,2019,20.54794520547945,18.356164383561644
p1.asantas.oeste,NOx,2020,21.311475409836067,19.12568306010929
p1.asantas.oeste,PM10,2019,20.273972602739725,18.356164383561644
p1.asantas.oeste,PM10,2020,20.491803278688526,18.306010928961747
p1.asantas.oeste,Precipitation,2019,20.54794520547945,18.356164383561644
p1.asantas.oeste,Precipitation,2020,19.12568306010929,17.21311475409836
p1.asantas.oeste,Radiation,2019,17.80821917808219,15.89041095890411
p1.asantas.oeste,Radiation,2020,19.12568306010929,17.21311475409836
p1.asantas.oeste,WindDirection,2019,20.54794520547945,18.356164383561644
p1.asantas.oeste,WindDirection,2020,21.311475409836067,19.12568306010929
p1.asantas.oeste,WindSpeed,2019,20.54794520547945,18.356164383561644
p1.asantas.oeste,WindSpeed,2020,21.311475409836067,19.12568306010929
p1.gafanha,Benzene,2016,41.80327868852459,40.98360655737705
p1.gafanha,Benzene,2017,100.0,99.17808219178082
p1.gafanha,Benzene,2018,78.35616438356165,75.34246575342466
p1.gafanha,Benzene,2019,98.35616438356165,96.71232876712328
p1.gafanha,Benzene,2020,99.4535519125683,97.81420765027322
p1.gafanha,Benzene,2021,98.9041095890411,97.8082191780822
p1.gafanha,Benzene,2022,99.17808219178082,98.08219178082192
p1.gafanha,Benzene,2023,100.0,100.0
p1.gafanha,Benzene,2024,94.80874316939891,92.62295081967213
p1.gafanha,CO,2016,41.80327868852459,41.80327868852459
p1.gafanha,CO,2017,99.72602739726027,99.17808219178082
p1.gafanha,CO,2018,83.56164383561644,83.56164383561644
p1.gafanha,CO,2019,100.0,100.0
p1.gafanha,CO,2020,98.90710382513662,98.36065573770492
p1.gafanha,CO,2021,100.0,99.45205479452055
p1.gafanha,CO,2022,100.0,99.72602739726027
p1.gafanha,CO,2023,100.0,100.0
p1.gafanha,CO,2024,100.0,99.72677595628416
p1.gafanha,NO,2016,41.80327868852459,41.53005464480874
p1.gafanha,NO,2017,99.72602739726027,99.45205479452055
p1.gafanha,NO,2018,81.91780821917808,81.64383561643835
p1.gafanha,NO,2019,99.45205479452055,99.17808219178082
p1.gafanha,NO,2020,94.80874316939891,94.26229508196721
p1.gafanha,NO,2021,100.0,99.45205479452055
p1.gafanha,NO,2022,99.45205479452055,99.45205479452055
p1.gafanha,NO,2023,98.35616438356165,98.08219178082192
p1.gafanha,NO,2024,100.0,99.72677595628416
p1.gafanha,NO2,2016,41.80327868852459,41.53005464480874
p1.gafanha,NO2,2017,99.72602739726027,99.45205479452055
p1.gafanha,NO2,2018,81.91780821917808,81.64383561643835
p1.gafanha,NO2,2019,99.45205479452055,99.17808219178082
p1.gafanha,NO2,2020,94.80874316939891,94.26229508196721
p1.gafanha,NO2,2021,100.0,99.45205479452055
p1.gafanha,NO2,2022,99.45205479452055,99.45205479452055
p1.gafanha,NO2,2023,98.35616438356165,98.08219178082192
p1.gafanha,NO2,2024,100.0,99.72677595628416
p1.gafanha,NOx,2016,41.80327868852459,41.53005464480874
p1.gafanha,NOx,2017,99.72602739726027,99.45205479452055
p1.gafanha,NOx,2018,81.91780821917808,81.64383561643835
p1.gafanha,NOx,2019,99.45205479452055,99.17808219178082
p1.gafanha,NOx,2020,94.80874316939891,94.26229508196721
p1.gafanha,NOx,2021,100.0,99.45205479452055
p1.gafanha,NOx,2022,99.45205479452055,99.45205479452055
p1.gafanha,NOx,2023,98.35616438356165,98.08219178082192
p1.gafanha,NOx,2024,100.0,99.72677595628416
p1.gafanha,O3,2016,41.80327868852459,41.80327868852459
p1.gafanha,O3,2017,100.0,100.0
p1.gafanha,O3,2018,83.56164383561644,83.01369863013699
p1.gafanha,O3,2019,98.9041095890411,98.35616438356165
p1.gafanha,O3,2020,99.18032786885246,98.63387978142076
p1.gafanha,O3,2021,100.0,99.45205479452055
p1.gafanha,O3,2022,100.0,99.72602739726027
p1.gafanha,O3,2023,100.0,100.0
p1.gafanha,O3,2024,100.0,99.4535519125683
p1.gafanha,PM10,2016,41.80327868852459,41.80327868852459
p1.gafanha,PM10,2017,100.0,100.0
p1.gafanha,PM10,2018,83.56164383561644,82.73972602739725
p1.gafanha,PM10,2019,100.0,99.17808219178082
p1.gafanha,PM10,2020,99.18032786885246,98.36065573770492
p1.gafanha,PM10,2021,97.53424657534246,95.89041095890411
p1.gafanha,PM10,2022,100.0,100.0
p1.gafanha,PM10,2023,98.35616438356165,98.08219178082192
p1.gafanha,PM25,2016,41.80327868852459,41.80327868852459
p1.gafanha,PM25,2017,100.0,100.0
p1.gafanha,PM25,2018,83.56164383561644,83.01369863013699
p1.gafanha,PM25,2019,100.0,99.17808219178082
p1.gafanha,PM25,2020,97.54098360655738,95.35519125683061
p1.gafanha,PM25,2021,97.8082191780822,96.71232876712328
p1.gafanha,PM25,2022,100.0,100.0
p1.gafanha,PM25,2023,98.35616438356165,98.08219178082192
p1.gafanha,Particles,2016,41.80327868852459,41.80327868852459
p1.gafanha,Particles,2017,100.0,100.0
p1.gafanha,Particles,2018,83.56164383561644,83.01369863013699
p1.gafanha,Particles,2019,100.0,99.17808219178082
p1.gafanha,Particles,2020,97.54098360655738,95.35519125683061
p1.gafanha,Particles,2021,97.8082191780822,96.71232876712328
p1.gafanha,Particles,2022,100.0,100.0
p1.gafanha,Particles,2023,98.35616438356165,98.08219178082192
p1.gafanha,Precipitation,2024,100.0,100.0
p1.gafanha,Radiation,2024,100.0,100.0
p1.gafanha,SO2,2016,41.80327868852459,41.80327868852459
p1.gafanha,SO2,2017,100.0,99.72602739726027
p1.gafanha,SO2,2018,83.28767123287672,82.73972602739725
p1.gafanha,SO2,2019,97.53424657534246,96.71232876712328
p1.gafanha,SO2,2020,99.18032786885246,98.36065573770492
p1.gafanha,SO2,2021,100.0,98.63013698630137
p1.gafanha,SO2,2022,98.63013698630137,97.53424657534246
p1.gafanha,SO2,2023,98.63013698630137,97.8082191780822
p1.gafanha,SO2,2024,99.4535519125683,98.63387978142076
p1.gafanha,Temperature,2016,41.80327868852459,41.80327868852459
p1.gafanha,Temperature,2017,100.0,99.45205479452055
p1.gafanha,Temperature,2018,82.73972602739725,81.91780821917808
p1.gafanha,Temperature,2019,96.98630136986301,93.97260273972603
p1.gafanha,Temperature,2020,100.0,100.0
p1.gafanha,Temperature,2021,100.0,99.45205479452055
p1.gafanha,Temperature,2022,100.0,100.0
p1.gafanha,Temperature,2023,100.0,100.0
p1.gafanha,WindDirection,2016,41.80327868852459,41.80327868852459
p1.gafanha,WindDirection,2017,100.0,99.45205479452055
p1.gafanha,WindDirection,2018,82.73972602739725,81.91780821917808
p1.gafanha,WindDirection,2019,96.98630136986301,93.97260273972603
p1.gafanha,WindDirection,2020,100.0,100.0
p1.gafanha,WindDirection,2021,100.0,99.45205479452055
p1.gafanha,WindDirection,2022,100.0,100.0
p1.gafanha,WindDirection,2023,100.0,100.0
p1.gafanha,WindDirection,2024,100.0,100.0
p1.gafanha,WindSpeed,2016,41.80327868852459,41.80327868852459
p1.gafanha,WindSpeed,2017,100.0,99.45205479452055
p1.gafanha,WindSpeed,2018,82.73972602739725,81.91780821917808
p1.gafanha,WindSpeed,2019,96.98630136986301,93.97260273972603
p1.gafanha,WindSpeed,2020,100.0,100.0
p1.gafanha,WindSpeed,2021,100.0,99.45205479452055
p1.gafanha,WindSpeed,2022,100.0,100.0
p1.gafanha,WindSpeed,2023,100.0,100.0
p1.gafanha,WindSpeed,2024,100.0,100.0
p1.grijo oeste,Benzene,2020,17.21311475409836,15.300546448087431
p1.grijo oeste,CO,2010,17.534246575342465,15.342465753424657
p1.grijo oeste,CO,2011,13.150684931506849,11.506849315068493
p1.grijo oeste,CO,2012,21.584699453551913,18.852459016393443
p1.grijo oeste,CO,2013,17.534246575342465,15.342465753424657
p1.grijo oeste,CO,2014,18.904109589041095,16.438356164383563
p1.grijo oeste,CO,2015,17.534246575342465,15.342465753424657
p1.grijo oeste,CO,2020,23.497267759562842,21.311475409836067
p1.grijo oeste,NO,2010,17.534246575342465,15.342465753424657
p1.grijo oeste,NO,2011,12.876712328767123,11.232876712328768
p1.grijo oeste,NO,2012,21.584699453551913,18.852459016393443
p1.grijo oeste,NO,2013,17.534246575342465,15.342465753424657
p1.grijo oeste,NO,2014,18.904109589041095,16.164383561643834
p1.grijo oeste,NO,2015,17.534246575342465,15.342465753424657
p1.grijo oeste,NO,2020,23.497267759562842,21.311475409836067
p1.grijo oeste,NO2,2010,17.534246575342465,15.342465753424657
p1.grijo oeste,NO2,2011,12.876712328767123,11.232876712328768
p1.grijo oeste,NO2,2012,21.584699453551913,18.852459016393443
p1.grijo oeste,NO2,2013,17.534246575342465,15.342465753424657
p1.grijo oeste,NO2,2014,18.904109589041095,16.164383561643834
p1.grijo oeste,NO2,2015,17.534246575342465,15.342465753424657
p1.grijo oeste,NO2,2020,23.497267759562842,21.311475409836067
p1.grijo oeste,NOx,2010,17.534246575342465,15.342465753424657
p1.grijo oeste,NOx,2011,12.876712328767123,11.232876712328768
p1.grijo oeste,NOx,2012,21.584699453551913,18.852459016393443
p1.grijo oeste,NOx,2013,17.534246575342465,15.342465753424657
p1.grijo oeste,NOx,2014,18.904109589041095,16.164383561643834
p1.grijo oeste,NOx,2015,17.534246575342465,15.342465753424657
p1.grijo oeste,NOx,2020,23.497267759562842,21.311475409836067
p1.grijo oeste,PM10,2010,17.534246575342465,15.342465753424657
p1.grijo oeste,PM10,2011,13.150684931506849,11.506849315068493
p1.grijo oeste,PM10,2012,21.311475409836067,18.852459016393443
p1.grijo oeste,PM10,2013,17.534246575342465,15.342465753424657
p1.grijo oeste,PM10,2014,18.904109589041095,15.89041095890411
p1.grijo oeste,PM10,2015,17.534246575342465,15.342465753424657
p1.grijo oeste,PM10,2020,23.497267759562842,21.311475409836067
p1.grijo oeste,PM25,2010,17.534246575342465,15.342465753424657
p1.grijo oeste,PM25,2011,13.150684931506849,11.506849315068493
p1.grijo oeste,PM25,2012,21.038251366120218,18.0327868852459
p1.grijo oeste,PM25,2013,17.534246575342465,15.342465753424657
p1.grijo oeste,PM25,2014,18.904109589041095,15.89041095890411
p1.grijo oeste,PM25,2015,17.534246575342465,15.342465753424657
p1.grijo oeste,PM25,2020,23.497267759562842,21.311475409836067
p1.grijo oeste,Particles,2010,17.534246575342465,15.342465753424657
p1.grijo oeste,Particles,2011,13.150684931506849,11.506849315068493
p1.grijo oeste,Particles,2012,21.038251366120218,18.0327868852459
p1.grijo oeste,Particles,2013,17.534246575342465,15.342465753424657
p1.grijo oeste,Particles,2014,18.904109589041095,15.89041095890411
p1.grijo oeste,Particles,2015,17.534246575342465,15.342465753424657
p1.grijo oeste,Particles,2020,23.497267759562842,21.311475409836067
p1.grijo oeste,Precipitation,2010,17.534246575342465,15.342465753424657
p1.grijo oeste,Precipitation,2011,13.150684931506849,11.506849315068493
p1.grijo oeste,Precipitation,2012,21.85792349726776,18.579234972677597
p1.grijo oeste,Precipitation,2013,17.534246575342465,15.342465753424657
p1.grijo oeste,Precipitation,2014,11.780821917808218,10.136986301369863
p1.grijo oeste,Precipitation,2015,17.534246575342465,15.342465753424657
p1.grijo oeste,Precipitation,2020,19.672131147540984,17.759562841530055
p1.grijo oeste,Radiation,2010,17.534246575342465,15.342465753424657
p1.grijo oeste,Radiation,2015,10.95890410958904,9.58904109589041
p1.grijo oeste,Radiation,2020,19.672131147540984,17.759562841530055
p1.grijo oeste,SO2,2011,13.150684931506849,11.506849315068493
p1.grijo oeste,SO2,2012,21.85792349726776,18.852459016393443
p1.grijo oeste,SO2,2013,17.534246575342465,15.342465753424657
p1.grijo oeste,SO2,2014,18.904109589041095,16.438356164383563
p1.grijo oeste,Temperature,2010,17.534246575342465,15.342465753424657
p1.grijo oeste,WindDirection,2010,17.534246575342465,15.342465753424657
p1.grijo oeste,WindDirection,2011,13.150684931506849,11.506849315068493
p1.grijo oeste,WindDirection,2012,21.85792349726776,18.579234972677597
p1.grijo oeste,WindDirection,2013,17.534246575342465,15.342465753424657
p1.grijo oeste,WindDirection,2014,18.904109589041095,16.164383561643834
p1.grijo oeste,WindDirection,2015,17.534246575342465,15.342465753424657
p1.grijo oeste,WindDirection,2020,23.497267759562842,21.311475409836067
p1.grijo oeste,WindSpeed,2010,17.534246575342465,15.342465753424657
p1.grijo oeste,WindSpeed,2011,13.150684931506849,11.506849315068493
p1.grijo oeste,WindSpeed,2012,21.85792349726776,18.579234972677597
p1.grijo oeste,WindSpeed,2013,17.534246575342465,15.342465753424657
p1.grijo oeste,WindSpeed,2014,18.904109589041095,16.164383561643834
p1.grijo oeste,WindSpeed,2015,17.534246575342465,15.342465753424657
p1.grijo oeste,WindSpeed,2020,23.497267759562842,21.311475409836067
p1.grijo.este,Benzene,2015,15.068493150684931,12.876712328767123
p1.grijo.este,Benzene,2020,23.497267759562842,21.311475409836067
p1.grijo.este,CO,2010,15.342465753424657,13.424657534246576
p1.grijo.este,CO,2011,12.602739726027398,11.232876712328768
p1.grijo.este,CO,2012,22.950819672131146,20.218579234972676
p1.grijo.este,CO,2013,17.534246575342465,15.342465753424657
p1.grijo.este,CO,2014,19.726027397260275,17.26027397260274
p1.grijo.este,CO,2015,17.534246575342465,15.342465753424657
p1.grijo.este,CO,2020,23.497267759562842,21.311475409836067
p1.grijo.este,NO,2010,15.342465753424657,13.424657534246576
p1.grijo.este,NO,2011,12.602739726027398,11.232876712328768
p1.grijo.este,NO,2012,22.950819672131146,20.218579234972676
p1.grijo.este,NO,2013,17.534246575342465,15.342465753424657
p1.grijo.este,NO,2014,19.726027397260275,17.26027397260274
p1.grijo.este,NO,2015,17.534246575342465,15.342465753424657
p1.grijo.este,NO,2020,23.497267759562842,21.311475409836067
p1.grijo.este,NO2,2010,15.342465753424657,13.424657534246576
p1.grijo.este,NO2,2011,12.602739726027398,11.232876712328768
p1.grijo.este,NO2,2012,22.950819672131146,20.218579234972676
p1.grijo.este,NO2,2013,17.534246575342465,15.342465753424657
p1.grijo.este,NO2,2014,19.726027397260275,17.26027397260274
p1.grijo.este,NO2,2015,17.534246575342465,15.342465753424657
p1.grijo.este,NO2,2020,23.497267759562842,21.311475409836067
p1.grijo.este,NOx,2010,15.342465753424657,13.424657534246576
p1.grijo.este,NOx,2011,12.602739726027398,11.232876712328768
p1.grijo.este,NOx,2012,22.950819672131146,20.218579234972676
p1.grijo.este,NOx,2013,17.534246575342465,15.342465753424657
p1.grijo.este,NOx,2014,19.726027397260275,17.26027397260274
p1.grijo.este,NOx,2015,17.534246575342465,15.342465753424657
p1.grijo.este,NOx,2020,23.497267759562842,21.311475409836067
p1.grijo.este,PM10,2010,15.342465753424657,13.424657534246576
p1.grijo.este,PM10,2011,12.876712328767123,11.506849315068493
p1.grijo.este,PM10,2012,22.950819672131146,20.218579234972676
p1.grijo.este,PM10,2013,17.534246575342465,15.342465753424657
p1.grijo.este,PM10,2014,19.726027397260275,17.26027397260274
p1.grijo.este,PM10,2015,17.534246575342465,15.342465753424657
p1.grijo.este,PM10,2020,23.497267759562842,21.311475409836067
p1.grijo.este,PM25,2010,15.342465753424657,13.424657534246576
p1.grijo.este,PM25,2012,22.950819672131146,20.218579234972676
p1.grijo.este,PM25,2013,17.534246575342465,15.342465753424657
p1.grijo.este,PM25,2014,19.726027397260275,17.26027397260274
p1.grijo.este,PM25,2015,17.534246575342465,15.342465753424657
p1.grijo.este,PM25,2020,22.404371584699454,20.218579234972676
p1.grijo.este,Particles,2010,15.342465753424657,13.424657534246576
p1.grijo.este,Particles,2012,22.950819672131146,20.218579234972676
p1.grijo.este,Particles,2013,17.534246575342465,15.342465753424657
p1.grijo.este,Particles,2014,19.726027397260275,17.26027397260274
p1.grijo.este,Particles,2015,17.534246575342465,15.342465753424657
p1.grijo.este,Particles,2020,22.404371584699454,20.218579234972676
p1.grijo.este,Precipitation,2010,15.342465753424657,13.424657534246576
p1.grijo.este,Precipitation,2011,12.876712328767123,11.506849315068493
p1.grijo.este,Precipitation,2013,17.534246575342465,15.342465753424657
p1.grijo.este,Precipitation,2015,17.534246575342465,15.342465753424657
p1.grijo.este,Precipitation,2020,23.497267759562842,21.311475409836067
p1.grijo.este,Radiation,2010,15.342465753424657,13.424657534246576
p1.grijo.este,Radiation,2012,17.759562841530055,15.573770491803279
p1.grijo.este,Radiation,2015,10.95890410958904,9.58904109589041
p1.grijo.este,Radiation,2020,23.497267759562842,21.311475409836067
p1.grijo.este,SO2,2011,12.876712328767123,11.506849315068493
p1.grijo.este,SO2,2012,23.224043715846996,20.491803278688526
p1.grijo.este,SO2,2013,17.534246575342465,15.342465753424657
p1.grijo.este,SO2,2014,19.726027397260275,17.26027397260274
p1.grijo.este,Temperature,2010,15.342465753424657,13.424657534246576
p1.grijo.este,WindDirection,2010,15.342465753424657,13.424657534246576
p1.grijo.este,WindDirection,2011,12.876712328767123,11.506849315068493
p1.grijo.este,WindDirection,2012,21.85792349726776,18.579234972677597
p1.grijo.este,WindDirection,2013,17.534246575342465,15.342465753424657
p1.grijo.este,WindDirection,2014,18.904109589041095,16.164383561643834
p1.grijo.este,WindDirection,2015,17.534246575342465,15.342465753424657
p1.grijo.este,WindDirection,2020,23.497267759562842,21.311475409836067
p1.grijo.este,WindSpeed,2010,15.342465753424657,13.424657534246576
p1.grijo.este,WindSpeed,2011,12.876712328767123,11.506849315068493
p1.grijo.este,WindSpeed,2012,21.85792349726776,18.579234972677597
p1.grijo.este,WindSpeed,2013,17.534246575342465,15.342465753424657
p1.grijo.este,WindSpeed,2014,18.904109589041095,16.164383561643834
p1.grijo.este,WindSpeed,2015,17.534246575342465,15.342465753424657
p1.grijo.este,WindSpeed,2020,23.497267759562842,21.311475409836067
p1.ovar.este,Precipitation,2012,10.109289617486338,9.289617486338798
p1.ovar.este,Temperature,2012,10.109289617486338,9.289617486338798
p1.ovar.este,WindDirection,2012,10.109289617486338,9.289617486338798
p1.ovar.este,WindSpeed,2012,10.109289617486338,9.289617486338798
p1.ovar.oeste,CO,2012,12.841530054644808,11.202185792349727
p1.ovar.oeste,NO,2012,12.841530054644808,11.202185792349727
p1.ovar.oeste,NO2,2012,12.841530054644808,11.202185792349727
p1.ovar.oeste,NOx,2012,12.841530054644808,11.202185792349727
p1.ovar.oeste,PM10,2012,12.841530054644808,11.202185792349727
p1.ovar.oeste,Precipitation,2012,12.841530054644808,11.202185792349727
p1.ovar.oeste,Temperature,2012,12.841530054644808,11.202185792349727
p1.ovar.oeste,WindDirection,2012,12.841530054644808,11.202185792349727
p1.ovar.oeste,WindSpeed,2012,12.841530054644808,11.202185792349727
p1.perosinho,CO,2009,19.17808219178082,16.986301369863014
p1.perosinho,NO,2009,19.17808219178082,16.986301369863014
p1.perosinho,NO2,2009,19.17808219178082,16.986301369863014
p1.perosinho,NOx,2009,19.17808219178082,16.986301369863014
p1.perosinho,O3,2009,19.17808219178082,16.986301369863014
p1.perosinho,PM10,2009,18.356164383561644,16.164383561643834
p1.perosinho,PM25,2009,18.08219178082192,15.89041095890411
p1.perosinho,Particles,2009,18.08219178082192,15.89041095890411
p1.perosinho,Precipitation,2009,19.17808219178082,16.986301369863014
p1.perosinho,Radiation,2009,17.26027397260274,15.342465753424657
p1.perosinho,SO2,2009,16.986301369863014,14.794520547945206
p1.perosinho,Temperature,2009,19.17808219178082,16.986301369863014
p1.perosinho,WindDirection,2009,18.904109589041095,16.986301369863014
p1.perosinho,WindSpeed,2009,19.17808219178082,16.986301369863014
p1.rmeao.oeste,CO,2009,11.506849315068493,10.136986301369863
p1.rmeao.oeste,CO,2010,18.904109589041095,16.71232876712329
p1.rmeao.oeste,CO,2012,25.956284153005466,22.404371584699454
p1.rmeao.oeste,CO,2013,18.904109589041095,16.438356164383563
p1.rmeao.oeste,CO,2014,18.08219178082192,15.89041095890411
p1.rmeao.oeste,NO,2009,11.506849315068493,9.58904109589041
p1.rmeao.oeste,NO,2010,18.904109589041095,16.71232876712329
p1.rmeao.oeste,NO,2012,25.683060109289617,22.404371584699454
p1.rmeao.oeste,NO,2013,18.904109589041095,16.438356164383563
p1.rmeao.oeste,NO,2014,18.08219178082192,15.89041095890411
p1.rmeao.oeste,NO2,2009,11.506849315068493,9.58904109589041
p1.rmeao.oeste,NO2,2010,18.904109589041095,16.71232876712329
p1.rmeao.oeste,NO2,2012,25.683060109289617,22.404371584699454
p1.rmeao.oeste,NO2,2013,18.904109589041095,16.438356164383563
p1.rmeao.oeste,NO2,2014,18.08219178082192,15.89041095890411
p1.rmeao.oeste,NOx,2009,11.506849315068493,9.58904109589041
p1.rmeao.oeste,NOx,2010,18.904109589041095,16.71232876712329
p1.rmeao.oeste,NOx,2012,25.683060109289617,22.404371584699454
p1.rmeao.oeste,NOx,2013,18.904109589041095,16.438356164383563
p1.rmeao.oeste,NOx,2014,18.08219178082192,15.89041095890411
p1.rmeao.oeste,PM10,2009,11.506849315068493,10.136986301369863
p1.rmeao.oeste,PM10,2010,18.904109589041095,16.71232876712329
p1.rmeao.oeste,PM10,2012,23.770491803278688,20.218579234972676
p1.rmeao.oeste,PM10,2013,18.904109589041095,16.438356164383563
p1.rmeao.oeste,PM10,2014,18.08219178082192,15.89041095890411
p1.rmeao.oeste,PM25,2010,18.63013698630137,16.71232876712329
p1.rmeao.oeste,Particles,2010,18.63013698630137,16.71232876712329
p1.rmeao.oeste,Precipitation,2009,11.506849315068493,10.136986301369863
p1.rmeao.oeste,Precipitation,2010,18.904109589041095,16.71232876712329
p1.rmeao.oeste,Precipitation,2012,26.229508196721312,23.224043715846996
p1.rmeao.oeste,Precipitation,2013,17.534246575342465,15.068493150684931
p1.rmeao.oeste,Precipitation,2014,15.068493150684931,12.602739726027398
p1.rmeao.oeste,Radiation,2010,16.71232876712329,14.794520547945206
p1.rmeao.oeste,Temperature,2010,18.904109589041095,16.71232876712329
p1.rmeao.oeste,WindDirection,2009,11.506849315068493,10.136986301369863
p1.rmeao.oeste,WindDirection,2010,18.904109589041095,16.71232876712329
p1.rmeao.oeste,WindDirection,2012,26.229508196721312,23.224043715846996
p1.rmeao.oeste,WindDirection,2013,18.904109589041095,16.438356164383563
p1.rmeao.oeste,WindDirection,2014,18.08219178082192,15.89041095890411
p1.rmeao.oeste,WindSpeed,2009,11.506849315068493,10.136986301369863
p1.rmeao.oeste,WindSpeed,2010,18.904109589041095,16.71232876712329
p1.rmeao.oeste,WindSpeed,2012,26.229508196721312,23.224043715846996
p1.rmeao.oeste,WindSpeed,2013,18.904109589041095,16.438356164383563
p1.rmeao.oeste,WindSpeed,2014,18.08219178082192,15.89041095890411
p1.sjver.este,Benzene,2007,10.95890410958904,9.58904109589041
p1.sjver.este,CO,2007,11.232876712328768,9.863013698630137
p1.sjver.este,CO,2009,11.232876712328768,9.58904109589041
p1.sjver.este,CO,2010,16.986301369863014,14.520547945205479
p1.sjver.este,CO,2012,24.863387978142075,7.103825136612022
p1.sjver.este,CO,2013,18.904109589041095,16.438356164383563
p1.sjver.este,CO,2014,18.08219178082192,15.616438356164384
p1.sjver.este,NO,2007,11.232876712328768,9.863013698630137
p1.sjver.este,NO,2009,11.232876712328768,9.58904109589041
p1.sjver.este,NO,2010,16.986301369863014,14.520547945205479
p1.sjver.este,NO,2012,24.863387978142075,7.103825136612022
p1.sjver.este,NO,2013,18.904109589041095,16.164383561643834
p1.sjver.este,NO,2014,18.08219178082192,15.342465753424657
p1.sjver.este,NO2,2007,11.232876712328768,9.863013698630137
p1.sjver.este,NO2,2009,11.232876712328768,9.58904109589041
p1.sjver.este,NO2,2010,16.986301369863014,14.520547945205479
p1.sjver.este,NO2,2012,24.863387978142075,7.103825136612022
p1.sjver.este,NO2,2013,18.904109589041095,16.164383561643834
p1.sjver.este,NO2,2014,18.08219178082192,15.342465753424657
p1.sjver.este,NOx,2007,11.232876712328768,9.863013698630137
p1.sjver.este,NOx,2009,11.232876712328768,9.58904109589041
p1.sjver.este,NOx,2010,16.986301369863014,14.520547945205479
p1.sjver.este,NOx,2012,24.863387978142075,7.103825136612022
p1.sjver.este,NOx,2013,18.904109589041095,16.164383561643834
p1.sjver.este,NOx,2014,18.08219178082192,15.342465753424657
p1.sjver.este,O3,2013,16.438356164383563,0.0
p1.sjver.este,PM10,2007,11.232876712328768,9.863013698630137
p1.sjver.este,PM10,2009,10.684931506849315,9.315068493150685
p1.sjver.este,PM10,2010,16.986301369863014,14.520547945205479
p1.sjver.este,PM10,2012,24.59016393442623,7.103825136612022
p1.sjver.este,PM10,2013,17.80821917808219,15.342465753424657
p1.sjver.este,PM10,2014,18.08219178082192,15.616438356164384
p1.sjver.este,PM25,2010,16.986301369863014,14.520547945205479
p1.sjver.este,Particles,2010,16.986301369863014,14.520547945205479
p1.sjver.este,Precipitation,2007,11.232876712328768,9.863013698630137
p1.sjver.este,Precipitation,2009,10.95890410958904,9.863013698630137
p1.sjver.este,Precipitation,2010,16.986301369863014,14.794520547945206
p1.sjver.este,Precipitation,2012,26.229508196721312,7.103825136612022
p1.sjver.este,Precipitation,2013,17.534246575342465,15.068493150684931
p1.sjver.este,Radiation,2007,11.232876712328768,9.863013698630137
p1.sjver.este,Radiation,2010,14.794520547945206,12.876712328767123
p1.sjver.este,SO2,2013,15.342465753424657,0.0
p1.sjver.este,Temperature,2009,10.95890410958904,9.863013698630137
p1.sjver.este,Temperature,2010,16.986301369863014,14.794520547945206
p1.sjver.este,Temperature,2012,26.229508196721312,7.103825136612022
p1.sjver.este,WindDirection,2007,10.684931506849315,9.315068493150685
p1.sjver.este,WindDirection,2009,10.684931506849315,9.58904109589041
p1.sjver.este,WindDirection,2010,16.986301369863014,14.794520547945206
p1.sjver.este,WindDirection,2012,26.229508196721312,7.103825136612022
p1.sjver.este,WindDirection,2013,18.904109589041095,16.438356164383563
p1.sjver.este,WindDirection,2014,18.08219178082192,15.89041095890411
p1.sjver.este,WindSpeed,2009,10.95890410958904,9.863013698630137
p1.sjver.este,WindSpeed,2010,16.986301369863014,14.794520547945206
p1.sjver.este,WindSpeed,2012,26.229508196721312,7.103825136612022
p1.sjver.este,WindSpeed,2013,18.904109589041095,16.438356164383563
p1.sjver.este,WindSpeed,2014,18.08219178082192,15.89041095890411
p15+900,CO,2011,10.41095890410959,9.315068493150685
p15+900,NO,2011,10.41095890410959,9.315068493150685
p15+900,NO2,2011,10.41095890410959,9.315068493150685
p15+900,NOx,2011,10.41095890410959,9.315068493150685
p15+900,Precipitation,2011,10.41095890410959,9.315068493150685
p15+900,WindDirection,2011,10.41095890410959,9.315068493150685
p15+900,WindSpeed,2011,10.41095890410959,9.315068493150685
p1_2023,CO,2023,16.438356164383563,16.438356164383563
p1_2023,Humidity,2023,16.438356164383563,16.438356164383563
p1_2023,NO,2023,16.438356164383563,16.438356164383563
p1_2023,NO2,2023,16.438356164383563,16.438356164383563
p1_2023,NOx,2023,16.438356164383563,16.438356164383563
p1_2023,PM10,2023,16.438356164383563,16.438356164383563
p1_2023,Precipitation,2023,16.164383561643834,15.89041095890411
p1_2023,Temperature,2023,16.438356164383563,16.438356164383563
p1_2023,WindDirection,2023,16.438356164383563,16.438356164383563
p1_2023,WindSpeed,2023,16.438356164383563,16.438356164383563
p2,Benzene,2016,14.480874316939891,12.568306010928962
p2,Benzene,2017,18.63013698630137,16.986301369863014
p2,Benzene,2018,12.32876712328767,10.684931506849315
p2,Benzene,2019,10.41095890410959,9.315068493150685
p2,Benzene,2021,16.438356164383563,14.520547945205479
p2,Benzene,2022,18.356164383561644,17.534246575342465
p2,Benzene,2024,10.382513661202186,10.109289617486338
p2,CO,2014,22.465753424657535,19.726027397260275
p2,CO,2016,14.754098360655737,12.568306010928962
p2,CO,2017,20.82191780821918,18.904109589041095
p2,CO,2018,14.246575342465754,12.32876712328767
p2,CO,2019,10.684931506849315,9.58904109589041
p2,CO,2021,19.17808219178082,17.534246575342465
p2,CO,2022,23.561643835616437,22.465753424657535
p2,CO,2024,14.207650273224044,14.207650273224044
p2,Humidity,2022,14.246575342465754,13.424657534246576
p2,Humidity,2024,21.038251366120218,20.491803278688526
p2,NO,2016,14.754098360655737,12.568306010928962
p2,NO,2017,20.82191780821918,18.904109589041095
p2,NO,2018,14.246575342465754,12.32876712328767
p2,NO,2019,10.95890410958904,9.58904109589041
p2,NO,2021,19.17808219178082,17.534246575342465
p2,NO,2022,23.561643835616437,22.465753424657535
p2,NO,2024,14.207650273224044,14.207650273224044
p2,NO2,2014,22.465753424657535,19.726027397260275
p2,NO2,2016,14.754098360655737,12.568306010928962
p2,NO2,2017,20.82191780821918,18.904109589041095
p2,NO2,2018,14.246575342465754,12.32876712328767
p2,NO2,2019,10.95890410958904,9.58904109589041
p2,NO2,2021,19.17808219178082,17.534246575342465
p2,NO2,2022,23.561643835616437,22.465753424657535
p2,NO2,2024,14.207650273224044,14.207650273224044
p2,NOx,2016,14.754098360655737,12.568306010928962
p2,NOx,2017,20.82191780821918,18.904109589041095
p2,NOx,2018,14.246575342465754,12.32876712328767
p2,NOx,2019,10.95890410958904,9.58904109589041
p2,NOx,2021,19.17808219178082,17.534246575342465
p2,NOx,2022,23.561643835616437,22.465753424657535
p2,NOx,2024,14.207650273224044,14.207650273224044
p2,O3,2016,14.754098360655737,12.568306010928962
p2,O3,2017,20.82191780821918,18.904109589041095
p2,O3,2018,11.780821917808218,10.136986301369863
p2,O3,2021,15.89041095890411,14.520547945205479
p2,O3,2022,11.780821917808218,11.232876712328768
p2,O3,2024,11.475409836065573,11.475409836065573
p2,PM10,2013,21.91780821917808,19.45205479452055
p2,PM10,2014,22.465753424657535,19.726027397260275
p2,PM10,2016,29.781420765027324,26.775956284153004
p2,PM10,2022,14.246575342465754,13.424657534246576
p2,PM10,2024,19.398907103825138,19.398907103825138
p2,PM25,2016,12.568306010928962,10.655737704918034
p2,PM25,2022,14.246575342465754,13.424657534246576
p2,PM25,2024,14.207650273224044,14.207650273224044
p2,Particles,2016,12.568306010928962,10.655737704918034
p2,Particles,2022,14.246575342465754,13.424657534246576
p2,Particles,2024,14.207650273224044,14.207650273224044
p2,Precipitation,2014,19.726027397260275,17.26027397260274
p2,Precipitation,2016,28.961748633879782,26.502732240437158
p2,Precipitation,2017,21.095890410958905,19.17808219178082
p2,Precipitation,2018,14.794520547945206,12.876712328767123
p2,Precipitation,2019,12.602739726027398,11.232876712328768
p2,Precipitation,2021,28.767123287671232,27.397260273972602
p2,Precipitation,2022,24.931506849315067,23.561643835616437
p2,Precipitation,2024,21.311475409836067,21.038251366120218
p2,Radiation,2014,17.534246575342465,15.342465753424657
p2,Radiation,2016,17.759562841530055,15.300546448087431
p2,Radiation,2017,14.520547945205479,13.150684931506849
p2,Radiation,2018,12.32876712328767,10.684931506849315
p2,Radiation,2021,18.63013698630137,16.71232876712329
p2,Radiation,2022,23.561643835616437,22.465753424657535
p2,Radiation,2024,10.92896174863388,10.92896174863388
p2,SO2,2016,14.754098360655737,12.568306010928962
p2,SO2,2017,20.82191780821918,18.904109589041095
p2,SO2,2018,13.972602739726028,11.780821917808218
p2,SO2,2019,10.95890410958904,9.315068493150685
p2,SO2,2021,18.63013698630137,16.986301369863014
p2,SO2,2022,23.561643835616437,22.465753424657535
p2,SO2,2024,14.207650273224044,14.207650273224044
p2,Temperature,2016,17.48633879781421,15.300546448087431
p2,Temperature,2019,12.602739726027398,11.232876712328768
p2,Temperature,2022,14.246575342465754,13.424657534246576
p2,Temperature,2024,21.038251366120218,20.491803278688526
p2,WindDirection,2013,21.91780821917808,19.45205479452055
p2,WindDirection,2014,19.726027397260275,17.26027397260274
p2,WindDirection,2016,31.693989071038253,28.688524590163933
p2,WindDirection,2017,21.095890410958905,19.17808219178082
p2,WindDirection,2018,14.794520547945206,12.876712328767123
p2,WindDirection,2019,12.602739726027398,11.232876712328768
p2,WindDirection,2021,28.767123287671232,27.397260273972602
p2,WindDirection,2022,24.931506849315067,23.561643835616437
p2,WindDirection,2024,21.311475409836067,21.038251366120218
p2,WindSpeed,2013,21.91780821917808,19.45205479452055
p2,WindSpeed,2014,19.726027397260275,17.26027397260274
p2,WindSpeed,2016,31.693989071038253,28.688524590163933
p2,WindSpeed,2017,21.095890410958905,19.17808219178082
p2,WindSpeed,2018,14.794520547945206,12.876712328767123
p2,WindSpeed,2019,12.602739726027398,11.232876712328768
p2,WindSpeed,2021,28.767123287671232,27.397260273972602
p2,WindSpeed,2022,24.931506849315067,23.561643835616437
p2,WindSpeed,2024,21.311475409836067,21.038251366120218
p2 casal s.joao,CO,2023,10.95890410958904,10.95890410958904
p2 casal s.joao,Humidity,2023,10.95890410958904,10.95890410958904
p2 casal s.joao,NO,2023,10.95890410958904,10.95890410958904
p2 casal s.joao,NO2,2023,10.95890410958904,10.95890410958904
p2 casal s.joao,NOx,2023,10.95890410958904,10.95890410958904
p2 casal s.joao,PM10,2023,10.95890410958904,10.95890410958904
p2 casal s.joao,Precipitation,2023,10.95890410958904,10.95890410958904
p2 casal s.joao,Temperature,2023,10.95890410958904,10.95890410958904
p2 casal s.joao,WindDirection,2023,10.95890410958904,10.95890410958904
p2 casal s.joao,WindSpeed,2023,10.95890410958904,10.95890410958904
p2 casal s.joão,CO,2023,10.95890410958904,10.95890410958904
p2 casal s.joão,Humidity,2023,10.95890410958904,10.95890410958904
p2 casal s.joão,NO,2023,10.95890410958904,10.95890410958904
p2 casal s.joão,NO2,2023,10.95890410958904,10.95890410958904
p2 casal s.joão,NOx,2023,10.95890410958904,10.95890410958904
p2 casal s.joão,PM10,2023,10.95890410958904,10.95890410958904
p2 casal s.joão,Precipitation,2023,10.95890410958904,10.95890410958904
p2 casal s.joão,Temperature,2023,10.95890410958904,10.95890410958904
p2 casal s.joão,WindDirection,2023,10.95890410958904,10.95890410958904
p2 casal s.joão,WindSpeed,2023,10.95890410958904,10.95890410958904
p3,PM10,2013,17.534246575342465,15.342465753424657
p3,PM10,2015,11.232876712328768,10.684931506849315
p3,PM10,2016,22.131147540983605,19.398907103825138
p3,Precipitation,2015,11.232876712328768,10.684931506849315
p3,Precipitation,2016,20.76502732240437,18.306010928961747
p3,Temperature,2016,17.759562841530055,15.573770491803279
p3,WindDirection,2013,17.534246575342465,15.342465753424657
p3,WindDirection,2015,11.232876712328768,10.684931506849315
p3,WindDirection,2016,21.85792349726776,19.398907103825138
p3,WindSpeed,2013,17.534246575342465,15.342465753424657
p3,WindSpeed,2015,11.232876712328768,10.684931506849315
p3,WindSpeed,2016,21.85792349726776,19.398907103825138
p3 quinta da carvalha,Benzene,2023,10.95890410958904,10.95890410958904
p3 quinta da carvalha,CO,2023,19.45205479452055,19.17808219178082
p3 quinta da carvalha,Humidity,2023,19.45205479452055,19.17808219178082
p3 quinta da carvalha,NO,2023,19.45205479452055,19.45205479452055
p3 quinta da carvalha,NO2,2023,19.45205479452055,19.45205479452055
p3 quinta da carvalha,NOx,2023,19.45205479452055,19.45205479452055
p3 quinta da carvalha,PM10,2023,19.45205479452055,19.45205479452055
p3 quinta da carvalha,Precipitation,2023,19.45205479452055,19.17808219178082
p3 quinta da carvalha,Temperature,2023,19.45205479452055,19.17808219178082
p3 quinta da carvalha,WindDirection,2023,19.45205479452055,19.17808219178082
p3 quinta da carvalha,WindSpeed,2023,19.45205479452055,19.17808219178082
p6,Benzene,2019,17.534246575342465,16.986301369863014
p6,Precipitation,2019,15.616438356164384,15.068493150684931
p6,Temperature,2019,17.80821917808219,16.986301369863014
p6,Toluene,2019,15.342465753424657,15.068493150684931
p6,WindDirection,2019,17.80821917808219,16.986301369863014
p6,WindSpeed,2019,17.80821917808219,16.986301369863014
p6,Xylenes,2019,15.342465753424657,15.068493150684931
pederneira,Benzene,2018,17.80821917808219,15.616438356164384
pederneira,CO,2018,18.904109589041095,16.71232876712329
pederneira,NO,2018,18.904109589041095,16.71232876712329
pederneira,NO2,2018,18.904109589041095,16.71232876712329
pederneira,NOx,2018,18.904109589041095,16.71232876712329
pederneira,PM10,2018,18.904109589041095,16.71232876712329
pederneira,Temperature,2018,18.904109589041095,16.71232876712329
pederneira,WindDirection,2018,18.904109589041095,16.71232876712329
pederneira,WindSpeed,2018,18.904109589041095,16.71232876712329
pederneira.2011_2012,CO,2012,28.415300546448087,24.863387978142075
pederneira.2011_2012,NO,2012,28.415300546448087,24.863387978142075
pederneira.2011_2012,NO2,2012,28.415300546448087,24.863387978142075
pederneira.2011_2012,NOx,2012,28.415300546448087,24.863387978142075
pederneira.2011_2012,PM10,2012,27.3224043715847,24.043715846994534
pederneira.2011_2012,Precipitation,2012,28.961748633879782,25.956284153005466
pederneira.2011_2012,Temperature,2012,10.382513661202186,9.562841530054644
pederneira.2011_2012,WindDirection,2012,28.961748633879782,25.956284153005466
pederneira.2011_2012,WindSpeed,2012,28.961748633879782,25.956284153005466
pederneira.2014,CO,2014,17.534246575342465,15.342465753424657
pederneira.2014,NO,2014,17.534246575342465,15.342465753424657
pederneira.2014,NO2,2014,17.534246575342465,15.342465753424657
pederneira.2014,NOx,2014,17.534246575342465,15.342465753424657
pederneira.2014,PM10,2014,17.534246575342465,15.342465753424657
pederneira.2014,Precipitation,2014,11.506849315068493,9.863013698630137
pederneira.2014,WindDirection,2014,17.534246575342465,15.342465753424657
pederneira.2014,WindSpeed,2014,17.534246575342465,15.342465753424657
pederneira.2015,NO,2015,17.534246575342465,15.342465753424657
pederneira.2015,NO2,2015,17.534246575342465,15.342465753424657
pederneira.2015,NOx,2015,17.534246575342465,15.342465753424657
pederneira.2015,Precipitation,2015,17.534246575342465,15.342465753424657
pederneira.2015,Radiation,2015,17.534246575342465,15.342465753424657
pederneira.2015,WindDirection,2015,17.534246575342465,15.342465753424657
pederneira.2015,WindSpeed,2015,17.534246575342465,15.342465753424657
pegoes.2019,PM10,2019,21.095890410958905,17.80821917808219
pegoes.2019,Precipitation,2019,21.36986301369863,19.17808219178082
pegoes.2019,WindDirection,2019,21.36986301369863,19.17808219178082
pegoes.2019,WindSpeed,2019,21.36986301369863,19.17808219178082
pegoes.2021,Precipitation,2021,22.465753424657535,20.0
pegoes.2021,WindDirection,2021,23.561643835616437,21.643835616438356
pegoes.2021,WindSpeed,2021,23.561643835616437,21.643835616438356
pegões.2019,PM10,2019,21.095890410958905,17.80821917808219
pegões.2019,Precipitation,2019,21.36986301369863,19.17808219178082
pegões.2019,WindDirection,2019,21.36986301369863,19.17808219178082
pegões.2019,WindSpeed,2019,21.36986301369863,19.17808219178082
pegões.2021,Precipitation,2021,22.465753424657535,20.0
pegões.2021,WindDirection,2021,23.561643835616437,21.643835616438356
pegões.2021,WindSpeed,2021,23.561643835616437,21.643835616438356
pk10,CO,2009,17.534246575342465,15.342465753424657
pk10,NO,2009,17.534246575342465,15.342465753424657
pk10,NO2,2009,17.534246575342465,15.342465753424657
pk10,NOx,2009,17.534246575342465,15.342465753424657
pk10,PM10,2009,17.534246575342465,15.342465753424657
pk10,Precipitation,2009,17.534246575342465,15.342465753424657
pk10,Radiation,2009,17.534246575342465,15.342465753424657
pk10,SO2,2009,17.534246575342465,15.342465753424657
pk10,Temperature,2009,17.534246575342465,15.342465753424657
pk10,WindDirection,2009,17.534246575342465,15.342465753424657
pk10,WindSpeed,2009,17.534246575342465,15.342465753424657
pk10+300,CO,2009,17.534246575342465,15.342465753424657
pk10+300,NO,2009,17.534246575342465,15.342465753424657
pk10+300,NO2,2009,17.534246575342465,15.342465753424657
pk10+300,NOx,2009,17.534246575342465,15.342465753424657
pk10+300,PM10,2009,17.534246575342465,15.342465753424657
pk10+300,Precipitation,2009,17.534246575342465,15.342465753424657
pk10+300,Radiation,2009,15.342465753424657,13.424657534246576
pk10+300,SO2,2009,17.534246575342465,15.342465753424657
pk10+300,Temperature,2009,17.534246575342465,15.342465753424657
pk10+300,WindDirection,2009,17.534246575342465,15.342465753424657
pk10+300,WindSpeed,2009,17.534246575342465,15.342465753424657
pk12,CO,2009,17.534246575342465,15.342465753424657
pk12,NO,2009,17.534246575342465,15.342465753424657
pk12,NO2,2009,17.534246575342465,15.342465753424657
pk12,NOx,2009,17.534246575342465,15.342465753424657
pk12,PM10,2009,17.534246575342465,15.342465753424657
pk12,Precipitation,2009,17.534246575342465,15.342465753424657
pk12,Radiation,2009,17.534246575342465,15.342465753424657
pk12,SO2,2009,17.534246575342465,15.342465753424657
pk12,Temperature,2009,17.534246575342465,15.342465753424657
pk12,WindDirection,2009,17.534246575342465,15.342465753424657
pk12,WindSpeed,2009,17.534246575342465,15.342465753424657
pk15,Benzene,2008,10.92896174863388,9.562841530054644
pk15,Benzene,2018,18.904109589041095,15.89041095890411
pk15,CO,2008,17.48633879781421,15.300546448087431
pk15,CO,2018,18.904109589041095,16.164383561643834
pk15,NO,2008,15.300546448087431,13.387978142076502
pk15,NO,2018,18.904109589041095,16.164383561643834
pk15,NO2,2008,17.48633879781421,15.300546448087431
pk15,NO2,2018,18.904109589041095,16.164383561643834
pk15,NOx,2008,17.48633879781421,15.300546448087431
pk15,NOx,2018,18.904109589041095,16.164383561643834
pk15,PM10,2008,17.48633879781421,15.300546448087431
pk15,PM10,2018,18.904109589041095,16.164383561643834
pk15,Precipitation,2008,17.48633879781421,15.300546448087431
pk15,Precipitation,2018,18.904109589041095,16.164383561643834
pk15,Radiation,2008,15.300546448087431,13.387978142076502
pk15,Temperature,2008,17.48633879781421,15.300546448087431
pk15,Toluene,2008,10.92896174863388,9.562841530054644
pk15,WindDirection,2008,17.48633879781421,15.300546448087431
pk15,WindDirection,2018,18.904109589041095,16.164383561643834
pk15,WindSpeed,2008,17.48633879781421,15.300546448087431
pk15,WindSpeed,2018,18.904109589041095,16.164383561643834
pk15,Xylenes,2008,10.92896174863388,9.562841530054644
pk15+800,CO,2009,17.534246575342465,15.616438356164384
pk15+800,NO,2009,17.534246575342465,15.616438356164384
pk15+800,NO2,2009,17.534246575342465,15.616438356164384
pk15+800,NOx,2009,17.534246575342465,15.616438356164384
pk15+800,PM10,2009,17.26027397260274,15.342465753424657
pk15+800,Precipitation,2009,17.534246575342465,15.616438356164384
pk15+800,Temperature,2009,17.534246575342465,15.616438356164384
pk15+800,WindDirection,2009,17.26027397260274,15.616438356164384
pk15+800,WindSpeed,2009,17.26027397260274,15.616438356164384
pk15+900,CO,2010,14.520547945205479,12.602739726027398
pk15+900,NO,2010,14.520547945205479,12.602739726027398
pk15+900,NO2,2010,14.520547945205479,12.602739726027398
pk15+900,NOx,2010,14.520547945205479,12.602739726027398
pk15+900,PM10,2010,14.520547945205479,12.602739726027398
pk15+900,Precipitation,2010,14.520547945205479,12.602739726027398
pk15+900,Temperature,2010,14.520547945205479,12.602739726027398
pk15+900,WindDirection,2010,14.520547945205479,12.602739726027398
pk15+900,WindSpeed,2010,14.520547945205479,12.602739726027398
pk15+9000,Benzene,2024,15.300546448087431,15.027322404371585
pk15+9000,CO,2024,21.85792349726776,21.311475409836067
pk15+9000,Humidity,2024,22.131147540983605,21.584699453551913
pk15+9000,NO,2024,21.584699453551913,21.038251366120218
pk15+9000,NO2,2024,21.584699453551913,21.038251366120218
pk15+9000,NOx,2024,21.584699453551913,21.038251366120218
pk15+9000,PM10,2024,21.85792349726776,21.311475409836067
pk15+9000,Precipitation,2024,22.131147540983605,21.584699453551913
pk15+9000,Radiation,2024,19.94535519125683,19.12568306010929
pk15+9000,Temperature,2024,22.131147540983605,21.584699453551913
pk15+9000,WindDirection,2024,22.131147540983605,21.584699453551913
pk15+9000,WindSpeed,2024,22.131147540983605,21.584699453551913
pk33,CO,2009,17.534246575342465,15.342465753424657
pk33,CO,2010,17.534246575342465,15.342465753424657
pk33,NO,2009,17.534246575342465,15.342465753424657
pk33,NO,2010,17.534246575342465,15.342465753424657
pk33,NO2,2009,17.534246575342465,15.342465753424657
pk33,NO2,2010,17.534246575342465,15.342465753424657
pk33,NOx,2009,17.534246575342465,15.342465753424657
pk33,NOx,2010,17.534246575342465,15.342465753424657
pk33,PM10,2009,17.26027397260274,14.794520547945206
pk33,PM10,2010,17.534246575342465,15.342465753424657
pk33,Precipitation,2009,17.534246575342465,15.342465753424657
pk33,Precipitation,2010,17.534246575342465,15.342465753424657
pk33,Temperature,2009,17.534246575342465,15.342465753424657
pk33,Temperature,2010,17.534246575342465,15.342465753424657
pk33,WindDirection,2009,17.534246575342465,15.342465753424657
pk33,WindDirection,2010,17.534246575342465,15.342465753424657
pk33,WindSpeed,2009,17.534246575342465,15.342465753424657
pk33,WindSpeed,2010,17.534246575342465,15.342465753424657
pk33+000,Benzene,2024,18.306010928961747,18.306010928961747
pk33+000,CO,2024,18.306010928961747,18.306010928961747
pk33+000,Humidity,2024,17.759562841530055,17.48633879781421
pk33+000,NO,2011,13.698630136986301,11.506849315068493
pk33+000,NO,2024,18.306010928961747,18.306010928961747
pk33+000,NO2,2011,13.698630136986301,11.506849315068493
pk33+000,NO2,2024,18.306010928961747,18.306010928961747
pk33+000,NOx,2011,13.698630136986301,11.506849315068493
pk33+000,NOx,2024,18.306010928961747,18.306010928961747
pk33+000,PM10,2011,13.698630136986301,12.054794520547945
pk33+000,PM10,2024,18.306010928961747,18.306010928961747
pk33+000,Precipitation,2011,12.054794520547945,10.684931506849315
pk33+000,Precipitation,2024,17.759562841530055,17.48633879781421
pk33+000,Radiation,2024,15.846994535519126,15.300546448087431
pk33+000,Temperature,2024,17.759562841530055,17.48633879781421
pk33+000,WindDirection,2011,13.972602739726028,12.054794520547945
pk33+000,WindDirection,2024,17.759562841530055,17.48633879781421
pk33+000,WindSpeed,2011,14.246575342465754,12.602739726027398
pk33+000,WindSpeed,2024,17.759562841530055,17.48633879781421
pk4,Benzene,2009,10.41095890410959,9.04109589041096
pk4,Benzene,2018,18.356164383561644,16.164383561643834
pk4,CO,2008,17.48633879781421,15.300546448087431
pk4,CO,2009,17.534246575342465,15.342465753424657
pk4,CO,2010,17.534246575342465,15.342465753424657
pk4,CO,2018,18.63013698630137,16.438356164383563
pk4,NO,2008,10.92896174863388,9.562841530054644
pk4,NO,2009,17.534246575342465,15.342465753424657
pk4,NO,2010,17.534246575342465,15.342465753424657
pk4,NO,2018,18.356164383561644,16.164383561643834
pk4,NO2,2008,17.48633879781421,15.300546448087431
pk4,NO2,2009,17.534246575342465,15.342465753424657
pk4,NO2,2010,17.534246575342465,15.342465753424657
pk4,NO2,2018,18.356164383561644,16.164383561643834
pk4,NOx,2008,17.48633879781421,15.300546448087431
pk4,NOx,2009,17.534246575342465,15.342465753424657
pk4,NOx,2010,17.534246575342465,15.342465753424657
pk4,NOx,2018,18.356164383561644,16.164383561643834
pk4,O3,2008,17.48633879781421,15.300546448087431
pk4,O3,2009,17.534246575342465,15.342465753424657
pk4,O3,2010,17.534246575342465,15.342465753424657
pk4,PM10,2008,17.21311475409836,15.300546448087431
pk4,PM10,2009,17.534246575342465,15.342465753424657
pk4,PM10,2010,17.534246575342465,15.342465753424657
pk4,PM10,2018,18.63013698630137,16.438356164383563
pk4,Precipitation,2008,17.48633879781421,15.300546448087431
pk4,Precipitation,2009,18.356164383561644,16.164383561643834
pk4,Precipitation,2010,17.26027397260274,15.342465753424657
pk4,Precipitation,2018,18.356164383561644,16.438356164383563
pk4,Radiation,2008,17.48633879781421,15.300546448087431
pk4,Radiation,2009,18.356164383561644,16.164383561643834
pk4,Radiation,2010,12.876712328767123,11.506849315068493
pk4,SO2,2008,17.48633879781421,15.300546448087431
pk4,SO2,2009,18.08219178082192,15.616438356164384
pk4,SO2,2010,17.534246575342465,15.342465753424657
pk4,Temperature,2008,17.48633879781421,15.300546448087431
pk4,Temperature,2009,18.356164383561644,16.164383561643834
pk4,Temperature,2010,17.26027397260274,15.342465753424657
pk4,Toluene,2009,10.41095890410959,9.04109589041096
pk4,WindDirection,2008,17.48633879781421,15.300546448087431
pk4,WindDirection,2009,18.356164383561644,16.164383561643834
pk4,WindDirection,2010,17.26027397260274,15.342465753424657
pk4,WindDirection,2018,18.356164383561644,16.438356164383563
pk4,WindSpeed,2008,17.48633879781421,15.300546448087431
pk4,WindSpeed,2009,18.356164383561644,16.164383561643834
pk4,WindSpeed,2010,17.26027397260274,15.342465753424657
pk4,WindSpeed,2018,18.356164383561644,16.438356164383563
pk4,Xylenes,2009,10.41095890410959,9.04109589041096
pk4+000,Benzene,2024,15.027322404371585,14.480874316939891
pk4+000,CO,2011,13.424657534246576,11.780821917808218
pk4+000,CO,2024,19.94535519125683,19.94535519125683
pk4+000,Humidity,2024,19.94535519125683,19.94535519125683
pk4+000,NO,2011,13.424657534246576,11.780821917808218
pk4+000,NO,2024,19.94535519125683,19.94535519125683
pk4+000,NO2,2011,13.424657534246576,11.780821917808218
pk4+000,NO2,2024,19.94535519125683,19.94535519125683
pk4+000,NOx,2011,13.424657534246576,11.780821917808218
pk4+000,NOx,2024,19.94535519125683,19.94535519125683
pk4+000,O3,2011,13.424657534246576,11.780821917808218
pk4+000,PM10,2011,13.424657534246576,11.780821917808218
pk4+000,PM10,2024,19.94535519125683,19.672131147540984
pk4+000,Precipitation,2011,13.424657534246576,11.780821917808218
pk4+000,Precipitation,2024,19.94535519125683,19.94535519125683
pk4+000,Radiation,2024,18.579234972677597,18.306010928961747
pk4+000,SO2,2011,13.424657534246576,11.780821917808218
pk4+000,Temperature,2024,19.94535519125683,19.94535519125683
pk4+000,WindDirection,2011,13.424657534246576,11.780821917808218
pk4+000,WindDirection,2024,19.94535519125683,19.94535519125683
pk4+000,WindSpeed,2011,13.424657534246576,11.780821917808218
pk4+000,WindSpeed,2024,19.94535519125683,19.94535519125683
pk7+450,CO,2010,17.534246575342465,15.342465753424657
pk7+450,NO,2010,17.534246575342465,15.342465753424657
pk7+450,NO2,2010,17.534246575342465,15.342465753424657
pk7+450,NOx,2010,17.534246575342465,15.342465753424657
pk7+450,PM10,2010,17.534246575342465,15.342465753424657
pk7+450,Precipitation,2010,16.986301369863014,15.068493150684931
pk7+450,Temperature,2010,16.986301369863014,15.068493150684931
pk7+450,WindDirection,2010,16.986301369863014,14.794520547945206
pk7+450,WindSpeed,2010,16.986301369863014,15.068493150684931
pragal.2016,Benzene,2016,15.300546448087431,14.207650273224044
pragal.2016,CO,2016,17.21311475409836,15.027322404371585
pragal.2016,NO,2016,17.21311475409836,15.027322404371585
pragal.2016,NO2,2016,17.21311475409836,15.027322404371585
pragal.2016,NOx,2016,17.21311475409836,15.027322404371585
pragal.2016,PM10,2016,18.0327868852459,15.846994535519126
pragal.2016,PM25,2016,18.0327868852459,15.846994535519126
pragal.2016,Particles,2016,18.0327868852459,15.846994535519126
pragal.2016,Precipitation,2016,17.759562841530055,15.846994535519126
pragal.2016,WindDirection,2016,17.759562841530055,15.846994535519126
pragal.2016,WindSpeed,2016,17.759562841530055,15.846994535519126
pragal.2018,Benzene,2018,18.63013698630137,16.438356164383563
pragal.2018,CO,2018,18.63013698630137,16.438356164383563
pragal.2018,NO,2018,18.63013698630137,16.438356164383563
pragal.2018,NO2,2018,18.63013698630137,16.438356164383563
pragal.2018,NOx,2018,18.63013698630137,16.438356164383563
pragal.2018,PM10,2018,18.63013698630137,16.438356164383563
pragal.2018,PM25,2018,17.26027397260274,14.794520547945206
pragal.2018,Particles,2018,17.26027397260274,14.794520547945206
pragal.2018,Precipitation,2018,18.63013698630137,16.71232876712329
pragal.2018,WindDirection,2018,18.63013698630137,16.71232876712329
pragal.2018,WindSpeed,2018,18.63013698630137,16.71232876712329
pragal.2020,Benzene,2020,16.120218579234972,14.207650273224044
pragal.2020,CO,2020,18.0327868852459,15.027322404371585
pragal.2020,NO,2020,18.0327868852459,15.573770491803279
pragal.2020,NO2,2020,18.0327868852459,15.573770491803279
pragal.2020,NOx,2020,18.0327868852459,15.573770491803279
pragal.2020,Precipitation,2020,18.579234972677597,16.39344262295082
pragal.2020,Radiation,2020,18.579234972677597,16.39344262295082
pragal.2020,WindDirection,2020,18.579234972677597,16.39344262295082
pragal.2020,WindSpeed,2020,18.579234972677597,16.39344262295082
pragal.2021,Benzene,2021,23.561643835616437,21.36986301369863
pragal.2021,CO,2021,24.65753424657534,22.19178082191781
pragal.2021,NO,2021,22.465753424657535,20.273972602739725
pragal.2021,NO2,2021,22.465753424657535,20.273972602739725
pragal.2021,NOx,2021,22.465753424657535,20.273972602739725
pragal.2021,Precipitation,2021,24.65753424657534,22.19178082191781
pragal.2021,Radiation,2021,24.65753424657534,22.19178082191781
pragal.2021,WindDirection,2021,24.65753424657534,22.19178082191781
pragal.2021,WindSpeed,2021,24.65753424657534,22.19178082191781
qta. carvalha,Benzene,2018,18.08219178082192,15.89041095890411
qta. carvalha,CO,2018,18.08219178082192,15.89041095890411
qta. carvalha,NO,2018,18.08219178082192,15.89041095890411
qta. carvalha,NO2,2018,18.08219178082192,15.89041095890411
qta. carvalha,NOx,2018,18.08219178082192,15.89041095890411
qta. carvalha,PM10,2018,18.08219178082192,15.89041095890411
qta. carvalha,Temperature,2018,18.08219178082192,15.89041095890411
qta. carvalha,WindDirection,2018,18.08219178082192,15.89041095890411
qta. carvalha,WindSpeed,2018,18.08219178082192,15.89041095890411
queluz.2017,Benzene,2017,19.726027397260275,17.534246575342465
queluz.2017,CO,2017,19.726027397260275,17.534246575342465
queluz.2017,NO,2017,18.63013698630137,16.164383561643834
queluz.2017,NO2,2017,18.63013698630137,16.164383561643834
queluz.2017,NOx,2017,18.63013698630137,16.164383561643834
queluz.2017,O3,2017,19.726027397260275,17.534246575342465
queluz.2017,PM10,2017,18.63013698630137,16.438356164383563
queluz.2017,SO2,2017,19.726027397260275,17.534246575342465
queluz.2017,WindDirection,2017,15.342465753424657,13.698630136986301
queluz.2017,WindSpeed,2017,15.342465753424657,13.698630136986301
queluz.2019,Benzene,2019,18.356164383561644,15.342465753424657
queluz.2019,CO,2019,18.356164383561644,15.342465753424657
queluz.2019,NO,2019,18.356164383561644,15.068493150684931
queluz.2019,NO2,2019,18.356164383561644,15.068493150684931
queluz.2019,NOx,2019,18.356164383561644,15.068493150684931
queluz.2019,O3,2019,18.356164383561644,15.616438356164384
queluz.2019,PM10,2019,18.63013698630137,16.164383561643834
queluz.2019,Precipitation,2019,18.904109589041095,16.71232876712329
queluz.2019,SO2,2019,18.356164383561644,15.616438356164384
queluz.2019,WindDirection,2019,18.904109589041095,16.71232876712329
queluz.2019,WindSpeed,2019,18.904109589041095,16.71232876712329
queluz.2019 copy,Benzene,2019,18.08219178082192,15.89041095890411
queluz.2019 copy,CO,2019,18.08219178082192,16.164383561643834
queluz.2019 copy,NO,2019,18.904109589041095,16.71232876712329
queluz.2019 copy,NO2,2019,18.904109589041095,16.71232876712329
queluz.2019 copy,NOx,2019,18.904109589041095,16.71232876712329
queluz.2019 copy,O3,2019,18.904109589041095,16.71232876712329
queluz.2019 copy,PM10,2019,18.08219178082192,16.164383561643834
queluz.2019 copy,Precipitation,2019,18.904109589041095,16.71232876712329
queluz.2019 copy,SO2,2019,18.904109589041095,16.438356164383563
queluz.2019 copy,WindDirection,2019,18.904109589041095,16.71232876712329
queluz.2019 copy,WindSpeed,2019,18.904109589041095,16.71232876712329
queluz.2019_1,Benzene,2019,18.08219178082192,15.89041095890411
queluz.2019_1,CO,2019,18.08219178082192,16.164383561643834
queluz.2019_1,NO,2019,18.904109589041095,16.71232876712329
queluz.2019_1,NO2,2019,18.904109589041095,16.71232876712329
queluz.2019_1,NOx,2019,18.904109589041095,16.71232876712329
queluz.2019_1,O3,2019,18.904109589041095,16.71232876712329
queluz.2019_1,PM10,2019,18.08219178082192,16.164383561643834
queluz.2019_1,Precipitation,2019,18.904109589041095,16.71232876712329
queluz.2019_1,SO2,2019,18.904109589041095,16.438356164383563
queluz.2019_1,WindDirection,2019,18.904109589041095,16.71232876712329
queluz.2019_1,WindSpeed,2019,18.904109589041095,16.71232876712329
queluz.2021,Benzene,2021,13.972602739726028,12.32876712328767
queluz.2021,CO,2021,13.972602739726028,12.32876712328767
queluz.2021,NO,2021,13.972602739726028,11.780821917808218
queluz.2021,NO2,2021,13.972602739726028,11.780821917808218
queluz.2021,NOx,2021,13.972602739726028,11.780821917808218
queluz.2021,O3,2021,13.972602739726028,12.32876712328767
queluz.2021,Precipitation,2021,13.972602739726028,12.32876712328767
queluz.2021,Radiation,2021,13.972602739726028,12.32876712328767
queluz.2021,SO2,2021,13.972602739726028,12.32876712328767
queluz.2021,WindDirection,2021,13.972602739726028,12.32876712328767
queluz.2021,WindSpeed,2021,13.972602739726028,12.32876712328767
sc_2019,Humidity,2019,100.0,100.0
sc_2019,Precipitation,2019,100.0,100.0
sc_2019,Temperature,2019,100.0,100.0
sc_2019,WindDirection,2019,100.0,100.0
sc_2019,WindSpeed,2019,100.0,100.0
sc_2020,Humidity,2020,100.0,100.0
sc_2020,Precipitation,2020,100.0,100.0
sc_2020,Temperature,2020,100.0,100.0
sc_2020,WindDirection,2020,100.0,100.0
sc_2020,WindSpeed,2020,100.0,100.0
sc_2021,Humidity,2021,99.72602739726027,99.72602739726027
sc_2021,Precipitation,2021,96.98630136986301,96.98630136986301
sc_2021,Temperature,2021,99.72602739726027,99.72602739726027
sc_2021,WindDirection,2021,99.72602739726027,99.72602739726027
sc_2021,WindSpeed,2021,99.72602739726027,99.72602739726027
sc_2022,Humidity,2022,100.0,100.0
sc_2022,Precipitation,2022,40.0,40.0
sc_2022,Temperature,2022,100.0,100.0
sc_2022,WindDirection,2022,100.0,100.0
sc_2022,WindSpeed,2022,100.0,100.0
souselas,Precipitation,2022,100.0,99.72602739726027
souselas,Temperature,2022,100.0,99.72602739726027
souselas,WindDirection,2022,100.0,99.72602739726027
souselas,WindSpeed,2022,100.0,99.72602739726027
telheiro,Benzene,2018,18.63013698630137,16.438356164383563
telheiro,CO,2018,18.904109589041095,16.71232876712329
telheiro,NO,2018,18.63013698630137,16.164383561643834
telheiro,NO2,2018,18.63013698630137,16.164383561643834
telheiro,NOx,2018,18.63013698630137,16.164383561643834
telheiro,PM10,2018,18.904109589041095,16.71232876712329
telheiro,Temperature,2018,18.63013698630137,16.71232876712329
telheiro,WindDirection,2018,18.63013698630137,16.71232876712329
telheiro,WindSpeed,2018,18.63013698630137,16.71232876712329
